ISO-10303-21;
HEADER;
FILE_DESCRIPTION(('Open CASCADE Model'),'2;1');
FILE_NAME('Open CASCADE Shape Model','2026-10-02T07:11:20',('Author'),(
    'Open CASCADE'),'Open CASCADE STEP processor 8.0','build123d',
  'Unknown');
FILE_SCHEMA(('AUTOMOTIVE_DESIGN { 1 0 10303 214 1 1 1 1 }'));
ENDSEC;
DATA;
#1 = APPLICATION_PROTOCOL_DEFINITION('international standard',
  'automotive_design',2000,#2);
#2 = APPLICATION_CONTEXT(
  'core data for automotive mechanical design processes');
#3 = SHAPE_DEFINITION_REPRESENTATION(#4,#10);
#4 = PRODUCT_DEFINITION_SHAPE('','',#5);
#5 = PRODUCT_DEFINITION('design','',#6,#9);
#6 = PRODUCT_DEFINITION_FORMATION('','',#7);
#7 = PRODUCT('COMPOUND','COMPOUND','',(#8));
#8 = PRODUCT_CONTEXT('',#2,'mechanical');
#9 = PRODUCT_DEFINITION_CONTEXT('part definition',#2,'design');
#10 = SHAPE_REPRESENTATION('',(#11,#15,#19,#23,#27,#31,#35,#39,#43,#47),
  #51);
#11 = AXIS2_PLACEMENT_3D('',#12,#13,#14);
#12 = CARTESIAN_POINT('',(0.,0.,0.));
#13 = DIRECTION('',(0.,0.,1.));
#14 = DIRECTION('',(1.,0.,-0.));
#15 = AXIS2_PLACEMENT_3D('',#16,#17,#18);
#16 = CARTESIAN_POINT('',(0.,0.,0.));
#17 = DIRECTION('',(0.,0.,1.));
#18 = DIRECTION('',(1.,0.,-0.));
#19 = AXIS2_PLACEMENT_3D('',#20,#21,#22);
#20 = CARTESIAN_POINT('',(0.,0.,0.));
#21 = DIRECTION('',(0.,0.,1.));
#22 = DIRECTION('',(1.,0.,-0.));
#23 = AXIS2_PLACEMENT_3D('',#24,#25,#26);
#24 = CARTESIAN_POINT('',(0.,0.,0.));
#25 = DIRECTION('',(0.,0.,1.));
#26 = DIRECTION('',(1.,0.,-0.));
#27 = AXIS2_PLACEMENT_3D('',#28,#29,#30);
#28 = CARTESIAN_POINT('',(-72.,0.,21.6));
#29 = DIRECTION('',(0.,0.,1.));
#30 = DIRECTION('',(1.,0.,-0.));
#31 = AXIS2_PLACEMENT_3D('',#32,#33,#34);
#32 = CARTESIAN_POINT('',(0.,0.,0.));
#33 = DIRECTION('',(0.,0.,1.));
#34 = DIRECTION('',(1.,0.,-0.));
#35 = AXIS2_PLACEMENT_3D('',#36,#37,#38);
#36 = CARTESIAN_POINT('',(-105.,0.,15.4));
#37 = DIRECTION('',(0.,0.,1.));
#38 = DIRECTION('',(1.,0.,-0.));
#39 = AXIS2_PLACEMENT_3D('',#40,#41,#42);
#40 = CARTESIAN_POINT('',(0.,0.,0.));
#41 = DIRECTION('',(0.,0.,1.));
#42 = DIRECTION('',(1.,0.,-0.));
#43 = AXIS2_PLACEMENT_3D('',#44,#45,#46);
#44 = CARTESIAN_POINT('',(0.,0.,0.));
#45 = DIRECTION('',(0.,0.,1.));
#46 = DIRECTION('',(1.,0.,-0.));
#47 = AXIS2_PLACEMENT_3D('',#48,#49,#50);
#48 = CARTESIAN_POINT('',(0.,0.,0.));
#49 = DIRECTION('',(0.,0.,1.));
#50 = DIRECTION('',(1.,0.,-0.));
#51 = ( GEOMETRIC_REPRESENTATION_CONTEXT(3) 
GLOBAL_UNCERTAINTY_ASSIGNED_CONTEXT((#55)) GLOBAL_UNIT_ASSIGNED_CONTEXT(
(#52,#53,#54)) REPRESENTATION_CONTEXT('Context #1',
  '3D Context with UNIT and UNCERTAINTY') );
#52 = ( LENGTH_UNIT() NAMED_UNIT(*) SI_UNIT(.MILLI.,.METRE.) );
#53 = ( NAMED_UNIT(*) PLANE_ANGLE_UNIT() SI_UNIT($,.RADIAN.) );
#54 = ( NAMED_UNIT(*) SI_UNIT($,.STERADIAN.) SOLID_ANGLE_UNIT() );
#55 = UNCERTAINTY_MEASURE_WITH_UNIT(LENGTH_MEASURE(1.E-07),#52,
  'distance_accuracy_value','confusion accuracy');
#56 = PRODUCT_RELATED_PRODUCT_CATEGORY('part',$,(#7));
#57 = SHAPE_DEFINITION_REPRESENTATION(#58,#64);
#58 = PRODUCT_DEFINITION_SHAPE('','',#59);
#59 = PRODUCT_DEFINITION('design','',#60,#63);
#60 = PRODUCT_DEFINITION_FORMATION('','',#61);
#61 = PRODUCT('COMPOUND','COMPOUND','',(#62));
#62 = PRODUCT_CONTEXT('',#2,'mechanical');
#63 = PRODUCT_DEFINITION_CONTEXT('part definition',#2,'design');
#64 = ADVANCED_BREP_SHAPE_REPRESENTATION('',(#11,#65),#3371);
#65 = MANIFOLD_SOLID_BREP('',#66);
#66 = CLOSED_SHELL('',(#67,#187,#546,#701,#958,#1337,#1344,#1413,#1460,
    #1507,#1798,#1867,#1914,#1961,#1986,#2040,#2094,#2157,#2184,#2359,
    #2366,#2413,#2420,#2427,#2474,#2501,#2528,#2535,#2562,#2589,#2721,
    #2770,#2865,#2892,#2919,#2946,#3078,#3127,#3222,#3249,#3276,#3303,
    #3310,#3337,#3364));
#67 = ADVANCED_FACE('',(#68),#82,.F.);
#68 = FACE_BOUND('',#69,.F.);
#69 = EDGE_LOOP('',(#70,#105,#133,#161));
#70 = ORIENTED_EDGE('',*,*,#71,.F.);
#71 = EDGE_CURVE('',#72,#74,#76,.T.);
#72 = VERTEX_POINT('',#73);
#73 = CARTESIAN_POINT('',(-118.75,-45.,7.5));
#74 = VERTEX_POINT('',#75);
#75 = CARTESIAN_POINT('',(-118.75,-45.,51.5));
#76 = SURFACE_CURVE('',#77,(#81,#93),.PCURVE_S1.);
#77 = LINE('',#78,#79);
#78 = CARTESIAN_POINT('',(-118.75,-45.,7.5));
#79 = VECTOR('',#80,1.);
#80 = DIRECTION('',(0.,0.,1.));
#81 = PCURVE('',#82,#87);
#82 = PLANE('',#83);
#83 = AXIS2_PLACEMENT_3D('',#84,#85,#86);
#84 = CARTESIAN_POINT('',(-118.75,-45.,7.5));
#85 = DIRECTION('',(1.,0.,-0.));
#86 = DIRECTION('',(0.,0.,1.));
#87 = DEFINITIONAL_REPRESENTATION('',(#88),#92);
#88 = LINE('',#89,#90);
#89 = CARTESIAN_POINT('',(0.,0.));
#90 = VECTOR('',#91,1.);
#91 = DIRECTION('',(1.,0.));
#92 = ( GEOMETRIC_REPRESENTATION_CONTEXT(2) 
PARAMETRIC_REPRESENTATION_CONTEXT() REPRESENTATION_CONTEXT('2D SPACE',''
  ) );
#93 = PCURVE('',#94,#99);
#94 = PLANE('',#95);
#95 = AXIS2_PLACEMENT_3D('',#96,#97,#98);
#96 = CARTESIAN_POINT('',(-118.75,-45.,7.5));
#97 = DIRECTION('',(-0.,1.,0.));
#98 = DIRECTION('',(0.,0.,1.));
#99 = DEFINITIONAL_REPRESENTATION('',(#100),#104);
#100 = LINE('',#101,#102);
#101 = CARTESIAN_POINT('',(0.,0.));
#102 = VECTOR('',#103,1.);
#103 = DIRECTION('',(1.,0.));
#104 = ( GEOMETRIC_REPRESENTATION_CONTEXT(2) 
PARAMETRIC_REPRESENTATION_CONTEXT() REPRESENTATION_CONTEXT('2D SPACE',''
  ) );
#105 = ORIENTED_EDGE('',*,*,#106,.T.);
#106 = EDGE_CURVE('',#72,#107,#109,.T.);
#107 = VERTEX_POINT('',#108);
#108 = CARTESIAN_POINT('',(-118.75,45.,7.5));
#109 = SURFACE_CURVE('',#110,(#114,#121),.PCURVE_S1.);
#110 = LINE('',#111,#112);
#111 = CARTESIAN_POINT('',(-118.75,-45.,7.5));
#112 = VECTOR('',#113,1.);
#113 = DIRECTION('',(-0.,1.,0.));
#114 = PCURVE('',#82,#115);
#115 = DEFINITIONAL_REPRESENTATION('',(#116),#120);
#116 = LINE('',#117,#118);
#117 = CARTESIAN_POINT('',(0.,0.));
#118 = VECTOR('',#119,1.);
#119 = DIRECTION('',(0.,-1.));
#120 = ( GEOMETRIC_REPRESENTATION_CONTEXT(2) 
PARAMETRIC_REPRESENTATION_CONTEXT() REPRESENTATION_CONTEXT('2D SPACE',''
  ) );
#121 = PCURVE('',#122,#127);
#122 = PLANE('',#123);
#123 = AXIS2_PLACEMENT_3D('',#124,#125,#126);
#124 = CARTESIAN_POINT('',(-118.75,-45.,7.5));
#125 = DIRECTION('',(0.,0.,1.));
#126 = DIRECTION('',(1.,0.,-0.));
#127 = DEFINITIONAL_REPRESENTATION('',(#128),#132);
#128 = LINE('',#129,#130);
#129 = CARTESIAN_POINT('',(0.,0.));
#130 = VECTOR('',#131,1.);
#131 = DIRECTION('',(0.,1.));
#132 = ( GEOMETRIC_REPRESENTATION_CONTEXT(2) 
PARAMETRIC_REPRESENTATION_CONTEXT() REPRESENTATION_CONTEXT('2D SPACE',''
  ) );
#133 = ORIENTED_EDGE('',*,*,#134,.T.);
#134 = EDGE_CURVE('',#107,#135,#137,.T.);
#135 = VERTEX_POINT('',#136);
#136 = CARTESIAN_POINT('',(-118.75,45.,51.5));
#137 = SURFACE_CURVE('',#138,(#142,#149),.PCURVE_S1.);
#138 = LINE('',#139,#140);
#139 = CARTESIAN_POINT('',(-118.75,45.,7.5));
#140 = VECTOR('',#141,1.);
#141 = DIRECTION('',(0.,0.,1.));
#142 = PCURVE('',#82,#143);
#143 = DEFINITIONAL_REPRESENTATION('',(#144),#148);
#144 = LINE('',#145,#146);
#145 = CARTESIAN_POINT('',(0.,-90.));
#146 = VECTOR('',#147,1.);
#147 = DIRECTION('',(1.,0.));
#148 = ( GEOMETRIC_REPRESENTATION_CONTEXT(2) 
PARAMETRIC_REPRESENTATION_CONTEXT() REPRESENTATION_CONTEXT('2D SPACE',''
  ) );
#149 = PCURVE('',#150,#155);
#150 = PLANE('',#151);
#151 = AXIS2_PLACEMENT_3D('',#152,#153,#154);
#152 = CARTESIAN_POINT('',(-118.75,45.,7.5));
#153 = DIRECTION('',(-0.,1.,0.));
#154 = DIRECTION('',(0.,0.,1.));
#155 = DEFINITIONAL_REPRESENTATION('',(#156),#160);
#156 = LINE('',#157,#158);
#157 = CARTESIAN_POINT('',(0.,0.));
#158 = VECTOR('',#159,1.);
#159 = DIRECTION('',(1.,0.));
#160 = ( GEOMETRIC_REPRESENTATION_CONTEXT(2) 
PARAMETRIC_REPRESENTATION_CONTEXT() REPRESENTATION_CONTEXT('2D SPACE',''
  ) );
#161 = ORIENTED_EDGE('',*,*,#162,.F.);
#162 = EDGE_CURVE('',#74,#135,#163,.T.);
#163 = SURFACE_CURVE('',#164,(#168,#175),.PCURVE_S1.);
#164 = LINE('',#165,#166);
#165 = CARTESIAN_POINT('',(-118.75,-45.,51.5));
#166 = VECTOR('',#167,1.);
#167 = DIRECTION('',(-0.,1.,0.));
#168 = PCURVE('',#82,#169);
#169 = DEFINITIONAL_REPRESENTATION('',(#170),#174);
#170 = LINE('',#171,#172);
#171 = CARTESIAN_POINT('',(44.,0.));
#172 = VECTOR('',#173,1.);
#173 = DIRECTION('',(0.,-1.));
#174 = ( GEOMETRIC_REPRESENTATION_CONTEXT(2) 
PARAMETRIC_REPRESENTATION_CONTEXT() REPRESENTATION_CONTEXT('2D SPACE',''
  ) );
#175 = PCURVE('',#176,#181);
#176 = PLANE('',#177);
#177 = AXIS2_PLACEMENT_3D('',#178,#179,#180);
#178 = CARTESIAN_POINT('',(-118.75,-45.,51.5));
#179 = DIRECTION('',(0.,0.,1.));
#180 = DIRECTION('',(1.,0.,-0.));
#181 = DEFINITIONAL_REPRESENTATION('',(#182),#186);
#182 = LINE('',#183,#184);
#183 = CARTESIAN_POINT('',(0.,0.));
#184 = VECTOR('',#185,1.);
#185 = DIRECTION('',(0.,1.));
#186 = ( GEOMETRIC_REPRESENTATION_CONTEXT(2) 
PARAMETRIC_REPRESENTATION_CONTEXT() REPRESENTATION_CONTEXT('2D SPACE',''
  ) );
#187 = ADVANCED_FACE('',(#188,#263,#370,#476,#511),#94,.F.);
#188 = FACE_BOUND('',#189,.F.);
#189 = EDGE_LOOP('',(#190,#213,#214,#237));
#190 = ORIENTED_EDGE('',*,*,#191,.F.);
#191 = EDGE_CURVE('',#72,#192,#194,.T.);
#192 = VERTEX_POINT('',#193);
#193 = CARTESIAN_POINT('',(38.75,-45.,7.5));
#194 = SURFACE_CURVE('',#195,(#199,#206),.PCURVE_S1.);
#195 = LINE('',#196,#197);
#196 = CARTESIAN_POINT('',(-118.75,-45.,7.5));
#197 = VECTOR('',#198,1.);
#198 = DIRECTION('',(1.,0.,-0.));
#199 = PCURVE('',#94,#200);
#200 = DEFINITIONAL_REPRESENTATION('',(#201),#205);
#201 = LINE('',#202,#203);
#202 = CARTESIAN_POINT('',(0.,0.));
#203 = VECTOR('',#204,1.);
#204 = DIRECTION('',(0.,1.));
#205 = ( GEOMETRIC_REPRESENTATION_CONTEXT(2) 
PARAMETRIC_REPRESENTATION_CONTEXT() REPRESENTATION_CONTEXT('2D SPACE',''
  ) );
#206 = PCURVE('',#122,#207);
#207 = DEFINITIONAL_REPRESENTATION('',(#208),#212);
#208 = LINE('',#209,#210);
#209 = CARTESIAN_POINT('',(0.,0.));
#210 = VECTOR('',#211,1.);
#211 = DIRECTION('',(1.,0.));
#212 = ( GEOMETRIC_REPRESENTATION_CONTEXT(2) 
PARAMETRIC_REPRESENTATION_CONTEXT() REPRESENTATION_CONTEXT('2D SPACE',''
  ) );
#213 = ORIENTED_EDGE('',*,*,#71,.T.);
#214 = ORIENTED_EDGE('',*,*,#215,.T.);
#215 = EDGE_CURVE('',#74,#216,#218,.T.);
#216 = VERTEX_POINT('',#217);
#217 = CARTESIAN_POINT('',(38.75,-45.,51.5));
#218 = SURFACE_CURVE('',#219,(#223,#230),.PCURVE_S1.);
#219 = LINE('',#220,#221);
#220 = CARTESIAN_POINT('',(-118.75,-45.,51.5));
#221 = VECTOR('',#222,1.);
#222 = DIRECTION('',(1.,0.,-0.));
#223 = PCURVE('',#94,#224);
#224 = DEFINITIONAL_REPRESENTATION('',(#225),#229);
#225 = LINE('',#226,#227);
#226 = CARTESIAN_POINT('',(44.,0.));
#227 = VECTOR('',#228,1.);
#228 = DIRECTION('',(0.,1.));
#229 = ( GEOMETRIC_REPRESENTATION_CONTEXT(2) 
PARAMETRIC_REPRESENTATION_CONTEXT() REPRESENTATION_CONTEXT('2D SPACE',''
  ) );
#230 = PCURVE('',#176,#231);
#231 = DEFINITIONAL_REPRESENTATION('',(#232),#236);
#232 = LINE('',#233,#234);
#233 = CARTESIAN_POINT('',(0.,0.));
#234 = VECTOR('',#235,1.);
#235 = DIRECTION('',(1.,0.));
#236 = ( GEOMETRIC_REPRESENTATION_CONTEXT(2) 
PARAMETRIC_REPRESENTATION_CONTEXT() REPRESENTATION_CONTEXT('2D SPACE',''
  ) );
#237 = ORIENTED_EDGE('',*,*,#238,.F.);
#238 = EDGE_CURVE('',#192,#216,#239,.T.);
#239 = SURFACE_CURVE('',#240,(#244,#251),.PCURVE_S1.);
#240 = LINE('',#241,#242);
#241 = CARTESIAN_POINT('',(38.75,-45.,7.5));
#242 = VECTOR('',#243,1.);
#243 = DIRECTION('',(0.,0.,1.));
#244 = PCURVE('',#94,#245);
#245 = DEFINITIONAL_REPRESENTATION('',(#246),#250);
#246 = LINE('',#247,#248);
#247 = CARTESIAN_POINT('',(0.,157.5));
#248 = VECTOR('',#249,1.);
#249 = DIRECTION('',(1.,0.));
#250 = ( GEOMETRIC_REPRESENTATION_CONTEXT(2) 
PARAMETRIC_REPRESENTATION_CONTEXT() REPRESENTATION_CONTEXT('2D SPACE',''
  ) );
#251 = PCURVE('',#252,#257);
#252 = PLANE('',#253);
#253 = AXIS2_PLACEMENT_3D('',#254,#255,#256);
#254 = CARTESIAN_POINT('',(38.75,-45.,7.5));
#255 = DIRECTION('',(1.,0.,-0.));
#256 = DIRECTION('',(0.,0.,1.));
#257 = DEFINITIONAL_REPRESENTATION('',(#258),#262);
#258 = LINE('',#259,#260);
#259 = CARTESIAN_POINT('',(0.,0.));
#260 = VECTOR('',#261,1.);
#261 = DIRECTION('',(1.,0.));
#262 = ( GEOMETRIC_REPRESENTATION_CONTEXT(2) 
PARAMETRIC_REPRESENTATION_CONTEXT() REPRESENTATION_CONTEXT('2D SPACE',''
  ) );
#263 = FACE_BOUND('',#264,.F.);
#264 = EDGE_LOOP('',(#265,#293,#319,#346));
#265 = ORIENTED_EDGE('',*,*,#266,.F.);
#266 = EDGE_CURVE('',#267,#269,#271,.T.);
#267 = VERTEX_POINT('',#268);
#268 = CARTESIAN_POINT('',(-92.,-45.,14.));
#269 = VERTEX_POINT('',#270);
#270 = CARTESIAN_POINT('',(-52.,-45.,14.));
#271 = SURFACE_CURVE('',#272,(#276,#282),.PCURVE_S1.);
#272 = LINE('',#273,#274);
#273 = CARTESIAN_POINT('',(-105.375,-45.,14.));
#274 = VECTOR('',#275,1.);
#275 = DIRECTION('',(1.,0.,-0.));
#276 = PCURVE('',#94,#277);
#277 = DEFINITIONAL_REPRESENTATION('',(#278),#281);
#278 = B_SPLINE_CURVE_WITH_KNOTS('',1,(#279,#280),.UNSPECIFIED.,.F.,.F.,
  (2,2),(13.375,53.375),.PIECEWISE_BEZIER_KNOTS.);
#279 = CARTESIAN_POINT('',(6.5,26.75));
#280 = CARTESIAN_POINT('',(6.5,66.75));
#281 = ( GEOMETRIC_REPRESENTATION_CONTEXT(2) 
PARAMETRIC_REPRESENTATION_CONTEXT() REPRESENTATION_CONTEXT('2D SPACE',''
  ) );
#282 = PCURVE('',#283,#288);
#283 = PLANE('',#284);
#284 = AXIS2_PLACEMENT_3D('',#285,#286,#287);
#285 = CARTESIAN_POINT('',(-92.,-46.,14.));
#286 = DIRECTION('',(0.,0.,1.));
#287 = DIRECTION('',(1.,0.,-0.));
#288 = DEFINITIONAL_REPRESENTATION('',(#289),#292);
#289 = B_SPLINE_CURVE_WITH_KNOTS('',1,(#290,#291),.UNSPECIFIED.,.F.,.F.,
  (2,2),(13.375,53.375),.PIECEWISE_BEZIER_KNOTS.);
#290 = CARTESIAN_POINT('',(0.,1.));
#291 = CARTESIAN_POINT('',(40.,1.));
#292 = ( GEOMETRIC_REPRESENTATION_CONTEXT(2) 
PARAMETRIC_REPRESENTATION_CONTEXT() REPRESENTATION_CONTEXT('2D SPACE',''
  ) );
#293 = ORIENTED_EDGE('',*,*,#294,.T.);
#294 = EDGE_CURVE('',#267,#295,#297,.T.);
#295 = VERTEX_POINT('',#296);
#296 = CARTESIAN_POINT('',(-92.,-45.,10.));
#297 = SURFACE_CURVE('',#298,(#302,#308),.PCURVE_S1.);
#298 = LINE('',#299,#300);
#299 = CARTESIAN_POINT('',(-92.,-45.,8.75));
#300 = VECTOR('',#301,1.);
#301 = DIRECTION('',(-0.,0.,-1.));
#302 = PCURVE('',#94,#303);
#303 = DEFINITIONAL_REPRESENTATION('',(#304),#307);
#304 = B_SPLINE_CURVE_WITH_KNOTS('',1,(#305,#306),.UNSPECIFIED.,.F.,.F.,
  (2,2),(-5.25,-1.25),.PIECEWISE_BEZIER_KNOTS.);
#305 = CARTESIAN_POINT('',(6.5,26.75));
#306 = CARTESIAN_POINT('',(2.5,26.75));
#307 = ( GEOMETRIC_REPRESENTATION_CONTEXT(2) 
PARAMETRIC_REPRESENTATION_CONTEXT() REPRESENTATION_CONTEXT('2D SPACE',''
  ) );
#308 = PCURVE('',#309,#314);
#309 = PLANE('',#310);
#310 = AXIS2_PLACEMENT_3D('',#311,#312,#313);
#311 = CARTESIAN_POINT('',(-92.,-46.,10.));
#312 = DIRECTION('',(1.,0.,-0.));
#313 = DIRECTION('',(0.,0.,1.));
#314 = DEFINITIONAL_REPRESENTATION('',(#315),#318);
#315 = B_SPLINE_CURVE_WITH_KNOTS('',1,(#316,#317),.UNSPECIFIED.,.F.,.F.,
  (2,2),(-5.25,-1.25),.PIECEWISE_BEZIER_KNOTS.);
#316 = CARTESIAN_POINT('',(4.,-1.));
#317 = CARTESIAN_POINT('',(0.,-1.));
#318 = ( GEOMETRIC_REPRESENTATION_CONTEXT(2) 
PARAMETRIC_REPRESENTATION_CONTEXT() REPRESENTATION_CONTEXT('2D SPACE',''
  ) );
#319 = ORIENTED_EDGE('',*,*,#320,.T.);
#320 = EDGE_CURVE('',#295,#321,#323,.T.);
#321 = VERTEX_POINT('',#322);
#322 = CARTESIAN_POINT('',(-52.,-45.,10.));
#323 = SURFACE_CURVE('',#324,(#328,#334),.PCURVE_S1.);
#324 = LINE('',#325,#326);
#325 = CARTESIAN_POINT('',(-105.375,-45.,10.));
#326 = VECTOR('',#327,1.);
#327 = DIRECTION('',(1.,0.,-0.));
#328 = PCURVE('',#94,#329);
#329 = DEFINITIONAL_REPRESENTATION('',(#330),#333);
#330 = B_SPLINE_CURVE_WITH_KNOTS('',1,(#331,#332),.UNSPECIFIED.,.F.,.F.,
  (2,2),(13.375,53.375),.PIECEWISE_BEZIER_KNOTS.);
#331 = CARTESIAN_POINT('',(2.5,26.75));
#332 = CARTESIAN_POINT('',(2.5,66.75));
#333 = ( GEOMETRIC_REPRESENTATION_CONTEXT(2) 
PARAMETRIC_REPRESENTATION_CONTEXT() REPRESENTATION_CONTEXT('2D SPACE',''
  ) );
#334 = PCURVE('',#335,#340);
#335 = PLANE('',#336);
#336 = AXIS2_PLACEMENT_3D('',#337,#338,#339);
#337 = CARTESIAN_POINT('',(-92.,-46.,10.));
#338 = DIRECTION('',(0.,0.,1.));
#339 = DIRECTION('',(1.,0.,-0.));
#340 = DEFINITIONAL_REPRESENTATION('',(#341),#345);
#341 = LINE('',#342,#343);
#342 = CARTESIAN_POINT('',(-13.375,1.));
#343 = VECTOR('',#344,1.);
#344 = DIRECTION('',(1.,0.));
#345 = ( GEOMETRIC_REPRESENTATION_CONTEXT(2) 
PARAMETRIC_REPRESENTATION_CONTEXT() REPRESENTATION_CONTEXT('2D SPACE',''
  ) );
#346 = ORIENTED_EDGE('',*,*,#347,.F.);
#347 = EDGE_CURVE('',#269,#321,#348,.T.);
#348 = SURFACE_CURVE('',#349,(#353,#359),.PCURVE_S1.);
#349 = LINE('',#350,#351);
#350 = CARTESIAN_POINT('',(-52.,-45.,8.75));
#351 = VECTOR('',#352,1.);
#352 = DIRECTION('',(-0.,0.,-1.));
#353 = PCURVE('',#94,#354);
#354 = DEFINITIONAL_REPRESENTATION('',(#355),#358);
#355 = B_SPLINE_CURVE_WITH_KNOTS('',1,(#356,#357),.UNSPECIFIED.,.F.,.F.,
  (2,2),(-5.25,-1.25),.PIECEWISE_BEZIER_KNOTS.);
#356 = CARTESIAN_POINT('',(6.5,66.75));
#357 = CARTESIAN_POINT('',(2.5,66.75));
#358 = ( GEOMETRIC_REPRESENTATION_CONTEXT(2) 
PARAMETRIC_REPRESENTATION_CONTEXT() REPRESENTATION_CONTEXT('2D SPACE',''
  ) );
#359 = PCURVE('',#360,#365);
#360 = PLANE('',#361);
#361 = AXIS2_PLACEMENT_3D('',#362,#363,#364);
#362 = CARTESIAN_POINT('',(-52.,-46.,10.));
#363 = DIRECTION('',(1.,0.,-0.));
#364 = DIRECTION('',(0.,0.,1.));
#365 = DEFINITIONAL_REPRESENTATION('',(#366),#369);
#366 = B_SPLINE_CURVE_WITH_KNOTS('',1,(#367,#368),.UNSPECIFIED.,.F.,.F.,
  (2,2),(-5.25,-1.25),.PIECEWISE_BEZIER_KNOTS.);
#367 = CARTESIAN_POINT('',(4.,-1.));
#368 = CARTESIAN_POINT('',(0.,-1.));
#369 = ( GEOMETRIC_REPRESENTATION_CONTEXT(2) 
PARAMETRIC_REPRESENTATION_CONTEXT() REPRESENTATION_CONTEXT('2D SPACE',''
  ) );
#370 = FACE_BOUND('',#371,.F.);
#371 = EDGE_LOOP('',(#372,#400,#426,#452));
#372 = ORIENTED_EDGE('',*,*,#373,.F.);
#373 = EDGE_CURVE('',#374,#376,#378,.T.);
#374 = VERTEX_POINT('',#375);
#375 = CARTESIAN_POINT('',(-92.,-45.,21.));
#376 = VERTEX_POINT('',#377);
#377 = CARTESIAN_POINT('',(-52.,-45.,21.));
#378 = SURFACE_CURVE('',#379,(#383,#389),.PCURVE_S1.);
#379 = LINE('',#380,#381);
#380 = CARTESIAN_POINT('',(-105.375,-45.,21.));
#381 = VECTOR('',#382,1.);
#382 = DIRECTION('',(1.,0.,-0.));
#383 = PCURVE('',#94,#384);
#384 = DEFINITIONAL_REPRESENTATION('',(#385),#388);
#385 = B_SPLINE_CURVE_WITH_KNOTS('',1,(#386,#387),.UNSPECIFIED.,.F.,.F.,
  (2,2),(13.375,53.375),.PIECEWISE_BEZIER_KNOTS.);
#386 = CARTESIAN_POINT('',(13.5,26.75));
#387 = CARTESIAN_POINT('',(13.5,66.75));
#388 = ( GEOMETRIC_REPRESENTATION_CONTEXT(2) 
PARAMETRIC_REPRESENTATION_CONTEXT() REPRESENTATION_CONTEXT('2D SPACE',''
  ) );
#389 = PCURVE('',#390,#395);
#390 = PLANE('',#391);
#391 = AXIS2_PLACEMENT_3D('',#392,#393,#394);
#392 = CARTESIAN_POINT('',(-92.,-46.,21.));
#393 = DIRECTION('',(0.,0.,1.));
#394 = DIRECTION('',(1.,0.,-0.));
#395 = DEFINITIONAL_REPRESENTATION('',(#396),#399);
#396 = B_SPLINE_CURVE_WITH_KNOTS('',1,(#397,#398),.UNSPECIFIED.,.F.,.F.,
  (2,2),(13.375,53.375),.PIECEWISE_BEZIER_KNOTS.);
#397 = CARTESIAN_POINT('',(0.,1.));
#398 = CARTESIAN_POINT('',(40.,1.));
#399 = ( GEOMETRIC_REPRESENTATION_CONTEXT(2) 
PARAMETRIC_REPRESENTATION_CONTEXT() REPRESENTATION_CONTEXT('2D SPACE',''
  ) );
#400 = ORIENTED_EDGE('',*,*,#401,.T.);
#401 = EDGE_CURVE('',#374,#402,#404,.T.);
#402 = VERTEX_POINT('',#403);
#403 = CARTESIAN_POINT('',(-92.,-45.,17.));
#404 = SURFACE_CURVE('',#405,(#409,#415),.PCURVE_S1.);
#405 = LINE('',#406,#407);
#406 = CARTESIAN_POINT('',(-92.,-45.,12.25));
#407 = VECTOR('',#408,1.);
#408 = DIRECTION('',(-0.,0.,-1.));
#409 = PCURVE('',#94,#410);
#410 = DEFINITIONAL_REPRESENTATION('',(#411),#414);
#411 = B_SPLINE_CURVE_WITH_KNOTS('',1,(#412,#413),.UNSPECIFIED.,.F.,.F.,
  (2,2),(-8.75,-4.75),.PIECEWISE_BEZIER_KNOTS.);
#412 = CARTESIAN_POINT('',(13.5,26.75));
#413 = CARTESIAN_POINT('',(9.5,26.75));
#414 = ( GEOMETRIC_REPRESENTATION_CONTEXT(2) 
PARAMETRIC_REPRESENTATION_CONTEXT() REPRESENTATION_CONTEXT('2D SPACE',''
  ) );
#415 = PCURVE('',#416,#421);
#416 = PLANE('',#417);
#417 = AXIS2_PLACEMENT_3D('',#418,#419,#420);
#418 = CARTESIAN_POINT('',(-92.,-46.,17.));
#419 = DIRECTION('',(1.,0.,-0.));
#420 = DIRECTION('',(0.,0.,1.));
#421 = DEFINITIONAL_REPRESENTATION('',(#422),#425);
#422 = B_SPLINE_CURVE_WITH_KNOTS('',1,(#423,#424),.UNSPECIFIED.,.F.,.F.,
  (2,2),(-8.75,-4.75),.PIECEWISE_BEZIER_KNOTS.);
#423 = CARTESIAN_POINT('',(4.,-1.));
#424 = CARTESIAN_POINT('',(0.,-1.));
#425 = ( GEOMETRIC_REPRESENTATION_CONTEXT(2) 
PARAMETRIC_REPRESENTATION_CONTEXT() REPRESENTATION_CONTEXT('2D SPACE',''
  ) );
#426 = ORIENTED_EDGE('',*,*,#427,.T.);
#427 = EDGE_CURVE('',#402,#428,#430,.T.);
#428 = VERTEX_POINT('',#429);
#429 = CARTESIAN_POINT('',(-52.,-45.,17.));
#430 = SURFACE_CURVE('',#431,(#435,#441),.PCURVE_S1.);
#431 = LINE('',#432,#433);
#432 = CARTESIAN_POINT('',(-105.375,-45.,17.));
#433 = VECTOR('',#434,1.);
#434 = DIRECTION('',(1.,0.,-0.));
#435 = PCURVE('',#94,#436);
#436 = DEFINITIONAL_REPRESENTATION('',(#437),#440);
#437 = B_SPLINE_CURVE_WITH_KNOTS('',1,(#438,#439),.UNSPECIFIED.,.F.,.F.,
  (2,2),(13.375,53.375),.PIECEWISE_BEZIER_KNOTS.);
#438 = CARTESIAN_POINT('',(9.5,26.75));
#439 = CARTESIAN_POINT('',(9.5,66.75));
#440 = ( GEOMETRIC_REPRESENTATION_CONTEXT(2) 
PARAMETRIC_REPRESENTATION_CONTEXT() REPRESENTATION_CONTEXT('2D SPACE',''
  ) );
#441 = PCURVE('',#442,#447);
#442 = PLANE('',#443);
#443 = AXIS2_PLACEMENT_3D('',#444,#445,#446);
#444 = CARTESIAN_POINT('',(-92.,-46.,17.));
#445 = DIRECTION('',(0.,0.,1.));
#446 = DIRECTION('',(1.,0.,-0.));
#447 = DEFINITIONAL_REPRESENTATION('',(#448),#451);
#448 = B_SPLINE_CURVE_WITH_KNOTS('',1,(#449,#450),.UNSPECIFIED.,.F.,.F.,
  (2,2),(13.375,53.375),.PIECEWISE_BEZIER_KNOTS.);
#449 = CARTESIAN_POINT('',(0.,1.));
#450 = CARTESIAN_POINT('',(40.,1.));
#451 = ( GEOMETRIC_REPRESENTATION_CONTEXT(2) 
PARAMETRIC_REPRESENTATION_CONTEXT() REPRESENTATION_CONTEXT('2D SPACE',''
  ) );
#452 = ORIENTED_EDGE('',*,*,#453,.F.);
#453 = EDGE_CURVE('',#376,#428,#454,.T.);
#454 = SURFACE_CURVE('',#455,(#459,#465),.PCURVE_S1.);
#455 = LINE('',#456,#457);
#456 = CARTESIAN_POINT('',(-52.,-45.,12.25));
#457 = VECTOR('',#458,1.);
#458 = DIRECTION('',(-0.,0.,-1.));
#459 = PCURVE('',#94,#460);
#460 = DEFINITIONAL_REPRESENTATION('',(#461),#464);
#461 = B_SPLINE_CURVE_WITH_KNOTS('',1,(#462,#463),.UNSPECIFIED.,.F.,.F.,
  (2,2),(-8.75,-4.75),.PIECEWISE_BEZIER_KNOTS.);
#462 = CARTESIAN_POINT('',(13.5,66.75));
#463 = CARTESIAN_POINT('',(9.5,66.75));
#464 = ( GEOMETRIC_REPRESENTATION_CONTEXT(2) 
PARAMETRIC_REPRESENTATION_CONTEXT() REPRESENTATION_CONTEXT('2D SPACE',''
  ) );
#465 = PCURVE('',#466,#471);
#466 = PLANE('',#467);
#467 = AXIS2_PLACEMENT_3D('',#468,#469,#470);
#468 = CARTESIAN_POINT('',(-52.,-46.,17.));
#469 = DIRECTION('',(1.,0.,-0.));
#470 = DIRECTION('',(0.,0.,1.));
#471 = DEFINITIONAL_REPRESENTATION('',(#472),#475);
#472 = B_SPLINE_CURVE_WITH_KNOTS('',1,(#473,#474),.UNSPECIFIED.,.F.,.F.,
  (2,2),(-8.75,-4.75),.PIECEWISE_BEZIER_KNOTS.);
#473 = CARTESIAN_POINT('',(4.,-1.));
#474 = CARTESIAN_POINT('',(0.,-1.));
#475 = ( GEOMETRIC_REPRESENTATION_CONTEXT(2) 
PARAMETRIC_REPRESENTATION_CONTEXT() REPRESENTATION_CONTEXT('2D SPACE',''
  ) );
#476 = FACE_BOUND('',#477,.F.);
#477 = EDGE_LOOP('',(#478));
#478 = ORIENTED_EDGE('',*,*,#479,.T.);
#479 = EDGE_CURVE('',#480,#480,#482,.T.);
#480 = VERTEX_POINT('',#481);
#481 = CARTESIAN_POINT('',(-13.9,-45.,33.5));
#482 = SURFACE_CURVE('',#483,(#488,#499),.PCURVE_S1.);
#483 = CIRCLE('',#484,6.1);
#484 = AXIS2_PLACEMENT_3D('',#485,#486,#487);
#485 = CARTESIAN_POINT('',(-20.,-45.,33.5));
#486 = DIRECTION('',(0.,-1.,2.22044604925E-16));
#487 = DIRECTION('',(1.,0.,0.));
#488 = PCURVE('',#94,#489);
#489 = DEFINITIONAL_REPRESENTATION('',(#490),#498);
#490 = ( BOUNDED_CURVE() B_SPLINE_CURVE(2,(#491,#492,#493,#494,#495,#496
,#497),.UNSPECIFIED.,.T.,.F.) B_SPLINE_CURVE_WITH_KNOTS((1,2,2,2,2,1),(
    -2.094395102393,0.,2.094395102393,4.188790204786,6.28318530718,
8.377580409573),.UNSPECIFIED.) CURVE() GEOMETRIC_REPRESENTATION_ITEM() 
RATIONAL_B_SPLINE_CURVE((1.,0.5,1.,0.5,1.,0.5,1.)) REPRESENTATION_ITEM(
  '') );
#491 = CARTESIAN_POINT('',(26.,104.85));
#492 = CARTESIAN_POINT('',(36.56550992617,104.85));
#493 = CARTESIAN_POINT('',(31.282754963085,95.7));
#494 = CARTESIAN_POINT('',(26.,86.55));
#495 = CARTESIAN_POINT('',(20.717245036915,95.7));
#496 = CARTESIAN_POINT('',(15.43449007383,104.85));
#497 = CARTESIAN_POINT('',(26.,104.85));
#498 = ( GEOMETRIC_REPRESENTATION_CONTEXT(2) 
PARAMETRIC_REPRESENTATION_CONTEXT() REPRESENTATION_CONTEXT('2D SPACE',''
  ) );
#499 = PCURVE('',#500,#505);
#500 = CYLINDRICAL_SURFACE('',#501,6.1);
#501 = AXIS2_PLACEMENT_3D('',#502,#503,#504);
#502 = CARTESIAN_POINT('',(-20.,-41.5,33.5));
#503 = DIRECTION('',(0.,-1.,2.22044604925E-16));
#504 = DIRECTION('',(1.,0.,0.));
#505 = DEFINITIONAL_REPRESENTATION('',(#506),#510);
#506 = LINE('',#507,#508);
#507 = CARTESIAN_POINT('',(0.,3.5));
#508 = VECTOR('',#509,1.);
#509 = DIRECTION('',(1.,0.));
#510 = ( GEOMETRIC_REPRESENTATION_CONTEXT(2) 
PARAMETRIC_REPRESENTATION_CONTEXT() REPRESENTATION_CONTEXT('2D SPACE',''
  ) );
#511 = FACE_BOUND('',#512,.F.);
#512 = EDGE_LOOP('',(#513));
#513 = ORIENTED_EDGE('',*,*,#514,.T.);
#514 = EDGE_CURVE('',#515,#515,#517,.T.);
#515 = VERTEX_POINT('',#516);
#516 = CARTESIAN_POINT('',(20.,-45.,33.5));
#517 = SURFACE_CURVE('',#518,(#523,#534),.PCURVE_S1.);
#518 = CIRCLE('',#519,10.);
#519 = AXIS2_PLACEMENT_3D('',#520,#521,#522);
#520 = CARTESIAN_POINT('',(10.,-45.,33.5));
#521 = DIRECTION('',(0.,-1.,2.22044604925E-16));
#522 = DIRECTION('',(1.,0.,0.));
#523 = PCURVE('',#94,#524);
#524 = DEFINITIONAL_REPRESENTATION('',(#525),#533);
#525 = ( BOUNDED_CURVE() B_SPLINE_CURVE(2,(#526,#527,#528,#529,#530,#531
,#532),.UNSPECIFIED.,.T.,.F.) B_SPLINE_CURVE_WITH_KNOTS((1,2,2,2,2,1),(
    -2.094395102393,0.,2.094395102393,4.188790204786,6.28318530718,
8.377580409573),.UNSPECIFIED.) CURVE() GEOMETRIC_REPRESENTATION_ITEM() 
RATIONAL_B_SPLINE_CURVE((1.,0.5,1.,0.5,1.,0.5,1.)) REPRESENTATION_ITEM(
  '') );
#526 = CARTESIAN_POINT('',(26.,138.75));
#527 = CARTESIAN_POINT('',(43.320508075689,138.75));
#528 = CARTESIAN_POINT('',(34.660254037844,123.75));
#529 = CARTESIAN_POINT('',(26.,108.75));
#530 = CARTESIAN_POINT('',(17.339745962156,123.75));
#531 = CARTESIAN_POINT('',(8.679491924311,138.75));
#532 = CARTESIAN_POINT('',(26.,138.75));
#533 = ( GEOMETRIC_REPRESENTATION_CONTEXT(2) 
PARAMETRIC_REPRESENTATION_CONTEXT() REPRESENTATION_CONTEXT('2D SPACE',''
  ) );
#534 = PCURVE('',#535,#540);
#535 = CYLINDRICAL_SURFACE('',#536,10.);
#536 = AXIS2_PLACEMENT_3D('',#537,#538,#539);
#537 = CARTESIAN_POINT('',(10.,-41.5,33.5));
#538 = DIRECTION('',(0.,-1.,2.22044604925E-16));
#539 = DIRECTION('',(1.,0.,0.));
#540 = DEFINITIONAL_REPRESENTATION('',(#541),#545);
#541 = LINE('',#542,#543);
#542 = CARTESIAN_POINT('',(0.,3.5));
#543 = VECTOR('',#544,1.);
#544 = DIRECTION('',(1.,0.));
#545 = ( GEOMETRIC_REPRESENTATION_CONTEXT(2) 
PARAMETRIC_REPRESENTATION_CONTEXT() REPRESENTATION_CONTEXT('2D SPACE',''
  ) );
#546 = ADVANCED_FACE('',(#547,#595),#176,.T.);
#547 = FACE_BOUND('',#548,.T.);
#548 = EDGE_LOOP('',(#549,#550,#551,#574));
#549 = ORIENTED_EDGE('',*,*,#162,.F.);
#550 = ORIENTED_EDGE('',*,*,#215,.T.);
#551 = ORIENTED_EDGE('',*,*,#552,.T.);
#552 = EDGE_CURVE('',#216,#553,#555,.T.);
#553 = VERTEX_POINT('',#554);
#554 = CARTESIAN_POINT('',(38.75,45.,51.5));
#555 = SURFACE_CURVE('',#556,(#560,#567),.PCURVE_S1.);
#556 = LINE('',#557,#558);
#557 = CARTESIAN_POINT('',(38.75,-45.,51.5));
#558 = VECTOR('',#559,1.);
#559 = DIRECTION('',(-0.,1.,0.));
#560 = PCURVE('',#176,#561);
#561 = DEFINITIONAL_REPRESENTATION('',(#562),#566);
#562 = LINE('',#563,#564);
#563 = CARTESIAN_POINT('',(157.5,0.));
#564 = VECTOR('',#565,1.);
#565 = DIRECTION('',(0.,1.));
#566 = ( GEOMETRIC_REPRESENTATION_CONTEXT(2) 
PARAMETRIC_REPRESENTATION_CONTEXT() REPRESENTATION_CONTEXT('2D SPACE',''
  ) );
#567 = PCURVE('',#252,#568);
#568 = DEFINITIONAL_REPRESENTATION('',(#569),#573);
#569 = LINE('',#570,#571);
#570 = CARTESIAN_POINT('',(44.,0.));
#571 = VECTOR('',#572,1.);
#572 = DIRECTION('',(0.,-1.));
#573 = ( GEOMETRIC_REPRESENTATION_CONTEXT(2) 
PARAMETRIC_REPRESENTATION_CONTEXT() REPRESENTATION_CONTEXT('2D SPACE',''
  ) );
#574 = ORIENTED_EDGE('',*,*,#575,.F.);
#575 = EDGE_CURVE('',#135,#553,#576,.T.);
#576 = SURFACE_CURVE('',#577,(#581,#588),.PCURVE_S1.);
#577 = LINE('',#578,#579);
#578 = CARTESIAN_POINT('',(-118.75,45.,51.5));
#579 = VECTOR('',#580,1.);
#580 = DIRECTION('',(1.,0.,-0.));
#581 = PCURVE('',#176,#582);
#582 = DEFINITIONAL_REPRESENTATION('',(#583),#587);
#583 = LINE('',#584,#585);
#584 = CARTESIAN_POINT('',(0.,90.));
#585 = VECTOR('',#586,1.);
#586 = DIRECTION('',(1.,0.));
#587 = ( GEOMETRIC_REPRESENTATION_CONTEXT(2) 
PARAMETRIC_REPRESENTATION_CONTEXT() REPRESENTATION_CONTEXT('2D SPACE',''
  ) );
#588 = PCURVE('',#150,#589);
#589 = DEFINITIONAL_REPRESENTATION('',(#590),#594);
#590 = LINE('',#591,#592);
#591 = CARTESIAN_POINT('',(44.,0.));
#592 = VECTOR('',#593,1.);
#593 = DIRECTION('',(0.,1.));
#594 = ( GEOMETRIC_REPRESENTATION_CONTEXT(2) 
PARAMETRIC_REPRESENTATION_CONTEXT() REPRESENTATION_CONTEXT('2D SPACE',''
  ) );
#595 = FACE_BOUND('',#596,.T.);
#596 = EDGE_LOOP('',(#597,#625,#651,#677));
#597 = ORIENTED_EDGE('',*,*,#598,.T.);
#598 = EDGE_CURVE('',#599,#601,#603,.T.);
#599 = VERTEX_POINT('',#600);
#600 = CARTESIAN_POINT('',(36.25,-42.5,51.5));
#601 = VERTEX_POINT('',#602);
#602 = CARTESIAN_POINT('',(-116.25,-42.5,51.5));
#603 = SURFACE_CURVE('',#604,(#608,#614),.PCURVE_S1.);
#604 = LINE('',#605,#606);
#605 = CARTESIAN_POINT('',(-117.5,-42.5,51.5));
#606 = VECTOR('',#607,1.);
#607 = DIRECTION('',(-1.,-0.,0.));
#608 = PCURVE('',#176,#609);
#609 = DEFINITIONAL_REPRESENTATION('',(#610),#613);
#610 = B_SPLINE_CURVE_WITH_KNOTS('',1,(#611,#612),.UNSPECIFIED.,.F.,.F.,
  (2,2),(-153.75,-1.25),.PIECEWISE_BEZIER_KNOTS.);
#611 = CARTESIAN_POINT('',(155.,2.5));
#612 = CARTESIAN_POINT('',(2.5,2.5));
#613 = ( GEOMETRIC_REPRESENTATION_CONTEXT(2) 
PARAMETRIC_REPRESENTATION_CONTEXT() REPRESENTATION_CONTEXT('2D SPACE',''
  ) );
#614 = PCURVE('',#615,#620);
#615 = PLANE('',#616);
#616 = AXIS2_PLACEMENT_3D('',#617,#618,#619);
#617 = CARTESIAN_POINT('',(-116.25,-42.5,10.));
#618 = DIRECTION('',(-0.,1.,0.));
#619 = DIRECTION('',(0.,0.,1.));
#620 = DEFINITIONAL_REPRESENTATION('',(#621),#624);
#621 = B_SPLINE_CURVE_WITH_KNOTS('',1,(#622,#623),.UNSPECIFIED.,.F.,.F.,
  (2,2),(-153.75,-1.25),.PIECEWISE_BEZIER_KNOTS.);
#622 = CARTESIAN_POINT('',(41.5,152.5));
#623 = CARTESIAN_POINT('',(41.5,0.));
#624 = ( GEOMETRIC_REPRESENTATION_CONTEXT(2) 
PARAMETRIC_REPRESENTATION_CONTEXT() REPRESENTATION_CONTEXT('2D SPACE',''
  ) );
#625 = ORIENTED_EDGE('',*,*,#626,.T.);
#626 = EDGE_CURVE('',#601,#627,#629,.T.);
#627 = VERTEX_POINT('',#628);
#628 = CARTESIAN_POINT('',(-116.25,42.5,51.5));
#629 = SURFACE_CURVE('',#630,(#634,#640),.PCURVE_S1.);
#630 = LINE('',#631,#632);
#631 = CARTESIAN_POINT('',(-116.25,-43.75,51.5));
#632 = VECTOR('',#633,1.);
#633 = DIRECTION('',(-0.,1.,0.));
#634 = PCURVE('',#176,#635);
#635 = DEFINITIONAL_REPRESENTATION('',(#636),#639);
#636 = B_SPLINE_CURVE_WITH_KNOTS('',1,(#637,#638),.UNSPECIFIED.,.F.,.F.,
  (2,2),(1.25,86.25),.PIECEWISE_BEZIER_KNOTS.);
#637 = CARTESIAN_POINT('',(2.5,2.5));
#638 = CARTESIAN_POINT('',(2.5,87.5));
#639 = ( GEOMETRIC_REPRESENTATION_CONTEXT(2) 
PARAMETRIC_REPRESENTATION_CONTEXT() REPRESENTATION_CONTEXT('2D SPACE',''
  ) );
#640 = PCURVE('',#641,#646);
#641 = PLANE('',#642);
#642 = AXIS2_PLACEMENT_3D('',#643,#644,#645);
#643 = CARTESIAN_POINT('',(-116.25,-42.5,10.));
#644 = DIRECTION('',(1.,0.,-0.));
#645 = DIRECTION('',(0.,0.,1.));
#646 = DEFINITIONAL_REPRESENTATION('',(#647),#650);
#647 = B_SPLINE_CURVE_WITH_KNOTS('',1,(#648,#649),.UNSPECIFIED.,.F.,.F.,
  (2,2),(1.25,86.25),.PIECEWISE_BEZIER_KNOTS.);
#648 = CARTESIAN_POINT('',(41.5,0.));
#649 = CARTESIAN_POINT('',(41.5,-85.));
#650 = ( GEOMETRIC_REPRESENTATION_CONTEXT(2) 
PARAMETRIC_REPRESENTATION_CONTEXT() REPRESENTATION_CONTEXT('2D SPACE',''
  ) );
#651 = ORIENTED_EDGE('',*,*,#652,.F.);
#652 = EDGE_CURVE('',#653,#627,#655,.T.);
#653 = VERTEX_POINT('',#654);
#654 = CARTESIAN_POINT('',(36.25,42.5,51.5));
#655 = SURFACE_CURVE('',#656,(#660,#666),.PCURVE_S1.);
#656 = LINE('',#657,#658);
#657 = CARTESIAN_POINT('',(-117.5,42.5,51.5));
#658 = VECTOR('',#659,1.);
#659 = DIRECTION('',(-1.,-0.,0.));
#660 = PCURVE('',#176,#661);
#661 = DEFINITIONAL_REPRESENTATION('',(#662),#665);
#662 = B_SPLINE_CURVE_WITH_KNOTS('',1,(#663,#664),.UNSPECIFIED.,.F.,.F.,
  (2,2),(-153.75,-1.25),.PIECEWISE_BEZIER_KNOTS.);
#663 = CARTESIAN_POINT('',(155.,87.5));
#664 = CARTESIAN_POINT('',(2.5,87.5));
#665 = ( GEOMETRIC_REPRESENTATION_CONTEXT(2) 
PARAMETRIC_REPRESENTATION_CONTEXT() REPRESENTATION_CONTEXT('2D SPACE',''
  ) );
#666 = PCURVE('',#667,#672);
#667 = PLANE('',#668);
#668 = AXIS2_PLACEMENT_3D('',#669,#670,#671);
#669 = CARTESIAN_POINT('',(-116.25,42.5,10.));
#670 = DIRECTION('',(-0.,1.,0.));
#671 = DIRECTION('',(0.,0.,1.));
#672 = DEFINITIONAL_REPRESENTATION('',(#673),#676);
#673 = B_SPLINE_CURVE_WITH_KNOTS('',1,(#674,#675),.UNSPECIFIED.,.F.,.F.,
  (2,2),(-153.75,-1.25),.PIECEWISE_BEZIER_KNOTS.);
#674 = CARTESIAN_POINT('',(41.5,152.5));
#675 = CARTESIAN_POINT('',(41.5,0.));
#676 = ( GEOMETRIC_REPRESENTATION_CONTEXT(2) 
PARAMETRIC_REPRESENTATION_CONTEXT() REPRESENTATION_CONTEXT('2D SPACE',''
  ) );
#677 = ORIENTED_EDGE('',*,*,#678,.F.);
#678 = EDGE_CURVE('',#599,#653,#679,.T.);
#679 = SURFACE_CURVE('',#680,(#684,#690),.PCURVE_S1.);
#680 = LINE('',#681,#682);
#681 = CARTESIAN_POINT('',(36.25,-43.75,51.5));
#682 = VECTOR('',#683,1.);
#683 = DIRECTION('',(-0.,1.,0.));
#684 = PCURVE('',#176,#685);
#685 = DEFINITIONAL_REPRESENTATION('',(#686),#689);
#686 = B_SPLINE_CURVE_WITH_KNOTS('',1,(#687,#688),.UNSPECIFIED.,.F.,.F.,
  (2,2),(1.25,86.25),.PIECEWISE_BEZIER_KNOTS.);
#687 = CARTESIAN_POINT('',(155.,2.5));
#688 = CARTESIAN_POINT('',(155.,87.5));
#689 = ( GEOMETRIC_REPRESENTATION_CONTEXT(2) 
PARAMETRIC_REPRESENTATION_CONTEXT() REPRESENTATION_CONTEXT('2D SPACE',''
  ) );
#690 = PCURVE('',#691,#696);
#691 = PLANE('',#692);
#692 = AXIS2_PLACEMENT_3D('',#693,#694,#695);
#693 = CARTESIAN_POINT('',(36.25,-42.5,10.));
#694 = DIRECTION('',(1.,0.,-0.));
#695 = DIRECTION('',(0.,0.,1.));
#696 = DEFINITIONAL_REPRESENTATION('',(#697),#700);
#697 = B_SPLINE_CURVE_WITH_KNOTS('',1,(#698,#699),.UNSPECIFIED.,.F.,.F.,
  (2,2),(1.25,86.25),.PIECEWISE_BEZIER_KNOTS.);
#698 = CARTESIAN_POINT('',(41.5,0.));
#699 = CARTESIAN_POINT('',(41.5,-85.));
#700 = ( GEOMETRIC_REPRESENTATION_CONTEXT(2) 
PARAMETRIC_REPRESENTATION_CONTEXT() REPRESENTATION_CONTEXT('2D SPACE',''
  ) );
#701 = ADVANCED_FACE('',(#702,#750,#852),#150,.T.);
#702 = FACE_BOUND('',#703,.T.);
#703 = EDGE_LOOP('',(#704,#727,#728,#729));
#704 = ORIENTED_EDGE('',*,*,#705,.F.);
#705 = EDGE_CURVE('',#107,#706,#708,.T.);
#706 = VERTEX_POINT('',#707);
#707 = CARTESIAN_POINT('',(38.75,45.,7.5));
#708 = SURFACE_CURVE('',#709,(#713,#720),.PCURVE_S1.);
#709 = LINE('',#710,#711);
#710 = CARTESIAN_POINT('',(-118.75,45.,7.5));
#711 = VECTOR('',#712,1.);
#712 = DIRECTION('',(1.,0.,-0.));
#713 = PCURVE('',#150,#714);
#714 = DEFINITIONAL_REPRESENTATION('',(#715),#719);
#715 = LINE('',#716,#717);
#716 = CARTESIAN_POINT('',(0.,0.));
#717 = VECTOR('',#718,1.);
#718 = DIRECTION('',(0.,1.));
#719 = ( GEOMETRIC_REPRESENTATION_CONTEXT(2) 
PARAMETRIC_REPRESENTATION_CONTEXT() REPRESENTATION_CONTEXT('2D SPACE',''
  ) );
#720 = PCURVE('',#122,#721);
#721 = DEFINITIONAL_REPRESENTATION('',(#722),#726);
#722 = LINE('',#723,#724);
#723 = CARTESIAN_POINT('',(0.,90.));
#724 = VECTOR('',#725,1.);
#725 = DIRECTION('',(1.,0.));
#726 = ( GEOMETRIC_REPRESENTATION_CONTEXT(2) 
PARAMETRIC_REPRESENTATION_CONTEXT() REPRESENTATION_CONTEXT('2D SPACE',''
  ) );
#727 = ORIENTED_EDGE('',*,*,#134,.T.);
#728 = ORIENTED_EDGE('',*,*,#575,.T.);
#729 = ORIENTED_EDGE('',*,*,#730,.F.);
#730 = EDGE_CURVE('',#706,#553,#731,.T.);
#731 = SURFACE_CURVE('',#732,(#736,#743),.PCURVE_S1.);
#732 = LINE('',#733,#734);
#733 = CARTESIAN_POINT('',(38.75,45.,7.5));
#734 = VECTOR('',#735,1.);
#735 = DIRECTION('',(0.,0.,1.));
#736 = PCURVE('',#150,#737);
#737 = DEFINITIONAL_REPRESENTATION('',(#738),#742);
#738 = LINE('',#739,#740);
#739 = CARTESIAN_POINT('',(0.,157.5));
#740 = VECTOR('',#741,1.);
#741 = DIRECTION('',(1.,0.));
#742 = ( GEOMETRIC_REPRESENTATION_CONTEXT(2) 
PARAMETRIC_REPRESENTATION_CONTEXT() REPRESENTATION_CONTEXT('2D SPACE',''
  ) );
#743 = PCURVE('',#252,#744);
#744 = DEFINITIONAL_REPRESENTATION('',(#745),#749);
#745 = LINE('',#746,#747);
#746 = CARTESIAN_POINT('',(0.,-90.));
#747 = VECTOR('',#748,1.);
#748 = DIRECTION('',(1.,0.));
#749 = ( GEOMETRIC_REPRESENTATION_CONTEXT(2) 
PARAMETRIC_REPRESENTATION_CONTEXT() REPRESENTATION_CONTEXT('2D SPACE',''
  ) );
#750 = FACE_BOUND('',#751,.T.);
#751 = EDGE_LOOP('',(#752,#780,#806,#828));
#752 = ORIENTED_EDGE('',*,*,#753,.F.);
#753 = EDGE_CURVE('',#754,#756,#758,.T.);
#754 = VERTEX_POINT('',#755);
#755 = CARTESIAN_POINT('',(-92.,45.,14.));
#756 = VERTEX_POINT('',#757);
#757 = CARTESIAN_POINT('',(-52.,45.,14.));
#758 = SURFACE_CURVE('',#759,(#763,#769),.PCURVE_S1.);
#759 = LINE('',#760,#761);
#760 = CARTESIAN_POINT('',(-105.375,45.,14.));
#761 = VECTOR('',#762,1.);
#762 = DIRECTION('',(1.,0.,-0.));
#763 = PCURVE('',#150,#764);
#764 = DEFINITIONAL_REPRESENTATION('',(#765),#768);
#765 = B_SPLINE_CURVE_WITH_KNOTS('',1,(#766,#767),.UNSPECIFIED.,.F.,.F.,
  (2,2),(13.375,53.375),.PIECEWISE_BEZIER_KNOTS.);
#766 = CARTESIAN_POINT('',(6.5,26.75));
#767 = CARTESIAN_POINT('',(6.5,66.75));
#768 = ( GEOMETRIC_REPRESENTATION_CONTEXT(2) 
PARAMETRIC_REPRESENTATION_CONTEXT() REPRESENTATION_CONTEXT('2D SPACE',''
  ) );
#769 = PCURVE('',#770,#775);
#770 = PLANE('',#771);
#771 = AXIS2_PLACEMENT_3D('',#772,#773,#774);
#772 = CARTESIAN_POINT('',(-92.,41.5,14.));
#773 = DIRECTION('',(0.,0.,1.));
#774 = DIRECTION('',(1.,0.,-0.));
#775 = DEFINITIONAL_REPRESENTATION('',(#776),#779);
#776 = B_SPLINE_CURVE_WITH_KNOTS('',1,(#777,#778),.UNSPECIFIED.,.F.,.F.,
  (2,2),(13.375,53.375),.PIECEWISE_BEZIER_KNOTS.);
#777 = CARTESIAN_POINT('',(0.,3.5));
#778 = CARTESIAN_POINT('',(40.,3.5));
#779 = ( GEOMETRIC_REPRESENTATION_CONTEXT(2) 
PARAMETRIC_REPRESENTATION_CONTEXT() REPRESENTATION_CONTEXT('2D SPACE',''
  ) );
#780 = ORIENTED_EDGE('',*,*,#781,.T.);
#781 = EDGE_CURVE('',#754,#782,#784,.T.);
#782 = VERTEX_POINT('',#783);
#783 = CARTESIAN_POINT('',(-92.,45.,10.));
#784 = SURFACE_CURVE('',#785,(#789,#795),.PCURVE_S1.);
#785 = LINE('',#786,#787);
#786 = CARTESIAN_POINT('',(-92.,45.,8.75));
#787 = VECTOR('',#788,1.);
#788 = DIRECTION('',(-0.,0.,-1.));
#789 = PCURVE('',#150,#790);
#790 = DEFINITIONAL_REPRESENTATION('',(#791),#794);
#791 = B_SPLINE_CURVE_WITH_KNOTS('',1,(#792,#793),.UNSPECIFIED.,.F.,.F.,
  (2,2),(-5.25,-1.25),.PIECEWISE_BEZIER_KNOTS.);
#792 = CARTESIAN_POINT('',(6.5,26.75));
#793 = CARTESIAN_POINT('',(2.5,26.75));
#794 = ( GEOMETRIC_REPRESENTATION_CONTEXT(2) 
PARAMETRIC_REPRESENTATION_CONTEXT() REPRESENTATION_CONTEXT('2D SPACE',''
  ) );
#795 = PCURVE('',#796,#801);
#796 = PLANE('',#797);
#797 = AXIS2_PLACEMENT_3D('',#798,#799,#800);
#798 = CARTESIAN_POINT('',(-92.,41.5,10.));
#799 = DIRECTION('',(1.,0.,-0.));
#800 = DIRECTION('',(0.,0.,1.));
#801 = DEFINITIONAL_REPRESENTATION('',(#802),#805);
#802 = B_SPLINE_CURVE_WITH_KNOTS('',1,(#803,#804),.UNSPECIFIED.,.F.,.F.,
  (2,2),(-5.25,-1.25),.PIECEWISE_BEZIER_KNOTS.);
#803 = CARTESIAN_POINT('',(4.,-3.5));
#804 = CARTESIAN_POINT('',(0.,-3.5));
#805 = ( GEOMETRIC_REPRESENTATION_CONTEXT(2) 
PARAMETRIC_REPRESENTATION_CONTEXT() REPRESENTATION_CONTEXT('2D SPACE',''
  ) );
#806 = ORIENTED_EDGE('',*,*,#807,.T.);
#807 = EDGE_CURVE('',#782,#808,#810,.T.);
#808 = VERTEX_POINT('',#809);
#809 = CARTESIAN_POINT('',(-52.,45.,10.));
#810 = SURFACE_CURVE('',#811,(#815,#821),.PCURVE_S1.);
#811 = LINE('',#812,#813);
#812 = CARTESIAN_POINT('',(-105.375,45.,10.));
#813 = VECTOR('',#814,1.);
#814 = DIRECTION('',(1.,0.,-0.));
#815 = PCURVE('',#150,#816);
#816 = DEFINITIONAL_REPRESENTATION('',(#817),#820);
#817 = B_SPLINE_CURVE_WITH_KNOTS('',1,(#818,#819),.UNSPECIFIED.,.F.,.F.,
  (2,2),(13.375,53.375),.PIECEWISE_BEZIER_KNOTS.);
#818 = CARTESIAN_POINT('',(2.5,26.75));
#819 = CARTESIAN_POINT('',(2.5,66.75));
#820 = ( GEOMETRIC_REPRESENTATION_CONTEXT(2) 
PARAMETRIC_REPRESENTATION_CONTEXT() REPRESENTATION_CONTEXT('2D SPACE',''
  ) );
#821 = PCURVE('',#335,#822);
#822 = DEFINITIONAL_REPRESENTATION('',(#823),#827);
#823 = LINE('',#824,#825);
#824 = CARTESIAN_POINT('',(-13.375,91.));
#825 = VECTOR('',#826,1.);
#826 = DIRECTION('',(1.,0.));
#827 = ( GEOMETRIC_REPRESENTATION_CONTEXT(2) 
PARAMETRIC_REPRESENTATION_CONTEXT() REPRESENTATION_CONTEXT('2D SPACE',''
  ) );
#828 = ORIENTED_EDGE('',*,*,#829,.F.);
#829 = EDGE_CURVE('',#756,#808,#830,.T.);
#830 = SURFACE_CURVE('',#831,(#835,#841),.PCURVE_S1.);
#831 = LINE('',#832,#833);
#832 = CARTESIAN_POINT('',(-52.,45.,8.75));
#833 = VECTOR('',#834,1.);
#834 = DIRECTION('',(-0.,0.,-1.));
#835 = PCURVE('',#150,#836);
#836 = DEFINITIONAL_REPRESENTATION('',(#837),#840);
#837 = B_SPLINE_CURVE_WITH_KNOTS('',1,(#838,#839),.UNSPECIFIED.,.F.,.F.,
  (2,2),(-5.25,-1.25),.PIECEWISE_BEZIER_KNOTS.);
#838 = CARTESIAN_POINT('',(6.5,66.75));
#839 = CARTESIAN_POINT('',(2.5,66.75));
#840 = ( GEOMETRIC_REPRESENTATION_CONTEXT(2) 
PARAMETRIC_REPRESENTATION_CONTEXT() REPRESENTATION_CONTEXT('2D SPACE',''
  ) );
#841 = PCURVE('',#842,#847);
#842 = PLANE('',#843);
#843 = AXIS2_PLACEMENT_3D('',#844,#845,#846);
#844 = CARTESIAN_POINT('',(-52.,41.5,10.));
#845 = DIRECTION('',(1.,0.,-0.));
#846 = DIRECTION('',(0.,0.,1.));
#847 = DEFINITIONAL_REPRESENTATION('',(#848),#851);
#848 = B_SPLINE_CURVE_WITH_KNOTS('',1,(#849,#850),.UNSPECIFIED.,.F.,.F.,
  (2,2),(-5.25,-1.25),.PIECEWISE_BEZIER_KNOTS.);
#849 = CARTESIAN_POINT('',(4.,-3.5));
#850 = CARTESIAN_POINT('',(0.,-3.5));
#851 = ( GEOMETRIC_REPRESENTATION_CONTEXT(2) 
PARAMETRIC_REPRESENTATION_CONTEXT() REPRESENTATION_CONTEXT('2D SPACE',''
  ) );
#852 = FACE_BOUND('',#853,.T.);
#853 = EDGE_LOOP('',(#854,#882,#908,#934));
#854 = ORIENTED_EDGE('',*,*,#855,.F.);
#855 = EDGE_CURVE('',#856,#858,#860,.T.);
#856 = VERTEX_POINT('',#857);
#857 = CARTESIAN_POINT('',(-92.,45.,21.));
#858 = VERTEX_POINT('',#859);
#859 = CARTESIAN_POINT('',(-52.,45.,21.));
#860 = SURFACE_CURVE('',#861,(#865,#871),.PCURVE_S1.);
#861 = LINE('',#862,#863);
#862 = CARTESIAN_POINT('',(-105.375,45.,21.));
#863 = VECTOR('',#864,1.);
#864 = DIRECTION('',(1.,0.,-0.));
#865 = PCURVE('',#150,#866);
#866 = DEFINITIONAL_REPRESENTATION('',(#867),#870);
#867 = B_SPLINE_CURVE_WITH_KNOTS('',1,(#868,#869),.UNSPECIFIED.,.F.,.F.,
  (2,2),(13.375,53.375),.PIECEWISE_BEZIER_KNOTS.);
#868 = CARTESIAN_POINT('',(13.5,26.75));
#869 = CARTESIAN_POINT('',(13.5,66.75));
#870 = ( GEOMETRIC_REPRESENTATION_CONTEXT(2) 
PARAMETRIC_REPRESENTATION_CONTEXT() REPRESENTATION_CONTEXT('2D SPACE',''
  ) );
#871 = PCURVE('',#872,#877);
#872 = PLANE('',#873);
#873 = AXIS2_PLACEMENT_3D('',#874,#875,#876);
#874 = CARTESIAN_POINT('',(-92.,41.5,21.));
#875 = DIRECTION('',(0.,0.,1.));
#876 = DIRECTION('',(1.,0.,-0.));
#877 = DEFINITIONAL_REPRESENTATION('',(#878),#881);
#878 = B_SPLINE_CURVE_WITH_KNOTS('',1,(#879,#880),.UNSPECIFIED.,.F.,.F.,
  (2,2),(13.375,53.375),.PIECEWISE_BEZIER_KNOTS.);
#879 = CARTESIAN_POINT('',(0.,3.5));
#880 = CARTESIAN_POINT('',(40.,3.5));
#881 = ( GEOMETRIC_REPRESENTATION_CONTEXT(2) 
PARAMETRIC_REPRESENTATION_CONTEXT() REPRESENTATION_CONTEXT('2D SPACE',''
  ) );
#882 = ORIENTED_EDGE('',*,*,#883,.T.);
#883 = EDGE_CURVE('',#856,#884,#886,.T.);
#884 = VERTEX_POINT('',#885);
#885 = CARTESIAN_POINT('',(-92.,45.,17.));
#886 = SURFACE_CURVE('',#887,(#891,#897),.PCURVE_S1.);
#887 = LINE('',#888,#889);
#888 = CARTESIAN_POINT('',(-92.,45.,12.25));
#889 = VECTOR('',#890,1.);
#890 = DIRECTION('',(-0.,0.,-1.));
#891 = PCURVE('',#150,#892);
#892 = DEFINITIONAL_REPRESENTATION('',(#893),#896);
#893 = B_SPLINE_CURVE_WITH_KNOTS('',1,(#894,#895),.UNSPECIFIED.,.F.,.F.,
  (2,2),(-8.75,-4.75),.PIECEWISE_BEZIER_KNOTS.);
#894 = CARTESIAN_POINT('',(13.5,26.75));
#895 = CARTESIAN_POINT('',(9.5,26.75));
#896 = ( GEOMETRIC_REPRESENTATION_CONTEXT(2) 
PARAMETRIC_REPRESENTATION_CONTEXT() REPRESENTATION_CONTEXT('2D SPACE',''
  ) );
#897 = PCURVE('',#898,#903);
#898 = PLANE('',#899);
#899 = AXIS2_PLACEMENT_3D('',#900,#901,#902);
#900 = CARTESIAN_POINT('',(-92.,41.5,17.));
#901 = DIRECTION('',(1.,0.,-0.));
#902 = DIRECTION('',(0.,0.,1.));
#903 = DEFINITIONAL_REPRESENTATION('',(#904),#907);
#904 = B_SPLINE_CURVE_WITH_KNOTS('',1,(#905,#906),.UNSPECIFIED.,.F.,.F.,
  (2,2),(-8.75,-4.75),.PIECEWISE_BEZIER_KNOTS.);
#905 = CARTESIAN_POINT('',(4.,-3.5));
#906 = CARTESIAN_POINT('',(0.,-3.5));
#907 = ( GEOMETRIC_REPRESENTATION_CONTEXT(2) 
PARAMETRIC_REPRESENTATION_CONTEXT() REPRESENTATION_CONTEXT('2D SPACE',''
  ) );
#908 = ORIENTED_EDGE('',*,*,#909,.T.);
#909 = EDGE_CURVE('',#884,#910,#912,.T.);
#910 = VERTEX_POINT('',#911);
#911 = CARTESIAN_POINT('',(-52.,45.,17.));
#912 = SURFACE_CURVE('',#913,(#917,#923),.PCURVE_S1.);
#913 = LINE('',#914,#915);
#914 = CARTESIAN_POINT('',(-105.375,45.,17.));
#915 = VECTOR('',#916,1.);
#916 = DIRECTION('',(1.,0.,-0.));
#917 = PCURVE('',#150,#918);
#918 = DEFINITIONAL_REPRESENTATION('',(#919),#922);
#919 = B_SPLINE_CURVE_WITH_KNOTS('',1,(#920,#921),.UNSPECIFIED.,.F.,.F.,
  (2,2),(13.375,53.375),.PIECEWISE_BEZIER_KNOTS.);
#920 = CARTESIAN_POINT('',(9.5,26.75));
#921 = CARTESIAN_POINT('',(9.5,66.75));
#922 = ( GEOMETRIC_REPRESENTATION_CONTEXT(2) 
PARAMETRIC_REPRESENTATION_CONTEXT() REPRESENTATION_CONTEXT('2D SPACE',''
  ) );
#923 = PCURVE('',#924,#929);
#924 = PLANE('',#925);
#925 = AXIS2_PLACEMENT_3D('',#926,#927,#928);
#926 = CARTESIAN_POINT('',(-92.,41.5,17.));
#927 = DIRECTION('',(0.,0.,1.));
#928 = DIRECTION('',(1.,0.,-0.));
#929 = DEFINITIONAL_REPRESENTATION('',(#930),#933);
#930 = B_SPLINE_CURVE_WITH_KNOTS('',1,(#931,#932),.UNSPECIFIED.,.F.,.F.,
  (2,2),(13.375,53.375),.PIECEWISE_BEZIER_KNOTS.);
#931 = CARTESIAN_POINT('',(0.,3.5));
#932 = CARTESIAN_POINT('',(40.,3.5));
#933 = ( GEOMETRIC_REPRESENTATION_CONTEXT(2) 
PARAMETRIC_REPRESENTATION_CONTEXT() REPRESENTATION_CONTEXT('2D SPACE',''
  ) );
#934 = ORIENTED_EDGE('',*,*,#935,.F.);
#935 = EDGE_CURVE('',#858,#910,#936,.T.);
#936 = SURFACE_CURVE('',#937,(#941,#947),.PCURVE_S1.);
#937 = LINE('',#938,#939);
#938 = CARTESIAN_POINT('',(-52.,45.,12.25));
#939 = VECTOR('',#940,1.);
#940 = DIRECTION('',(-0.,0.,-1.));
#941 = PCURVE('',#150,#942);
#942 = DEFINITIONAL_REPRESENTATION('',(#943),#946);
#943 = B_SPLINE_CURVE_WITH_KNOTS('',1,(#944,#945),.UNSPECIFIED.,.F.,.F.,
  (2,2),(-8.75,-4.75),.PIECEWISE_BEZIER_KNOTS.);
#944 = CARTESIAN_POINT('',(13.5,66.75));
#945 = CARTESIAN_POINT('',(9.5,66.75));
#946 = ( GEOMETRIC_REPRESENTATION_CONTEXT(2) 
PARAMETRIC_REPRESENTATION_CONTEXT() REPRESENTATION_CONTEXT('2D SPACE',''
  ) );
#947 = PCURVE('',#948,#953);
#948 = PLANE('',#949);
#949 = AXIS2_PLACEMENT_3D('',#950,#951,#952);
#950 = CARTESIAN_POINT('',(-52.,41.5,17.));
#951 = DIRECTION('',(1.,0.,-0.));
#952 = DIRECTION('',(0.,0.,1.));
#953 = DEFINITIONAL_REPRESENTATION('',(#954),#957);
#954 = B_SPLINE_CURVE_WITH_KNOTS('',1,(#955,#956),.UNSPECIFIED.,.F.,.F.,
  (2,2),(-8.75,-4.75),.PIECEWISE_BEZIER_KNOTS.);
#955 = CARTESIAN_POINT('',(4.,-3.5));
#956 = CARTESIAN_POINT('',(0.,-3.5));
#957 = ( GEOMETRIC_REPRESENTATION_CONTEXT(2) 
PARAMETRIC_REPRESENTATION_CONTEXT() REPRESENTATION_CONTEXT('2D SPACE',''
  ) );
#958 = ADVANCED_FACE('',(#959,#985,#1016,#1047,#1161,#1192,#1223),#122,
  .F.);
#959 = FACE_BOUND('',#960,.F.);
#960 = EDGE_LOOP('',(#961,#962,#963,#984));
#961 = ORIENTED_EDGE('',*,*,#106,.F.);
#962 = ORIENTED_EDGE('',*,*,#191,.T.);
#963 = ORIENTED_EDGE('',*,*,#964,.T.);
#964 = EDGE_CURVE('',#192,#706,#965,.T.);
#965 = SURFACE_CURVE('',#966,(#970,#977),.PCURVE_S1.);
#966 = LINE('',#967,#968);
#967 = CARTESIAN_POINT('',(38.75,-45.,7.5));
#968 = VECTOR('',#969,1.);
#969 = DIRECTION('',(-0.,1.,0.));
#970 = PCURVE('',#122,#971);
#971 = DEFINITIONAL_REPRESENTATION('',(#972),#976);
#972 = LINE('',#973,#974);
#973 = CARTESIAN_POINT('',(157.5,0.));
#974 = VECTOR('',#975,1.);
#975 = DIRECTION('',(0.,1.));
#976 = ( GEOMETRIC_REPRESENTATION_CONTEXT(2) 
PARAMETRIC_REPRESENTATION_CONTEXT() REPRESENTATION_CONTEXT('2D SPACE',''
  ) );
#977 = PCURVE('',#252,#978);
#978 = DEFINITIONAL_REPRESENTATION('',(#979),#983);
#979 = LINE('',#980,#981);
#980 = CARTESIAN_POINT('',(0.,0.));
#981 = VECTOR('',#982,1.);
#982 = DIRECTION('',(0.,-1.));
#983 = ( GEOMETRIC_REPRESENTATION_CONTEXT(2) 
PARAMETRIC_REPRESENTATION_CONTEXT() REPRESENTATION_CONTEXT('2D SPACE',''
  ) );
#984 = ORIENTED_EDGE('',*,*,#705,.F.);
#985 = FACE_BOUND('',#986,.F.);
#986 = EDGE_LOOP('',(#987));
#987 = ORIENTED_EDGE('',*,*,#988,.F.);
#988 = EDGE_CURVE('',#989,#989,#991,.T.);
#989 = VERTEX_POINT('',#990);
#990 = CARTESIAN_POINT('',(-97.65,-24.5,7.5));
#991 = SURFACE_CURVE('',#992,(#997,#1004),.PCURVE_S1.);
#992 = CIRCLE('',#993,1.35);
#993 = AXIS2_PLACEMENT_3D('',#994,#995,#996);
#994 = CARTESIAN_POINT('',(-99.,-24.5,7.5));
#995 = DIRECTION('',(0.,0.,1.));
#996 = DIRECTION('',(1.,0.,-0.));
#997 = PCURVE('',#122,#998);
#998 = DEFINITIONAL_REPRESENTATION('',(#999),#1003);
#999 = CIRCLE('',#1000,1.35);
#1000 = AXIS2_PLACEMENT_2D('',#1001,#1002);
#1001 = CARTESIAN_POINT('',(19.75,20.5));
#1002 = DIRECTION('',(1.,0.));
#1003 = ( GEOMETRIC_REPRESENTATION_CONTEXT(2) 
PARAMETRIC_REPRESENTATION_CONTEXT() REPRESENTATION_CONTEXT('2D SPACE',''
  ) );
#1004 = PCURVE('',#1005,#1010);
#1005 = CYLINDRICAL_SURFACE('',#1006,1.35);
#1006 = AXIS2_PLACEMENT_3D('',#1007,#1008,#1009);
#1007 = CARTESIAN_POINT('',(-99.,-24.5,6.5));
#1008 = DIRECTION('',(0.,0.,1.));
#1009 = DIRECTION('',(1.,0.,-0.));
#1010 = DEFINITIONAL_REPRESENTATION('',(#1011),#1015);
#1011 = LINE('',#1012,#1013);
#1012 = CARTESIAN_POINT('',(0.,1.));
#1013 = VECTOR('',#1014,1.);
#1014 = DIRECTION('',(1.,0.));
#1015 = ( GEOMETRIC_REPRESENTATION_CONTEXT(2) 
PARAMETRIC_REPRESENTATION_CONTEXT() REPRESENTATION_CONTEXT('2D SPACE',''
  ) );
#1016 = FACE_BOUND('',#1017,.F.);
#1017 = EDGE_LOOP('',(#1018));
#1018 = ORIENTED_EDGE('',*,*,#1019,.F.);
#1019 = EDGE_CURVE('',#1020,#1020,#1022,.T.);
#1020 = VERTEX_POINT('',#1021);
#1021 = CARTESIAN_POINT('',(-39.65,-24.5,7.5));
#1022 = SURFACE_CURVE('',#1023,(#1028,#1035),.PCURVE_S1.);
#1023 = CIRCLE('',#1024,1.35);
#1024 = AXIS2_PLACEMENT_3D('',#1025,#1026,#1027);
#1025 = CARTESIAN_POINT('',(-41.,-24.5,7.5));
#1026 = DIRECTION('',(0.,0.,1.));
#1027 = DIRECTION('',(1.,0.,-0.));
#1028 = PCURVE('',#122,#1029);
#1029 = DEFINITIONAL_REPRESENTATION('',(#1030),#1034);
#1030 = CIRCLE('',#1031,1.35);
#1031 = AXIS2_PLACEMENT_2D('',#1032,#1033);
#1032 = CARTESIAN_POINT('',(77.75,20.5));
#1033 = DIRECTION('',(1.,0.));
#1034 = ( GEOMETRIC_REPRESENTATION_CONTEXT(2) 
PARAMETRIC_REPRESENTATION_CONTEXT() REPRESENTATION_CONTEXT('2D SPACE',''
  ) );
#1035 = PCURVE('',#1036,#1041);
#1036 = CYLINDRICAL_SURFACE('',#1037,1.35);
#1037 = AXIS2_PLACEMENT_3D('',#1038,#1039,#1040);
#1038 = CARTESIAN_POINT('',(-41.,-24.5,6.5));
#1039 = DIRECTION('',(0.,0.,1.));
#1040 = DIRECTION('',(1.,0.,-0.));
#1041 = DEFINITIONAL_REPRESENTATION('',(#1042),#1046);
#1042 = LINE('',#1043,#1044);
#1043 = CARTESIAN_POINT('',(0.,1.));
#1044 = VECTOR('',#1045,1.);
#1045 = DIRECTION('',(1.,0.));
#1046 = ( GEOMETRIC_REPRESENTATION_CONTEXT(2) 
PARAMETRIC_REPRESENTATION_CONTEXT() REPRESENTATION_CONTEXT('2D SPACE',''
  ) );
#1047 = FACE_BOUND('',#1048,.F.);
#1048 = EDGE_LOOP('',(#1049,#1079,#1107,#1135));
#1049 = ORIENTED_EDGE('',*,*,#1050,.T.);
#1050 = EDGE_CURVE('',#1051,#1053,#1055,.T.);
#1051 = VERTEX_POINT('',#1052);
#1052 = CARTESIAN_POINT('',(-117.75,-19.5,7.5));
#1053 = VERTEX_POINT('',#1054);
#1054 = CARTESIAN_POINT('',(-117.75,-17.5,7.5));
#1055 = SURFACE_CURVE('',#1056,(#1060,#1067),.PCURVE_S1.);
#1056 = LINE('',#1057,#1058);
#1057 = CARTESIAN_POINT('',(-117.75,-19.5,7.5));
#1058 = VECTOR('',#1059,1.);
#1059 = DIRECTION('',(-0.,1.,0.));
#1060 = PCURVE('',#122,#1061);
#1061 = DEFINITIONAL_REPRESENTATION('',(#1062),#1066);
#1062 = LINE('',#1063,#1064);
#1063 = CARTESIAN_POINT('',(1.,25.5));
#1064 = VECTOR('',#1065,1.);
#1065 = DIRECTION('',(0.,1.));
#1066 = ( GEOMETRIC_REPRESENTATION_CONTEXT(2) 
PARAMETRIC_REPRESENTATION_CONTEXT() REPRESENTATION_CONTEXT('2D SPACE',''
  ) );
#1067 = PCURVE('',#1068,#1073);
#1068 = PLANE('',#1069);
#1069 = AXIS2_PLACEMENT_3D('',#1070,#1071,#1072);
#1070 = CARTESIAN_POINT('',(-117.75,-19.5,5.5));
#1071 = DIRECTION('',(1.,0.,-0.));
#1072 = DIRECTION('',(0.,0.,1.));
#1073 = DEFINITIONAL_REPRESENTATION('',(#1074),#1078);
#1074 = LINE('',#1075,#1076);
#1075 = CARTESIAN_POINT('',(2.,0.));
#1076 = VECTOR('',#1077,1.);
#1077 = DIRECTION('',(0.,-1.));
#1078 = ( GEOMETRIC_REPRESENTATION_CONTEXT(2) 
PARAMETRIC_REPRESENTATION_CONTEXT() REPRESENTATION_CONTEXT('2D SPACE',''
  ) );
#1079 = ORIENTED_EDGE('',*,*,#1080,.T.);
#1080 = EDGE_CURVE('',#1053,#1081,#1083,.T.);
#1081 = VERTEX_POINT('',#1082);
#1082 = CARTESIAN_POINT('',(37.75,-17.5,7.5));
#1083 = SURFACE_CURVE('',#1084,(#1088,#1095),.PCURVE_S1.);
#1084 = LINE('',#1085,#1086);
#1085 = CARTESIAN_POINT('',(-117.75,-17.5,7.5));
#1086 = VECTOR('',#1087,1.);
#1087 = DIRECTION('',(1.,0.,-0.));
#1088 = PCURVE('',#122,#1089);
#1089 = DEFINITIONAL_REPRESENTATION('',(#1090),#1094);
#1090 = LINE('',#1091,#1092);
#1091 = CARTESIAN_POINT('',(1.,27.5));
#1092 = VECTOR('',#1093,1.);
#1093 = DIRECTION('',(1.,0.));
#1094 = ( GEOMETRIC_REPRESENTATION_CONTEXT(2) 
PARAMETRIC_REPRESENTATION_CONTEXT() REPRESENTATION_CONTEXT('2D SPACE',''
  ) );
#1095 = PCURVE('',#1096,#1101);
#1096 = PLANE('',#1097);
#1097 = AXIS2_PLACEMENT_3D('',#1098,#1099,#1100);
#1098 = CARTESIAN_POINT('',(-117.75,-17.5,5.5));
#1099 = DIRECTION('',(-0.,1.,0.));
#1100 = DIRECTION('',(0.,0.,1.));
#1101 = DEFINITIONAL_REPRESENTATION('',(#1102),#1106);
#1102 = LINE('',#1103,#1104);
#1103 = CARTESIAN_POINT('',(2.,0.));
#1104 = VECTOR('',#1105,1.);
#1105 = DIRECTION('',(0.,1.));
#1106 = ( GEOMETRIC_REPRESENTATION_CONTEXT(2) 
PARAMETRIC_REPRESENTATION_CONTEXT() REPRESENTATION_CONTEXT('2D SPACE',''
  ) );
#1107 = ORIENTED_EDGE('',*,*,#1108,.F.);
#1108 = EDGE_CURVE('',#1109,#1081,#1111,.T.);
#1109 = VERTEX_POINT('',#1110);
#1110 = CARTESIAN_POINT('',(37.75,-19.5,7.5));
#1111 = SURFACE_CURVE('',#1112,(#1116,#1123),.PCURVE_S1.);
#1112 = LINE('',#1113,#1114);
#1113 = CARTESIAN_POINT('',(37.75,-19.5,7.5));
#1114 = VECTOR('',#1115,1.);
#1115 = DIRECTION('',(-0.,1.,0.));
#1116 = PCURVE('',#122,#1117);
#1117 = DEFINITIONAL_REPRESENTATION('',(#1118),#1122);
#1118 = LINE('',#1119,#1120);
#1119 = CARTESIAN_POINT('',(156.5,25.5));
#1120 = VECTOR('',#1121,1.);
#1121 = DIRECTION('',(0.,1.));
#1122 = ( GEOMETRIC_REPRESENTATION_CONTEXT(2) 
PARAMETRIC_REPRESENTATION_CONTEXT() REPRESENTATION_CONTEXT('2D SPACE',''
  ) );
#1123 = PCURVE('',#1124,#1129);
#1124 = PLANE('',#1125);
#1125 = AXIS2_PLACEMENT_3D('',#1126,#1127,#1128);
#1126 = CARTESIAN_POINT('',(37.75,-19.5,5.5));
#1127 = DIRECTION('',(1.,0.,-0.));
#1128 = DIRECTION('',(0.,0.,1.));
#1129 = DEFINITIONAL_REPRESENTATION('',(#1130),#1134);
#1130 = LINE('',#1131,#1132);
#1131 = CARTESIAN_POINT('',(2.,0.));
#1132 = VECTOR('',#1133,1.);
#1133 = DIRECTION('',(0.,-1.));
#1134 = ( GEOMETRIC_REPRESENTATION_CONTEXT(2) 
PARAMETRIC_REPRESENTATION_CONTEXT() REPRESENTATION_CONTEXT('2D SPACE',''
  ) );
#1135 = ORIENTED_EDGE('',*,*,#1136,.F.);
#1136 = EDGE_CURVE('',#1051,#1109,#1137,.T.);
#1137 = SURFACE_CURVE('',#1138,(#1142,#1149),.PCURVE_S1.);
#1138 = LINE('',#1139,#1140);
#1139 = CARTESIAN_POINT('',(-117.75,-19.5,7.5));
#1140 = VECTOR('',#1141,1.);
#1141 = DIRECTION('',(1.,0.,-0.));
#1142 = PCURVE('',#122,#1143);
#1143 = DEFINITIONAL_REPRESENTATION('',(#1144),#1148);
#1144 = LINE('',#1145,#1146);
#1145 = CARTESIAN_POINT('',(1.,25.5));
#1146 = VECTOR('',#1147,1.);
#1147 = DIRECTION('',(1.,0.));
#1148 = ( GEOMETRIC_REPRESENTATION_CONTEXT(2) 
PARAMETRIC_REPRESENTATION_CONTEXT() REPRESENTATION_CONTEXT('2D SPACE',''
  ) );
#1149 = PCURVE('',#1150,#1155);
#1150 = PLANE('',#1151);
#1151 = AXIS2_PLACEMENT_3D('',#1152,#1153,#1154);
#1152 = CARTESIAN_POINT('',(-117.75,-19.5,5.5));
#1153 = DIRECTION('',(-0.,1.,0.));
#1154 = DIRECTION('',(0.,0.,1.));
#1155 = DEFINITIONAL_REPRESENTATION('',(#1156),#1160);
#1156 = LINE('',#1157,#1158);
#1157 = CARTESIAN_POINT('',(2.,0.));
#1158 = VECTOR('',#1159,1.);
#1159 = DIRECTION('',(0.,1.));
#1160 = ( GEOMETRIC_REPRESENTATION_CONTEXT(2) 
PARAMETRIC_REPRESENTATION_CONTEXT() REPRESENTATION_CONTEXT('2D SPACE',''
  ) );
#1161 = FACE_BOUND('',#1162,.F.);
#1162 = EDGE_LOOP('',(#1163));
#1163 = ORIENTED_EDGE('',*,*,#1164,.F.);
#1164 = EDGE_CURVE('',#1165,#1165,#1167,.T.);
#1165 = VERTEX_POINT('',#1166);
#1166 = CARTESIAN_POINT('',(-97.65,24.5,7.5));
#1167 = SURFACE_CURVE('',#1168,(#1173,#1180),.PCURVE_S1.);
#1168 = CIRCLE('',#1169,1.35);
#1169 = AXIS2_PLACEMENT_3D('',#1170,#1171,#1172);
#1170 = CARTESIAN_POINT('',(-99.,24.5,7.5));
#1171 = DIRECTION('',(0.,0.,1.));
#1172 = DIRECTION('',(1.,0.,-0.));
#1173 = PCURVE('',#122,#1174);
#1174 = DEFINITIONAL_REPRESENTATION('',(#1175),#1179);
#1175 = CIRCLE('',#1176,1.35);
#1176 = AXIS2_PLACEMENT_2D('',#1177,#1178);
#1177 = CARTESIAN_POINT('',(19.75,69.5));
#1178 = DIRECTION('',(1.,0.));
#1179 = ( GEOMETRIC_REPRESENTATION_CONTEXT(2) 
PARAMETRIC_REPRESENTATION_CONTEXT() REPRESENTATION_CONTEXT('2D SPACE',''
  ) );
#1180 = PCURVE('',#1181,#1186);
#1181 = CYLINDRICAL_SURFACE('',#1182,1.35);
#1182 = AXIS2_PLACEMENT_3D('',#1183,#1184,#1185);
#1183 = CARTESIAN_POINT('',(-99.,24.5,6.5));
#1184 = DIRECTION('',(0.,0.,1.));
#1185 = DIRECTION('',(1.,0.,-0.));
#1186 = DEFINITIONAL_REPRESENTATION('',(#1187),#1191);
#1187 = LINE('',#1188,#1189);
#1188 = CARTESIAN_POINT('',(0.,1.));
#1189 = VECTOR('',#1190,1.);
#1190 = DIRECTION('',(1.,0.));
#1191 = ( GEOMETRIC_REPRESENTATION_CONTEXT(2) 
PARAMETRIC_REPRESENTATION_CONTEXT() REPRESENTATION_CONTEXT('2D SPACE',''
  ) );
#1192 = FACE_BOUND('',#1193,.F.);
#1193 = EDGE_LOOP('',(#1194));
#1194 = ORIENTED_EDGE('',*,*,#1195,.F.);
#1195 = EDGE_CURVE('',#1196,#1196,#1198,.T.);
#1196 = VERTEX_POINT('',#1197);
#1197 = CARTESIAN_POINT('',(-39.65,24.5,7.5));
#1198 = SURFACE_CURVE('',#1199,(#1204,#1211),.PCURVE_S1.);
#1199 = CIRCLE('',#1200,1.35);
#1200 = AXIS2_PLACEMENT_3D('',#1201,#1202,#1203);
#1201 = CARTESIAN_POINT('',(-41.,24.5,7.5));
#1202 = DIRECTION('',(0.,0.,1.));
#1203 = DIRECTION('',(1.,0.,-0.));
#1204 = PCURVE('',#122,#1205);
#1205 = DEFINITIONAL_REPRESENTATION('',(#1206),#1210);
#1206 = CIRCLE('',#1207,1.35);
#1207 = AXIS2_PLACEMENT_2D('',#1208,#1209);
#1208 = CARTESIAN_POINT('',(77.75,69.5));
#1209 = DIRECTION('',(1.,0.));
#1210 = ( GEOMETRIC_REPRESENTATION_CONTEXT(2) 
PARAMETRIC_REPRESENTATION_CONTEXT() REPRESENTATION_CONTEXT('2D SPACE',''
  ) );
#1211 = PCURVE('',#1212,#1217);
#1212 = CYLINDRICAL_SURFACE('',#1213,1.35);
#1213 = AXIS2_PLACEMENT_3D('',#1214,#1215,#1216);
#1214 = CARTESIAN_POINT('',(-41.,24.5,6.5));
#1215 = DIRECTION('',(0.,0.,1.));
#1216 = DIRECTION('',(1.,0.,-0.));
#1217 = DEFINITIONAL_REPRESENTATION('',(#1218),#1222);
#1218 = LINE('',#1219,#1220);
#1219 = CARTESIAN_POINT('',(0.,1.));
#1220 = VECTOR('',#1221,1.);
#1221 = DIRECTION('',(1.,0.));
#1222 = ( GEOMETRIC_REPRESENTATION_CONTEXT(2) 
PARAMETRIC_REPRESENTATION_CONTEXT() REPRESENTATION_CONTEXT('2D SPACE',''
  ) );
#1223 = FACE_BOUND('',#1224,.F.);
#1224 = EDGE_LOOP('',(#1225,#1255,#1283,#1311));
#1225 = ORIENTED_EDGE('',*,*,#1226,.T.);
#1226 = EDGE_CURVE('',#1227,#1229,#1231,.T.);
#1227 = VERTEX_POINT('',#1228);
#1228 = CARTESIAN_POINT('',(-117.75,17.5,7.5));
#1229 = VERTEX_POINT('',#1230);
#1230 = CARTESIAN_POINT('',(-117.75,19.5,7.5));
#1231 = SURFACE_CURVE('',#1232,(#1236,#1243),.PCURVE_S1.);
#1232 = LINE('',#1233,#1234);
#1233 = CARTESIAN_POINT('',(-117.75,17.5,7.5));
#1234 = VECTOR('',#1235,1.);
#1235 = DIRECTION('',(-0.,1.,0.));
#1236 = PCURVE('',#122,#1237);
#1237 = DEFINITIONAL_REPRESENTATION('',(#1238),#1242);
#1238 = LINE('',#1239,#1240);
#1239 = CARTESIAN_POINT('',(1.,62.5));
#1240 = VECTOR('',#1241,1.);
#1241 = DIRECTION('',(0.,1.));
#1242 = ( GEOMETRIC_REPRESENTATION_CONTEXT(2) 
PARAMETRIC_REPRESENTATION_CONTEXT() REPRESENTATION_CONTEXT('2D SPACE',''
  ) );
#1243 = PCURVE('',#1244,#1249);
#1244 = PLANE('',#1245);
#1245 = AXIS2_PLACEMENT_3D('',#1246,#1247,#1248);
#1246 = CARTESIAN_POINT('',(-117.75,17.5,5.5));
#1247 = DIRECTION('',(1.,0.,-0.));
#1248 = DIRECTION('',(0.,0.,1.));
#1249 = DEFINITIONAL_REPRESENTATION('',(#1250),#1254);
#1250 = LINE('',#1251,#1252);
#1251 = CARTESIAN_POINT('',(2.,0.));
#1252 = VECTOR('',#1253,1.);
#1253 = DIRECTION('',(0.,-1.));
#1254 = ( GEOMETRIC_REPRESENTATION_CONTEXT(2) 
PARAMETRIC_REPRESENTATION_CONTEXT() REPRESENTATION_CONTEXT('2D SPACE',''
  ) );
#1255 = ORIENTED_EDGE('',*,*,#1256,.T.);
#1256 = EDGE_CURVE('',#1229,#1257,#1259,.T.);
#1257 = VERTEX_POINT('',#1258);
#1258 = CARTESIAN_POINT('',(37.75,19.5,7.5));
#1259 = SURFACE_CURVE('',#1260,(#1264,#1271),.PCURVE_S1.);
#1260 = LINE('',#1261,#1262);
#1261 = CARTESIAN_POINT('',(-117.75,19.5,7.5));
#1262 = VECTOR('',#1263,1.);
#1263 = DIRECTION('',(1.,0.,-0.));
#1264 = PCURVE('',#122,#1265);
#1265 = DEFINITIONAL_REPRESENTATION('',(#1266),#1270);
#1266 = LINE('',#1267,#1268);
#1267 = CARTESIAN_POINT('',(1.,64.5));
#1268 = VECTOR('',#1269,1.);
#1269 = DIRECTION('',(1.,0.));
#1270 = ( GEOMETRIC_REPRESENTATION_CONTEXT(2) 
PARAMETRIC_REPRESENTATION_CONTEXT() REPRESENTATION_CONTEXT('2D SPACE',''
  ) );
#1271 = PCURVE('',#1272,#1277);
#1272 = PLANE('',#1273);
#1273 = AXIS2_PLACEMENT_3D('',#1274,#1275,#1276);
#1274 = CARTESIAN_POINT('',(-117.75,19.5,5.5));
#1275 = DIRECTION('',(-0.,1.,0.));
#1276 = DIRECTION('',(0.,0.,1.));
#1277 = DEFINITIONAL_REPRESENTATION('',(#1278),#1282);
#1278 = LINE('',#1279,#1280);
#1279 = CARTESIAN_POINT('',(2.,0.));
#1280 = VECTOR('',#1281,1.);
#1281 = DIRECTION('',(0.,1.));
#1282 = ( GEOMETRIC_REPRESENTATION_CONTEXT(2) 
PARAMETRIC_REPRESENTATION_CONTEXT() REPRESENTATION_CONTEXT('2D SPACE',''
  ) );
#1283 = ORIENTED_EDGE('',*,*,#1284,.F.);
#1284 = EDGE_CURVE('',#1285,#1257,#1287,.T.);
#1285 = VERTEX_POINT('',#1286);
#1286 = CARTESIAN_POINT('',(37.75,17.5,7.5));
#1287 = SURFACE_CURVE('',#1288,(#1292,#1299),.PCURVE_S1.);
#1288 = LINE('',#1289,#1290);
#1289 = CARTESIAN_POINT('',(37.75,17.5,7.5));
#1290 = VECTOR('',#1291,1.);
#1291 = DIRECTION('',(-0.,1.,0.));
#1292 = PCURVE('',#122,#1293);
#1293 = DEFINITIONAL_REPRESENTATION('',(#1294),#1298);
#1294 = LINE('',#1295,#1296);
#1295 = CARTESIAN_POINT('',(156.5,62.5));
#1296 = VECTOR('',#1297,1.);
#1297 = DIRECTION('',(0.,1.));
#1298 = ( GEOMETRIC_REPRESENTATION_CONTEXT(2) 
PARAMETRIC_REPRESENTATION_CONTEXT() REPRESENTATION_CONTEXT('2D SPACE',''
  ) );
#1299 = PCURVE('',#1300,#1305);
#1300 = PLANE('',#1301);
#1301 = AXIS2_PLACEMENT_3D('',#1302,#1303,#1304);
#1302 = CARTESIAN_POINT('',(37.75,17.5,5.5));
#1303 = DIRECTION('',(1.,0.,-0.));
#1304 = DIRECTION('',(0.,0.,1.));
#1305 = DEFINITIONAL_REPRESENTATION('',(#1306),#1310);
#1306 = LINE('',#1307,#1308);
#1307 = CARTESIAN_POINT('',(2.,0.));
#1308 = VECTOR('',#1309,1.);
#1309 = DIRECTION('',(0.,-1.));
#1310 = ( GEOMETRIC_REPRESENTATION_CONTEXT(2) 
PARAMETRIC_REPRESENTATION_CONTEXT() REPRESENTATION_CONTEXT('2D SPACE',''
  ) );
#1311 = ORIENTED_EDGE('',*,*,#1312,.F.);
#1312 = EDGE_CURVE('',#1227,#1285,#1313,.T.);
#1313 = SURFACE_CURVE('',#1314,(#1318,#1325),.PCURVE_S1.);
#1314 = LINE('',#1315,#1316);
#1315 = CARTESIAN_POINT('',(-117.75,17.5,7.5));
#1316 = VECTOR('',#1317,1.);
#1317 = DIRECTION('',(1.,0.,-0.));
#1318 = PCURVE('',#122,#1319);
#1319 = DEFINITIONAL_REPRESENTATION('',(#1320),#1324);
#1320 = LINE('',#1321,#1322);
#1321 = CARTESIAN_POINT('',(1.,62.5));
#1322 = VECTOR('',#1323,1.);
#1323 = DIRECTION('',(1.,0.));
#1324 = ( GEOMETRIC_REPRESENTATION_CONTEXT(2) 
PARAMETRIC_REPRESENTATION_CONTEXT() REPRESENTATION_CONTEXT('2D SPACE',''
  ) );
#1325 = PCURVE('',#1326,#1331);
#1326 = PLANE('',#1327);
#1327 = AXIS2_PLACEMENT_3D('',#1328,#1329,#1330);
#1328 = CARTESIAN_POINT('',(-117.75,17.5,5.5));
#1329 = DIRECTION('',(-0.,1.,0.));
#1330 = DIRECTION('',(0.,0.,1.));
#1331 = DEFINITIONAL_REPRESENTATION('',(#1332),#1336);
#1332 = LINE('',#1333,#1334);
#1333 = CARTESIAN_POINT('',(2.,0.));
#1334 = VECTOR('',#1335,1.);
#1335 = DIRECTION('',(0.,1.));
#1336 = ( GEOMETRIC_REPRESENTATION_CONTEXT(2) 
PARAMETRIC_REPRESENTATION_CONTEXT() REPRESENTATION_CONTEXT('2D SPACE',''
  ) );
#1337 = ADVANCED_FACE('',(#1338),#252,.T.);
#1338 = FACE_BOUND('',#1339,.T.);
#1339 = EDGE_LOOP('',(#1340,#1341,#1342,#1343));
#1340 = ORIENTED_EDGE('',*,*,#238,.F.);
#1341 = ORIENTED_EDGE('',*,*,#964,.T.);
#1342 = ORIENTED_EDGE('',*,*,#730,.T.);
#1343 = ORIENTED_EDGE('',*,*,#552,.F.);
#1344 = ADVANCED_FACE('',(#1345),#283,.F.);
#1345 = FACE_BOUND('',#1346,.F.);
#1346 = EDGE_LOOP('',(#1347,#1370,#1371,#1394));
#1347 = ORIENTED_EDGE('',*,*,#1348,.F.);
#1348 = EDGE_CURVE('',#267,#1349,#1351,.T.);
#1349 = VERTEX_POINT('',#1350);
#1350 = CARTESIAN_POINT('',(-92.,-42.5,14.));
#1351 = SURFACE_CURVE('',#1352,(#1356,#1363),.PCURVE_S1.);
#1352 = LINE('',#1353,#1354);
#1353 = CARTESIAN_POINT('',(-92.,-46.,14.));
#1354 = VECTOR('',#1355,1.);
#1355 = DIRECTION('',(-0.,1.,0.));
#1356 = PCURVE('',#283,#1357);
#1357 = DEFINITIONAL_REPRESENTATION('',(#1358),#1362);
#1358 = LINE('',#1359,#1360);
#1359 = CARTESIAN_POINT('',(0.,0.));
#1360 = VECTOR('',#1361,1.);
#1361 = DIRECTION('',(0.,1.));
#1362 = ( GEOMETRIC_REPRESENTATION_CONTEXT(2) 
PARAMETRIC_REPRESENTATION_CONTEXT() REPRESENTATION_CONTEXT('2D SPACE',''
  ) );
#1363 = PCURVE('',#309,#1364);
#1364 = DEFINITIONAL_REPRESENTATION('',(#1365),#1369);
#1365 = LINE('',#1366,#1367);
#1366 = CARTESIAN_POINT('',(4.,0.));
#1367 = VECTOR('',#1368,1.);
#1368 = DIRECTION('',(0.,-1.));
#1369 = ( GEOMETRIC_REPRESENTATION_CONTEXT(2) 
PARAMETRIC_REPRESENTATION_CONTEXT() REPRESENTATION_CONTEXT('2D SPACE',''
  ) );
#1370 = ORIENTED_EDGE('',*,*,#266,.T.);
#1371 = ORIENTED_EDGE('',*,*,#1372,.T.);
#1372 = EDGE_CURVE('',#269,#1373,#1375,.T.);
#1373 = VERTEX_POINT('',#1374);
#1374 = CARTESIAN_POINT('',(-52.,-42.5,14.));
#1375 = SURFACE_CURVE('',#1376,(#1380,#1387),.PCURVE_S1.);
#1376 = LINE('',#1377,#1378);
#1377 = CARTESIAN_POINT('',(-52.,-46.,14.));
#1378 = VECTOR('',#1379,1.);
#1379 = DIRECTION('',(-0.,1.,0.));
#1380 = PCURVE('',#283,#1381);
#1381 = DEFINITIONAL_REPRESENTATION('',(#1382),#1386);
#1382 = LINE('',#1383,#1384);
#1383 = CARTESIAN_POINT('',(40.,0.));
#1384 = VECTOR('',#1385,1.);
#1385 = DIRECTION('',(0.,1.));
#1386 = ( GEOMETRIC_REPRESENTATION_CONTEXT(2) 
PARAMETRIC_REPRESENTATION_CONTEXT() REPRESENTATION_CONTEXT('2D SPACE',''
  ) );
#1387 = PCURVE('',#360,#1388);
#1388 = DEFINITIONAL_REPRESENTATION('',(#1389),#1393);
#1389 = LINE('',#1390,#1391);
#1390 = CARTESIAN_POINT('',(4.,0.));
#1391 = VECTOR('',#1392,1.);
#1392 = DIRECTION('',(0.,-1.));
#1393 = ( GEOMETRIC_REPRESENTATION_CONTEXT(2) 
PARAMETRIC_REPRESENTATION_CONTEXT() REPRESENTATION_CONTEXT('2D SPACE',''
  ) );
#1394 = ORIENTED_EDGE('',*,*,#1395,.F.);
#1395 = EDGE_CURVE('',#1349,#1373,#1396,.T.);
#1396 = SURFACE_CURVE('',#1397,(#1401,#1407),.PCURVE_S1.);
#1397 = LINE('',#1398,#1399);
#1398 = CARTESIAN_POINT('',(-104.125,-42.5,14.));
#1399 = VECTOR('',#1400,1.);
#1400 = DIRECTION('',(1.,0.,-0.));
#1401 = PCURVE('',#283,#1402);
#1402 = DEFINITIONAL_REPRESENTATION('',(#1403),#1406);
#1403 = B_SPLINE_CURVE_WITH_KNOTS('',1,(#1404,#1405),.UNSPECIFIED.,.F.,
  .F.,(2,2),(12.125,52.125),.PIECEWISE_BEZIER_KNOTS.);
#1404 = CARTESIAN_POINT('',(0.,3.5));
#1405 = CARTESIAN_POINT('',(40.,3.5));
#1406 = ( GEOMETRIC_REPRESENTATION_CONTEXT(2) 
PARAMETRIC_REPRESENTATION_CONTEXT() REPRESENTATION_CONTEXT('2D SPACE',''
  ) );
#1407 = PCURVE('',#615,#1408);
#1408 = DEFINITIONAL_REPRESENTATION('',(#1409),#1412);
#1409 = B_SPLINE_CURVE_WITH_KNOTS('',1,(#1410,#1411),.UNSPECIFIED.,.F.,
  .F.,(2,2),(12.125,52.125),.PIECEWISE_BEZIER_KNOTS.);
#1410 = CARTESIAN_POINT('',(4.,24.25));
#1411 = CARTESIAN_POINT('',(4.,64.25));
#1412 = ( GEOMETRIC_REPRESENTATION_CONTEXT(2) 
PARAMETRIC_REPRESENTATION_CONTEXT() REPRESENTATION_CONTEXT('2D SPACE',''
  ) );
#1413 = ADVANCED_FACE('',(#1414),#309,.T.);
#1414 = FACE_BOUND('',#1415,.T.);
#1415 = EDGE_LOOP('',(#1416,#1417,#1418,#1441));
#1416 = ORIENTED_EDGE('',*,*,#1348,.F.);
#1417 = ORIENTED_EDGE('',*,*,#294,.T.);
#1418 = ORIENTED_EDGE('',*,*,#1419,.T.);
#1419 = EDGE_CURVE('',#295,#1420,#1422,.T.);
#1420 = VERTEX_POINT('',#1421);
#1421 = CARTESIAN_POINT('',(-92.,-42.5,10.));
#1422 = SURFACE_CURVE('',#1423,(#1427,#1434),.PCURVE_S1.);
#1423 = LINE('',#1424,#1425);
#1424 = CARTESIAN_POINT('',(-92.,-46.,10.));
#1425 = VECTOR('',#1426,1.);
#1426 = DIRECTION('',(-0.,1.,0.));
#1427 = PCURVE('',#309,#1428);
#1428 = DEFINITIONAL_REPRESENTATION('',(#1429),#1433);
#1429 = LINE('',#1430,#1431);
#1430 = CARTESIAN_POINT('',(0.,0.));
#1431 = VECTOR('',#1432,1.);
#1432 = DIRECTION('',(0.,-1.));
#1433 = ( GEOMETRIC_REPRESENTATION_CONTEXT(2) 
PARAMETRIC_REPRESENTATION_CONTEXT() REPRESENTATION_CONTEXT('2D SPACE',''
  ) );
#1434 = PCURVE('',#335,#1435);
#1435 = DEFINITIONAL_REPRESENTATION('',(#1436),#1440);
#1436 = LINE('',#1437,#1438);
#1437 = CARTESIAN_POINT('',(0.,0.));
#1438 = VECTOR('',#1439,1.);
#1439 = DIRECTION('',(0.,1.));
#1440 = ( GEOMETRIC_REPRESENTATION_CONTEXT(2) 
PARAMETRIC_REPRESENTATION_CONTEXT() REPRESENTATION_CONTEXT('2D SPACE',''
  ) );
#1441 = ORIENTED_EDGE('',*,*,#1442,.F.);
#1442 = EDGE_CURVE('',#1349,#1420,#1443,.T.);
#1443 = SURFACE_CURVE('',#1444,(#1448,#1454),.PCURVE_S1.);
#1444 = LINE('',#1445,#1446);
#1445 = CARTESIAN_POINT('',(-92.,-42.5,10.));
#1446 = VECTOR('',#1447,1.);
#1447 = DIRECTION('',(-0.,0.,-1.));
#1448 = PCURVE('',#309,#1449);
#1449 = DEFINITIONAL_REPRESENTATION('',(#1450),#1453);
#1450 = B_SPLINE_CURVE_WITH_KNOTS('',1,(#1451,#1452),.UNSPECIFIED.,.F.,
  .F.,(2,2),(-4.,0.),.PIECEWISE_BEZIER_KNOTS.);
#1451 = CARTESIAN_POINT('',(4.,-3.5));
#1452 = CARTESIAN_POINT('',(0.,-3.5));
#1453 = ( GEOMETRIC_REPRESENTATION_CONTEXT(2) 
PARAMETRIC_REPRESENTATION_CONTEXT() REPRESENTATION_CONTEXT('2D SPACE',''
  ) );
#1454 = PCURVE('',#615,#1455);
#1455 = DEFINITIONAL_REPRESENTATION('',(#1456),#1459);
#1456 = B_SPLINE_CURVE_WITH_KNOTS('',1,(#1457,#1458),.UNSPECIFIED.,.F.,
  .F.,(2,2),(-4.,0.),.PIECEWISE_BEZIER_KNOTS.);
#1457 = CARTESIAN_POINT('',(4.,24.25));
#1458 = CARTESIAN_POINT('',(0.,24.25));
#1459 = ( GEOMETRIC_REPRESENTATION_CONTEXT(2) 
PARAMETRIC_REPRESENTATION_CONTEXT() REPRESENTATION_CONTEXT('2D SPACE',''
  ) );
#1460 = ADVANCED_FACE('',(#1461),#360,.F.);
#1461 = FACE_BOUND('',#1462,.F.);
#1462 = EDGE_LOOP('',(#1463,#1464,#1465,#1488));
#1463 = ORIENTED_EDGE('',*,*,#1372,.F.);
#1464 = ORIENTED_EDGE('',*,*,#347,.T.);
#1465 = ORIENTED_EDGE('',*,*,#1466,.T.);
#1466 = EDGE_CURVE('',#321,#1467,#1469,.T.);
#1467 = VERTEX_POINT('',#1468);
#1468 = CARTESIAN_POINT('',(-52.,-42.5,10.));
#1469 = SURFACE_CURVE('',#1470,(#1474,#1481),.PCURVE_S1.);
#1470 = LINE('',#1471,#1472);
#1471 = CARTESIAN_POINT('',(-52.,-46.,10.));
#1472 = VECTOR('',#1473,1.);
#1473 = DIRECTION('',(-0.,1.,0.));
#1474 = PCURVE('',#360,#1475);
#1475 = DEFINITIONAL_REPRESENTATION('',(#1476),#1480);
#1476 = LINE('',#1477,#1478);
#1477 = CARTESIAN_POINT('',(0.,0.));
#1478 = VECTOR('',#1479,1.);
#1479 = DIRECTION('',(0.,-1.));
#1480 = ( GEOMETRIC_REPRESENTATION_CONTEXT(2) 
PARAMETRIC_REPRESENTATION_CONTEXT() REPRESENTATION_CONTEXT('2D SPACE',''
  ) );
#1481 = PCURVE('',#335,#1482);
#1482 = DEFINITIONAL_REPRESENTATION('',(#1483),#1487);
#1483 = LINE('',#1484,#1485);
#1484 = CARTESIAN_POINT('',(40.,0.));
#1485 = VECTOR('',#1486,1.);
#1486 = DIRECTION('',(0.,1.));
#1487 = ( GEOMETRIC_REPRESENTATION_CONTEXT(2) 
PARAMETRIC_REPRESENTATION_CONTEXT() REPRESENTATION_CONTEXT('2D SPACE',''
  ) );
#1488 = ORIENTED_EDGE('',*,*,#1489,.F.);
#1489 = EDGE_CURVE('',#1373,#1467,#1490,.T.);
#1490 = SURFACE_CURVE('',#1491,(#1495,#1501),.PCURVE_S1.);
#1491 = LINE('',#1492,#1493);
#1492 = CARTESIAN_POINT('',(-52.,-42.5,10.));
#1493 = VECTOR('',#1494,1.);
#1494 = DIRECTION('',(-0.,0.,-1.));
#1495 = PCURVE('',#360,#1496);
#1496 = DEFINITIONAL_REPRESENTATION('',(#1497),#1500);
#1497 = B_SPLINE_CURVE_WITH_KNOTS('',1,(#1498,#1499),.UNSPECIFIED.,.F.,
  .F.,(2,2),(-4.,0.),.PIECEWISE_BEZIER_KNOTS.);
#1498 = CARTESIAN_POINT('',(4.,-3.5));
#1499 = CARTESIAN_POINT('',(0.,-3.5));
#1500 = ( GEOMETRIC_REPRESENTATION_CONTEXT(2) 
PARAMETRIC_REPRESENTATION_CONTEXT() REPRESENTATION_CONTEXT('2D SPACE',''
  ) );
#1501 = PCURVE('',#615,#1502);
#1502 = DEFINITIONAL_REPRESENTATION('',(#1503),#1506);
#1503 = B_SPLINE_CURVE_WITH_KNOTS('',1,(#1504,#1505),.UNSPECIFIED.,.F.,
  .F.,(2,2),(-4.,0.),.PIECEWISE_BEZIER_KNOTS.);
#1504 = CARTESIAN_POINT('',(4.,64.25));
#1505 = CARTESIAN_POINT('',(0.,64.25));
#1506 = ( GEOMETRIC_REPRESENTATION_CONTEXT(2) 
PARAMETRIC_REPRESENTATION_CONTEXT() REPRESENTATION_CONTEXT('2D SPACE',''
  ) );
#1507 = ADVANCED_FACE('',(#1508,#1694,#1720,#1746,#1772),#335,.T.);
#1508 = FACE_BOUND('',#1509,.T.);
#1509 = EDGE_LOOP('',(#1510,#1511,#1512,#1535,#1558,#1581,#1602,#1603,
    #1626,#1649,#1672,#1693));
#1510 = ORIENTED_EDGE('',*,*,#320,.T.);
#1511 = ORIENTED_EDGE('',*,*,#1466,.T.);
#1512 = ORIENTED_EDGE('',*,*,#1513,.T.);
#1513 = EDGE_CURVE('',#1467,#1514,#1516,.T.);
#1514 = VERTEX_POINT('',#1515);
#1515 = CARTESIAN_POINT('',(36.25,-42.5,10.));
#1516 = SURFACE_CURVE('',#1517,(#1521,#1528),.PCURVE_S1.);
#1517 = LINE('',#1518,#1519);
#1518 = CARTESIAN_POINT('',(-116.25,-42.5,10.));
#1519 = VECTOR('',#1520,1.);
#1520 = DIRECTION('',(1.,0.,-0.));
#1521 = PCURVE('',#335,#1522);
#1522 = DEFINITIONAL_REPRESENTATION('',(#1523),#1527);
#1523 = LINE('',#1524,#1525);
#1524 = CARTESIAN_POINT('',(-24.25,3.5));
#1525 = VECTOR('',#1526,1.);
#1526 = DIRECTION('',(1.,0.));
#1527 = ( GEOMETRIC_REPRESENTATION_CONTEXT(2) 
PARAMETRIC_REPRESENTATION_CONTEXT() REPRESENTATION_CONTEXT('2D SPACE',''
  ) );
#1528 = PCURVE('',#615,#1529);
#1529 = DEFINITIONAL_REPRESENTATION('',(#1530),#1534);
#1530 = LINE('',#1531,#1532);
#1531 = CARTESIAN_POINT('',(0.,0.));
#1532 = VECTOR('',#1533,1.);
#1533 = DIRECTION('',(0.,1.));
#1534 = ( GEOMETRIC_REPRESENTATION_CONTEXT(2) 
PARAMETRIC_REPRESENTATION_CONTEXT() REPRESENTATION_CONTEXT('2D SPACE',''
  ) );
#1535 = ORIENTED_EDGE('',*,*,#1536,.T.);
#1536 = EDGE_CURVE('',#1514,#1537,#1539,.T.);
#1537 = VERTEX_POINT('',#1538);
#1538 = CARTESIAN_POINT('',(36.25,42.5,10.));
#1539 = SURFACE_CURVE('',#1540,(#1544,#1551),.PCURVE_S1.);
#1540 = LINE('',#1541,#1542);
#1541 = CARTESIAN_POINT('',(36.25,-42.5,10.));
#1542 = VECTOR('',#1543,1.);
#1543 = DIRECTION('',(-0.,1.,0.));
#1544 = PCURVE('',#335,#1545);
#1545 = DEFINITIONAL_REPRESENTATION('',(#1546),#1550);
#1546 = LINE('',#1547,#1548);
#1547 = CARTESIAN_POINT('',(128.25,3.5));
#1548 = VECTOR('',#1549,1.);
#1549 = DIRECTION('',(0.,1.));
#1550 = ( GEOMETRIC_REPRESENTATION_CONTEXT(2) 
PARAMETRIC_REPRESENTATION_CONTEXT() REPRESENTATION_CONTEXT('2D SPACE',''
  ) );
#1551 = PCURVE('',#691,#1552);
#1552 = DEFINITIONAL_REPRESENTATION('',(#1553),#1557);
#1553 = LINE('',#1554,#1555);
#1554 = CARTESIAN_POINT('',(0.,0.));
#1555 = VECTOR('',#1556,1.);
#1556 = DIRECTION('',(0.,-1.));
#1557 = ( GEOMETRIC_REPRESENTATION_CONTEXT(2) 
PARAMETRIC_REPRESENTATION_CONTEXT() REPRESENTATION_CONTEXT('2D SPACE',''
  ) );
#1558 = ORIENTED_EDGE('',*,*,#1559,.F.);
#1559 = EDGE_CURVE('',#1560,#1537,#1562,.T.);
#1560 = VERTEX_POINT('',#1561);
#1561 = CARTESIAN_POINT('',(-52.,42.5,10.));
#1562 = SURFACE_CURVE('',#1563,(#1567,#1574),.PCURVE_S1.);
#1563 = LINE('',#1564,#1565);
#1564 = CARTESIAN_POINT('',(-116.25,42.5,10.));
#1565 = VECTOR('',#1566,1.);
#1566 = DIRECTION('',(1.,0.,-0.));
#1567 = PCURVE('',#335,#1568);
#1568 = DEFINITIONAL_REPRESENTATION('',(#1569),#1573);
#1569 = LINE('',#1570,#1571);
#1570 = CARTESIAN_POINT('',(-24.25,88.5));
#1571 = VECTOR('',#1572,1.);
#1572 = DIRECTION('',(1.,0.));
#1573 = ( GEOMETRIC_REPRESENTATION_CONTEXT(2) 
PARAMETRIC_REPRESENTATION_CONTEXT() REPRESENTATION_CONTEXT('2D SPACE',''
  ) );
#1574 = PCURVE('',#667,#1575);
#1575 = DEFINITIONAL_REPRESENTATION('',(#1576),#1580);
#1576 = LINE('',#1577,#1578);
#1577 = CARTESIAN_POINT('',(0.,0.));
#1578 = VECTOR('',#1579,1.);
#1579 = DIRECTION('',(0.,1.));
#1580 = ( GEOMETRIC_REPRESENTATION_CONTEXT(2) 
PARAMETRIC_REPRESENTATION_CONTEXT() REPRESENTATION_CONTEXT('2D SPACE',''
  ) );
#1581 = ORIENTED_EDGE('',*,*,#1582,.T.);
#1582 = EDGE_CURVE('',#1560,#808,#1583,.T.);
#1583 = SURFACE_CURVE('',#1584,(#1588,#1595),.PCURVE_S1.);
#1584 = LINE('',#1585,#1586);
#1585 = CARTESIAN_POINT('',(-52.,41.5,10.));
#1586 = VECTOR('',#1587,1.);
#1587 = DIRECTION('',(-0.,1.,0.));
#1588 = PCURVE('',#335,#1589);
#1589 = DEFINITIONAL_REPRESENTATION('',(#1590),#1594);
#1590 = LINE('',#1591,#1592);
#1591 = CARTESIAN_POINT('',(40.,87.5));
#1592 = VECTOR('',#1593,1.);
#1593 = DIRECTION('',(0.,1.));
#1594 = ( GEOMETRIC_REPRESENTATION_CONTEXT(2) 
PARAMETRIC_REPRESENTATION_CONTEXT() REPRESENTATION_CONTEXT('2D SPACE',''
  ) );
#1595 = PCURVE('',#842,#1596);
#1596 = DEFINITIONAL_REPRESENTATION('',(#1597),#1601);
#1597 = LINE('',#1598,#1599);
#1598 = CARTESIAN_POINT('',(0.,0.));
#1599 = VECTOR('',#1600,1.);
#1600 = DIRECTION('',(0.,-1.));
#1601 = ( GEOMETRIC_REPRESENTATION_CONTEXT(2) 
PARAMETRIC_REPRESENTATION_CONTEXT() REPRESENTATION_CONTEXT('2D SPACE',''
  ) );
#1602 = ORIENTED_EDGE('',*,*,#807,.F.);
#1603 = ORIENTED_EDGE('',*,*,#1604,.F.);
#1604 = EDGE_CURVE('',#1605,#782,#1607,.T.);
#1605 = VERTEX_POINT('',#1606);
#1606 = CARTESIAN_POINT('',(-92.,42.5,10.));
#1607 = SURFACE_CURVE('',#1608,(#1612,#1619),.PCURVE_S1.);
#1608 = LINE('',#1609,#1610);
#1609 = CARTESIAN_POINT('',(-92.,41.5,10.));
#1610 = VECTOR('',#1611,1.);
#1611 = DIRECTION('',(-0.,1.,0.));
#1612 = PCURVE('',#335,#1613);
#1613 = DEFINITIONAL_REPRESENTATION('',(#1614),#1618);
#1614 = LINE('',#1615,#1616);
#1615 = CARTESIAN_POINT('',(0.,87.5));
#1616 = VECTOR('',#1617,1.);
#1617 = DIRECTION('',(0.,1.));
#1618 = ( GEOMETRIC_REPRESENTATION_CONTEXT(2) 
PARAMETRIC_REPRESENTATION_CONTEXT() REPRESENTATION_CONTEXT('2D SPACE',''
  ) );
#1619 = PCURVE('',#796,#1620);
#1620 = DEFINITIONAL_REPRESENTATION('',(#1621),#1625);
#1621 = LINE('',#1622,#1623);
#1622 = CARTESIAN_POINT('',(0.,0.));
#1623 = VECTOR('',#1624,1.);
#1624 = DIRECTION('',(0.,-1.));
#1625 = ( GEOMETRIC_REPRESENTATION_CONTEXT(2) 
PARAMETRIC_REPRESENTATION_CONTEXT() REPRESENTATION_CONTEXT('2D SPACE',''
  ) );
#1626 = ORIENTED_EDGE('',*,*,#1627,.F.);
#1627 = EDGE_CURVE('',#1628,#1605,#1630,.T.);
#1628 = VERTEX_POINT('',#1629);
#1629 = CARTESIAN_POINT('',(-116.25,42.5,10.));
#1630 = SURFACE_CURVE('',#1631,(#1635,#1642),.PCURVE_S1.);
#1631 = LINE('',#1632,#1633);
#1632 = CARTESIAN_POINT('',(-116.25,42.5,10.));
#1633 = VECTOR('',#1634,1.);
#1634 = DIRECTION('',(1.,0.,-0.));
#1635 = PCURVE('',#335,#1636);
#1636 = DEFINITIONAL_REPRESENTATION('',(#1637),#1641);
#1637 = LINE('',#1638,#1639);
#1638 = CARTESIAN_POINT('',(-24.25,88.5));
#1639 = VECTOR('',#1640,1.);
#1640 = DIRECTION('',(1.,0.));
#1641 = ( GEOMETRIC_REPRESENTATION_CONTEXT(2) 
PARAMETRIC_REPRESENTATION_CONTEXT() REPRESENTATION_CONTEXT('2D SPACE',''
  ) );
#1642 = PCURVE('',#667,#1643);
#1643 = DEFINITIONAL_REPRESENTATION('',(#1644),#1648);
#1644 = LINE('',#1645,#1646);
#1645 = CARTESIAN_POINT('',(0.,0.));
#1646 = VECTOR('',#1647,1.);
#1647 = DIRECTION('',(0.,1.));
#1648 = ( GEOMETRIC_REPRESENTATION_CONTEXT(2) 
PARAMETRIC_REPRESENTATION_CONTEXT() REPRESENTATION_CONTEXT('2D SPACE',''
  ) );
#1649 = ORIENTED_EDGE('',*,*,#1650,.F.);
#1650 = EDGE_CURVE('',#1651,#1628,#1653,.T.);
#1651 = VERTEX_POINT('',#1652);
#1652 = CARTESIAN_POINT('',(-116.25,-42.5,10.));
#1653 = SURFACE_CURVE('',#1654,(#1658,#1665),.PCURVE_S1.);
#1654 = LINE('',#1655,#1656);
#1655 = CARTESIAN_POINT('',(-116.25,-42.5,10.));
#1656 = VECTOR('',#1657,1.);
#1657 = DIRECTION('',(-0.,1.,0.));
#1658 = PCURVE('',#335,#1659);
#1659 = DEFINITIONAL_REPRESENTATION('',(#1660),#1664);
#1660 = LINE('',#1661,#1662);
#1661 = CARTESIAN_POINT('',(-24.25,3.5));
#1662 = VECTOR('',#1663,1.);
#1663 = DIRECTION('',(0.,1.));
#1664 = ( GEOMETRIC_REPRESENTATION_CONTEXT(2) 
PARAMETRIC_REPRESENTATION_CONTEXT() REPRESENTATION_CONTEXT('2D SPACE',''
  ) );
#1665 = PCURVE('',#641,#1666);
#1666 = DEFINITIONAL_REPRESENTATION('',(#1667),#1671);
#1667 = LINE('',#1668,#1669);
#1668 = CARTESIAN_POINT('',(0.,0.));
#1669 = VECTOR('',#1670,1.);
#1670 = DIRECTION('',(0.,-1.));
#1671 = ( GEOMETRIC_REPRESENTATION_CONTEXT(2) 
PARAMETRIC_REPRESENTATION_CONTEXT() REPRESENTATION_CONTEXT('2D SPACE',''
  ) );
#1672 = ORIENTED_EDGE('',*,*,#1673,.T.);
#1673 = EDGE_CURVE('',#1651,#1420,#1674,.T.);
#1674 = SURFACE_CURVE('',#1675,(#1679,#1686),.PCURVE_S1.);
#1675 = LINE('',#1676,#1677);
#1676 = CARTESIAN_POINT('',(-116.25,-42.5,10.));
#1677 = VECTOR('',#1678,1.);
#1678 = DIRECTION('',(1.,0.,-0.));
#1679 = PCURVE('',#335,#1680);
#1680 = DEFINITIONAL_REPRESENTATION('',(#1681),#1685);
#1681 = LINE('',#1682,#1683);
#1682 = CARTESIAN_POINT('',(-24.25,3.5));
#1683 = VECTOR('',#1684,1.);
#1684 = DIRECTION('',(1.,0.));
#1685 = ( GEOMETRIC_REPRESENTATION_CONTEXT(2) 
PARAMETRIC_REPRESENTATION_CONTEXT() REPRESENTATION_CONTEXT('2D SPACE',''
  ) );
#1686 = PCURVE('',#615,#1687);
#1687 = DEFINITIONAL_REPRESENTATION('',(#1688),#1692);
#1688 = LINE('',#1689,#1690);
#1689 = CARTESIAN_POINT('',(0.,0.));
#1690 = VECTOR('',#1691,1.);
#1691 = DIRECTION('',(0.,1.));
#1692 = ( GEOMETRIC_REPRESENTATION_CONTEXT(2) 
PARAMETRIC_REPRESENTATION_CONTEXT() REPRESENTATION_CONTEXT('2D SPACE',''
  ) );
#1693 = ORIENTED_EDGE('',*,*,#1419,.F.);
#1694 = FACE_BOUND('',#1695,.T.);
#1695 = EDGE_LOOP('',(#1696));
#1696 = ORIENTED_EDGE('',*,*,#1697,.F.);
#1697 = EDGE_CURVE('',#1698,#1698,#1700,.T.);
#1698 = VERTEX_POINT('',#1699);
#1699 = CARTESIAN_POINT('',(-97.65,-24.5,10.));
#1700 = SURFACE_CURVE('',#1701,(#1706,#1713),.PCURVE_S1.);
#1701 = CIRCLE('',#1702,1.35);
#1702 = AXIS2_PLACEMENT_3D('',#1703,#1704,#1705);
#1703 = CARTESIAN_POINT('',(-99.,-24.5,10.));
#1704 = DIRECTION('',(0.,0.,1.));
#1705 = DIRECTION('',(1.,0.,-0.));
#1706 = PCURVE('',#335,#1707);
#1707 = DEFINITIONAL_REPRESENTATION('',(#1708),#1712);
#1708 = CIRCLE('',#1709,1.35);
#1709 = AXIS2_PLACEMENT_2D('',#1710,#1711);
#1710 = CARTESIAN_POINT('',(-7.,21.5));
#1711 = DIRECTION('',(1.,0.));
#1712 = ( GEOMETRIC_REPRESENTATION_CONTEXT(2) 
PARAMETRIC_REPRESENTATION_CONTEXT() REPRESENTATION_CONTEXT('2D SPACE',''
  ) );
#1713 = PCURVE('',#1005,#1714);
#1714 = DEFINITIONAL_REPRESENTATION('',(#1715),#1719);
#1715 = LINE('',#1716,#1717);
#1716 = CARTESIAN_POINT('',(0.,3.5));
#1717 = VECTOR('',#1718,1.);
#1718 = DIRECTION('',(1.,0.));
#1719 = ( GEOMETRIC_REPRESENTATION_CONTEXT(2) 
PARAMETRIC_REPRESENTATION_CONTEXT() REPRESENTATION_CONTEXT('2D SPACE',''
  ) );
#1720 = FACE_BOUND('',#1721,.T.);
#1721 = EDGE_LOOP('',(#1722));
#1722 = ORIENTED_EDGE('',*,*,#1723,.F.);
#1723 = EDGE_CURVE('',#1724,#1724,#1726,.T.);
#1724 = VERTEX_POINT('',#1725);
#1725 = CARTESIAN_POINT('',(-39.65,-24.5,10.));
#1726 = SURFACE_CURVE('',#1727,(#1732,#1739),.PCURVE_S1.);
#1727 = CIRCLE('',#1728,1.35);
#1728 = AXIS2_PLACEMENT_3D('',#1729,#1730,#1731);
#1729 = CARTESIAN_POINT('',(-41.,-24.5,10.));
#1730 = DIRECTION('',(0.,0.,1.));
#1731 = DIRECTION('',(1.,0.,-0.));
#1732 = PCURVE('',#335,#1733);
#1733 = DEFINITIONAL_REPRESENTATION('',(#1734),#1738);
#1734 = CIRCLE('',#1735,1.35);
#1735 = AXIS2_PLACEMENT_2D('',#1736,#1737);
#1736 = CARTESIAN_POINT('',(51.,21.5));
#1737 = DIRECTION('',(1.,0.));
#1738 = ( GEOMETRIC_REPRESENTATION_CONTEXT(2) 
PARAMETRIC_REPRESENTATION_CONTEXT() REPRESENTATION_CONTEXT('2D SPACE',''
  ) );
#1739 = PCURVE('',#1036,#1740);
#1740 = DEFINITIONAL_REPRESENTATION('',(#1741),#1745);
#1741 = LINE('',#1742,#1743);
#1742 = CARTESIAN_POINT('',(0.,3.5));
#1743 = VECTOR('',#1744,1.);
#1744 = DIRECTION('',(1.,0.));
#1745 = ( GEOMETRIC_REPRESENTATION_CONTEXT(2) 
PARAMETRIC_REPRESENTATION_CONTEXT() REPRESENTATION_CONTEXT('2D SPACE',''
  ) );
#1746 = FACE_BOUND('',#1747,.T.);
#1747 = EDGE_LOOP('',(#1748));
#1748 = ORIENTED_EDGE('',*,*,#1749,.F.);
#1749 = EDGE_CURVE('',#1750,#1750,#1752,.T.);
#1750 = VERTEX_POINT('',#1751);
#1751 = CARTESIAN_POINT('',(-97.65,24.5,10.));
#1752 = SURFACE_CURVE('',#1753,(#1758,#1765),.PCURVE_S1.);
#1753 = CIRCLE('',#1754,1.35);
#1754 = AXIS2_PLACEMENT_3D('',#1755,#1756,#1757);
#1755 = CARTESIAN_POINT('',(-99.,24.5,10.));
#1756 = DIRECTION('',(0.,0.,1.));
#1757 = DIRECTION('',(1.,0.,-0.));
#1758 = PCURVE('',#335,#1759);
#1759 = DEFINITIONAL_REPRESENTATION('',(#1760),#1764);
#1760 = CIRCLE('',#1761,1.35);
#1761 = AXIS2_PLACEMENT_2D('',#1762,#1763);
#1762 = CARTESIAN_POINT('',(-7.,70.5));
#1763 = DIRECTION('',(1.,0.));
#1764 = ( GEOMETRIC_REPRESENTATION_CONTEXT(2) 
PARAMETRIC_REPRESENTATION_CONTEXT() REPRESENTATION_CONTEXT('2D SPACE',''
  ) );
#1765 = PCURVE('',#1181,#1766);
#1766 = DEFINITIONAL_REPRESENTATION('',(#1767),#1771);
#1767 = LINE('',#1768,#1769);
#1768 = CARTESIAN_POINT('',(0.,3.5));
#1769 = VECTOR('',#1770,1.);
#1770 = DIRECTION('',(1.,0.));
#1771 = ( GEOMETRIC_REPRESENTATION_CONTEXT(2) 
PARAMETRIC_REPRESENTATION_CONTEXT() REPRESENTATION_CONTEXT('2D SPACE',''
  ) );
#1772 = FACE_BOUND('',#1773,.T.);
#1773 = EDGE_LOOP('',(#1774));
#1774 = ORIENTED_EDGE('',*,*,#1775,.F.);
#1775 = EDGE_CURVE('',#1776,#1776,#1778,.T.);
#1776 = VERTEX_POINT('',#1777);
#1777 = CARTESIAN_POINT('',(-39.65,24.5,10.));
#1778 = SURFACE_CURVE('',#1779,(#1784,#1791),.PCURVE_S1.);
#1779 = CIRCLE('',#1780,1.35);
#1780 = AXIS2_PLACEMENT_3D('',#1781,#1782,#1783);
#1781 = CARTESIAN_POINT('',(-41.,24.5,10.));
#1782 = DIRECTION('',(0.,0.,1.));
#1783 = DIRECTION('',(1.,0.,-0.));
#1784 = PCURVE('',#335,#1785);
#1785 = DEFINITIONAL_REPRESENTATION('',(#1786),#1790);
#1786 = CIRCLE('',#1787,1.35);
#1787 = AXIS2_PLACEMENT_2D('',#1788,#1789);
#1788 = CARTESIAN_POINT('',(51.,70.5));
#1789 = DIRECTION('',(1.,0.));
#1790 = ( GEOMETRIC_REPRESENTATION_CONTEXT(2) 
PARAMETRIC_REPRESENTATION_CONTEXT() REPRESENTATION_CONTEXT('2D SPACE',''
  ) );
#1791 = PCURVE('',#1212,#1792);
#1792 = DEFINITIONAL_REPRESENTATION('',(#1793),#1797);
#1793 = LINE('',#1794,#1795);
#1794 = CARTESIAN_POINT('',(0.,3.5));
#1795 = VECTOR('',#1796,1.);
#1796 = DIRECTION('',(1.,0.));
#1797 = ( GEOMETRIC_REPRESENTATION_CONTEXT(2) 
PARAMETRIC_REPRESENTATION_CONTEXT() REPRESENTATION_CONTEXT('2D SPACE',''
  ) );
#1798 = ADVANCED_FACE('',(#1799),#390,.F.);
#1799 = FACE_BOUND('',#1800,.F.);
#1800 = EDGE_LOOP('',(#1801,#1824,#1825,#1848));
#1801 = ORIENTED_EDGE('',*,*,#1802,.F.);
#1802 = EDGE_CURVE('',#374,#1803,#1805,.T.);
#1803 = VERTEX_POINT('',#1804);
#1804 = CARTESIAN_POINT('',(-92.,-42.5,21.));
#1805 = SURFACE_CURVE('',#1806,(#1810,#1817),.PCURVE_S1.);
#1806 = LINE('',#1807,#1808);
#1807 = CARTESIAN_POINT('',(-92.,-46.,21.));
#1808 = VECTOR('',#1809,1.);
#1809 = DIRECTION('',(-0.,1.,0.));
#1810 = PCURVE('',#390,#1811);
#1811 = DEFINITIONAL_REPRESENTATION('',(#1812),#1816);
#1812 = LINE('',#1813,#1814);
#1813 = CARTESIAN_POINT('',(0.,0.));
#1814 = VECTOR('',#1815,1.);
#1815 = DIRECTION('',(0.,1.));
#1816 = ( GEOMETRIC_REPRESENTATION_CONTEXT(2) 
PARAMETRIC_REPRESENTATION_CONTEXT() REPRESENTATION_CONTEXT('2D SPACE',''
  ) );
#1817 = PCURVE('',#416,#1818);
#1818 = DEFINITIONAL_REPRESENTATION('',(#1819),#1823);
#1819 = LINE('',#1820,#1821);
#1820 = CARTESIAN_POINT('',(4.,0.));
#1821 = VECTOR('',#1822,1.);
#1822 = DIRECTION('',(0.,-1.));
#1823 = ( GEOMETRIC_REPRESENTATION_CONTEXT(2) 
PARAMETRIC_REPRESENTATION_CONTEXT() REPRESENTATION_CONTEXT('2D SPACE',''
  ) );
#1824 = ORIENTED_EDGE('',*,*,#373,.T.);
#1825 = ORIENTED_EDGE('',*,*,#1826,.T.);
#1826 = EDGE_CURVE('',#376,#1827,#1829,.T.);
#1827 = VERTEX_POINT('',#1828);
#1828 = CARTESIAN_POINT('',(-52.,-42.5,21.));
#1829 = SURFACE_CURVE('',#1830,(#1834,#1841),.PCURVE_S1.);
#1830 = LINE('',#1831,#1832);
#1831 = CARTESIAN_POINT('',(-52.,-46.,21.));
#1832 = VECTOR('',#1833,1.);
#1833 = DIRECTION('',(-0.,1.,0.));
#1834 = PCURVE('',#390,#1835);
#1835 = DEFINITIONAL_REPRESENTATION('',(#1836),#1840);
#1836 = LINE('',#1837,#1838);
#1837 = CARTESIAN_POINT('',(40.,0.));
#1838 = VECTOR('',#1839,1.);
#1839 = DIRECTION('',(0.,1.));
#1840 = ( GEOMETRIC_REPRESENTATION_CONTEXT(2) 
PARAMETRIC_REPRESENTATION_CONTEXT() REPRESENTATION_CONTEXT('2D SPACE',''
  ) );
#1841 = PCURVE('',#466,#1842);
#1842 = DEFINITIONAL_REPRESENTATION('',(#1843),#1847);
#1843 = LINE('',#1844,#1845);
#1844 = CARTESIAN_POINT('',(4.,0.));
#1845 = VECTOR('',#1846,1.);
#1846 = DIRECTION('',(0.,-1.));
#1847 = ( GEOMETRIC_REPRESENTATION_CONTEXT(2) 
PARAMETRIC_REPRESENTATION_CONTEXT() REPRESENTATION_CONTEXT('2D SPACE',''
  ) );
#1848 = ORIENTED_EDGE('',*,*,#1849,.F.);
#1849 = EDGE_CURVE('',#1803,#1827,#1850,.T.);
#1850 = SURFACE_CURVE('',#1851,(#1855,#1861),.PCURVE_S1.);
#1851 = LINE('',#1852,#1853);
#1852 = CARTESIAN_POINT('',(-104.125,-42.5,21.));
#1853 = VECTOR('',#1854,1.);
#1854 = DIRECTION('',(1.,0.,-0.));
#1855 = PCURVE('',#390,#1856);
#1856 = DEFINITIONAL_REPRESENTATION('',(#1857),#1860);
#1857 = B_SPLINE_CURVE_WITH_KNOTS('',1,(#1858,#1859),.UNSPECIFIED.,.F.,
  .F.,(2,2),(12.125,52.125),.PIECEWISE_BEZIER_KNOTS.);
#1858 = CARTESIAN_POINT('',(0.,3.5));
#1859 = CARTESIAN_POINT('',(40.,3.5));
#1860 = ( GEOMETRIC_REPRESENTATION_CONTEXT(2) 
PARAMETRIC_REPRESENTATION_CONTEXT() REPRESENTATION_CONTEXT('2D SPACE',''
  ) );
#1861 = PCURVE('',#615,#1862);
#1862 = DEFINITIONAL_REPRESENTATION('',(#1863),#1866);
#1863 = B_SPLINE_CURVE_WITH_KNOTS('',1,(#1864,#1865),.UNSPECIFIED.,.F.,
  .F.,(2,2),(12.125,52.125),.PIECEWISE_BEZIER_KNOTS.);
#1864 = CARTESIAN_POINT('',(11.,24.25));
#1865 = CARTESIAN_POINT('',(11.,64.25));
#1866 = ( GEOMETRIC_REPRESENTATION_CONTEXT(2) 
PARAMETRIC_REPRESENTATION_CONTEXT() REPRESENTATION_CONTEXT('2D SPACE',''
  ) );
#1867 = ADVANCED_FACE('',(#1868),#416,.T.);
#1868 = FACE_BOUND('',#1869,.T.);
#1869 = EDGE_LOOP('',(#1870,#1871,#1872,#1895));
#1870 = ORIENTED_EDGE('',*,*,#1802,.F.);
#1871 = ORIENTED_EDGE('',*,*,#401,.T.);
#1872 = ORIENTED_EDGE('',*,*,#1873,.T.);
#1873 = EDGE_CURVE('',#402,#1874,#1876,.T.);
#1874 = VERTEX_POINT('',#1875);
#1875 = CARTESIAN_POINT('',(-92.,-42.5,17.));
#1876 = SURFACE_CURVE('',#1877,(#1881,#1888),.PCURVE_S1.);
#1877 = LINE('',#1878,#1879);
#1878 = CARTESIAN_POINT('',(-92.,-46.,17.));
#1879 = VECTOR('',#1880,1.);
#1880 = DIRECTION('',(-0.,1.,0.));
#1881 = PCURVE('',#416,#1882);
#1882 = DEFINITIONAL_REPRESENTATION('',(#1883),#1887);
#1883 = LINE('',#1884,#1885);
#1884 = CARTESIAN_POINT('',(0.,0.));
#1885 = VECTOR('',#1886,1.);
#1886 = DIRECTION('',(0.,-1.));
#1887 = ( GEOMETRIC_REPRESENTATION_CONTEXT(2) 
PARAMETRIC_REPRESENTATION_CONTEXT() REPRESENTATION_CONTEXT('2D SPACE',''
  ) );
#1888 = PCURVE('',#442,#1889);
#1889 = DEFINITIONAL_REPRESENTATION('',(#1890),#1894);
#1890 = LINE('',#1891,#1892);
#1891 = CARTESIAN_POINT('',(0.,0.));
#1892 = VECTOR('',#1893,1.);
#1893 = DIRECTION('',(0.,1.));
#1894 = ( GEOMETRIC_REPRESENTATION_CONTEXT(2) 
PARAMETRIC_REPRESENTATION_CONTEXT() REPRESENTATION_CONTEXT('2D SPACE',''
  ) );
#1895 = ORIENTED_EDGE('',*,*,#1896,.F.);
#1896 = EDGE_CURVE('',#1803,#1874,#1897,.T.);
#1897 = SURFACE_CURVE('',#1898,(#1902,#1908),.PCURVE_S1.);
#1898 = LINE('',#1899,#1900);
#1899 = CARTESIAN_POINT('',(-92.,-42.5,13.5));
#1900 = VECTOR('',#1901,1.);
#1901 = DIRECTION('',(-0.,0.,-1.));
#1902 = PCURVE('',#416,#1903);
#1903 = DEFINITIONAL_REPRESENTATION('',(#1904),#1907);
#1904 = B_SPLINE_CURVE_WITH_KNOTS('',1,(#1905,#1906),.UNSPECIFIED.,.F.,
  .F.,(2,2),(-7.5,-3.5),.PIECEWISE_BEZIER_KNOTS.);
#1905 = CARTESIAN_POINT('',(4.,-3.5));
#1906 = CARTESIAN_POINT('',(0.,-3.5));
#1907 = ( GEOMETRIC_REPRESENTATION_CONTEXT(2) 
PARAMETRIC_REPRESENTATION_CONTEXT() REPRESENTATION_CONTEXT('2D SPACE',''
  ) );
#1908 = PCURVE('',#615,#1909);
#1909 = DEFINITIONAL_REPRESENTATION('',(#1910),#1913);
#1910 = B_SPLINE_CURVE_WITH_KNOTS('',1,(#1911,#1912),.UNSPECIFIED.,.F.,
  .F.,(2,2),(-7.5,-3.5),.PIECEWISE_BEZIER_KNOTS.);
#1911 = CARTESIAN_POINT('',(11.,24.25));
#1912 = CARTESIAN_POINT('',(7.,24.25));
#1913 = ( GEOMETRIC_REPRESENTATION_CONTEXT(2) 
PARAMETRIC_REPRESENTATION_CONTEXT() REPRESENTATION_CONTEXT('2D SPACE',''
  ) );
#1914 = ADVANCED_FACE('',(#1915),#466,.F.);
#1915 = FACE_BOUND('',#1916,.F.);
#1916 = EDGE_LOOP('',(#1917,#1918,#1919,#1942));
#1917 = ORIENTED_EDGE('',*,*,#1826,.F.);
#1918 = ORIENTED_EDGE('',*,*,#453,.T.);
#1919 = ORIENTED_EDGE('',*,*,#1920,.T.);
#1920 = EDGE_CURVE('',#428,#1921,#1923,.T.);
#1921 = VERTEX_POINT('',#1922);
#1922 = CARTESIAN_POINT('',(-52.,-42.5,17.));
#1923 = SURFACE_CURVE('',#1924,(#1928,#1935),.PCURVE_S1.);
#1924 = LINE('',#1925,#1926);
#1925 = CARTESIAN_POINT('',(-52.,-46.,17.));
#1926 = VECTOR('',#1927,1.);
#1927 = DIRECTION('',(-0.,1.,0.));
#1928 = PCURVE('',#466,#1929);
#1929 = DEFINITIONAL_REPRESENTATION('',(#1930),#1934);
#1930 = LINE('',#1931,#1932);
#1931 = CARTESIAN_POINT('',(0.,0.));
#1932 = VECTOR('',#1933,1.);
#1933 = DIRECTION('',(0.,-1.));
#1934 = ( GEOMETRIC_REPRESENTATION_CONTEXT(2) 
PARAMETRIC_REPRESENTATION_CONTEXT() REPRESENTATION_CONTEXT('2D SPACE',''
  ) );
#1935 = PCURVE('',#442,#1936);
#1936 = DEFINITIONAL_REPRESENTATION('',(#1937),#1941);
#1937 = LINE('',#1938,#1939);
#1938 = CARTESIAN_POINT('',(40.,0.));
#1939 = VECTOR('',#1940,1.);
#1940 = DIRECTION('',(0.,1.));
#1941 = ( GEOMETRIC_REPRESENTATION_CONTEXT(2) 
PARAMETRIC_REPRESENTATION_CONTEXT() REPRESENTATION_CONTEXT('2D SPACE',''
  ) );
#1942 = ORIENTED_EDGE('',*,*,#1943,.F.);
#1943 = EDGE_CURVE('',#1827,#1921,#1944,.T.);
#1944 = SURFACE_CURVE('',#1945,(#1949,#1955),.PCURVE_S1.);
#1945 = LINE('',#1946,#1947);
#1946 = CARTESIAN_POINT('',(-52.,-42.5,13.5));
#1947 = VECTOR('',#1948,1.);
#1948 = DIRECTION('',(-0.,0.,-1.));
#1949 = PCURVE('',#466,#1950);
#1950 = DEFINITIONAL_REPRESENTATION('',(#1951),#1954);
#1951 = B_SPLINE_CURVE_WITH_KNOTS('',1,(#1952,#1953),.UNSPECIFIED.,.F.,
  .F.,(2,2),(-7.5,-3.5),.PIECEWISE_BEZIER_KNOTS.);
#1952 = CARTESIAN_POINT('',(4.,-3.5));
#1953 = CARTESIAN_POINT('',(0.,-3.5));
#1954 = ( GEOMETRIC_REPRESENTATION_CONTEXT(2) 
PARAMETRIC_REPRESENTATION_CONTEXT() REPRESENTATION_CONTEXT('2D SPACE',''
  ) );
#1955 = PCURVE('',#615,#1956);
#1956 = DEFINITIONAL_REPRESENTATION('',(#1957),#1960);
#1957 = B_SPLINE_CURVE_WITH_KNOTS('',1,(#1958,#1959),.UNSPECIFIED.,.F.,
  .F.,(2,2),(-7.5,-3.5),.PIECEWISE_BEZIER_KNOTS.);
#1958 = CARTESIAN_POINT('',(11.,64.25));
#1959 = CARTESIAN_POINT('',(7.,64.25));
#1960 = ( GEOMETRIC_REPRESENTATION_CONTEXT(2) 
PARAMETRIC_REPRESENTATION_CONTEXT() REPRESENTATION_CONTEXT('2D SPACE',''
  ) );
#1961 = ADVANCED_FACE('',(#1962),#442,.T.);
#1962 = FACE_BOUND('',#1963,.T.);
#1963 = EDGE_LOOP('',(#1964,#1965,#1966,#1967));
#1964 = ORIENTED_EDGE('',*,*,#1873,.F.);
#1965 = ORIENTED_EDGE('',*,*,#427,.T.);
#1966 = ORIENTED_EDGE('',*,*,#1920,.T.);
#1967 = ORIENTED_EDGE('',*,*,#1968,.F.);
#1968 = EDGE_CURVE('',#1874,#1921,#1969,.T.);
#1969 = SURFACE_CURVE('',#1970,(#1974,#1980),.PCURVE_S1.);
#1970 = LINE('',#1971,#1972);
#1971 = CARTESIAN_POINT('',(-104.125,-42.5,17.));
#1972 = VECTOR('',#1973,1.);
#1973 = DIRECTION('',(1.,0.,-0.));
#1974 = PCURVE('',#442,#1975);
#1975 = DEFINITIONAL_REPRESENTATION('',(#1976),#1979);
#1976 = B_SPLINE_CURVE_WITH_KNOTS('',1,(#1977,#1978),.UNSPECIFIED.,.F.,
  .F.,(2,2),(12.125,52.125),.PIECEWISE_BEZIER_KNOTS.);
#1977 = CARTESIAN_POINT('',(0.,3.5));
#1978 = CARTESIAN_POINT('',(40.,3.5));
#1979 = ( GEOMETRIC_REPRESENTATION_CONTEXT(2) 
PARAMETRIC_REPRESENTATION_CONTEXT() REPRESENTATION_CONTEXT('2D SPACE',''
  ) );
#1980 = PCURVE('',#615,#1981);
#1981 = DEFINITIONAL_REPRESENTATION('',(#1982),#1985);
#1982 = B_SPLINE_CURVE_WITH_KNOTS('',1,(#1983,#1984),.UNSPECIFIED.,.F.,
  .F.,(2,2),(12.125,52.125),.PIECEWISE_BEZIER_KNOTS.);
#1983 = CARTESIAN_POINT('',(7.,24.25));
#1984 = CARTESIAN_POINT('',(7.,64.25));
#1985 = ( GEOMETRIC_REPRESENTATION_CONTEXT(2) 
PARAMETRIC_REPRESENTATION_CONTEXT() REPRESENTATION_CONTEXT('2D SPACE',''
  ) );
#1986 = ADVANCED_FACE('',(#1987),#500,.F.);
#1987 = FACE_BOUND('',#1988,.F.);
#1988 = EDGE_LOOP('',(#1989,#1990,#2013,#2039));
#1989 = ORIENTED_EDGE('',*,*,#479,.F.);
#1990 = ORIENTED_EDGE('',*,*,#1991,.F.);
#1991 = EDGE_CURVE('',#1992,#480,#1994,.T.);
#1992 = VERTEX_POINT('',#1993);
#1993 = CARTESIAN_POINT('',(-13.9,-42.5,33.5));
#1994 = SEAM_CURVE('',#1995,(#1999,#2006),.PCURVE_S1.);
#1995 = LINE('',#1996,#1997);
#1996 = CARTESIAN_POINT('',(-13.9,-41.5,33.5));
#1997 = VECTOR('',#1998,1.);
#1998 = DIRECTION('',(0.,-1.,2.22044604925E-16));
#1999 = PCURVE('',#500,#2000);
#2000 = DEFINITIONAL_REPRESENTATION('',(#2001),#2005);
#2001 = LINE('',#2002,#2003);
#2002 = CARTESIAN_POINT('',(6.28318530718,-0.));
#2003 = VECTOR('',#2004,1.);
#2004 = DIRECTION('',(0.,1.));
#2005 = ( GEOMETRIC_REPRESENTATION_CONTEXT(2) 
PARAMETRIC_REPRESENTATION_CONTEXT() REPRESENTATION_CONTEXT('2D SPACE',''
  ) );
#2006 = PCURVE('',#500,#2007);
#2007 = DEFINITIONAL_REPRESENTATION('',(#2008),#2012);
#2008 = LINE('',#2009,#2010);
#2009 = CARTESIAN_POINT('',(0.,-0.));
#2010 = VECTOR('',#2011,1.);
#2011 = DIRECTION('',(0.,1.));
#2012 = ( GEOMETRIC_REPRESENTATION_CONTEXT(2) 
PARAMETRIC_REPRESENTATION_CONTEXT() REPRESENTATION_CONTEXT('2D SPACE',''
  ) );
#2013 = ORIENTED_EDGE('',*,*,#2014,.T.);
#2014 = EDGE_CURVE('',#1992,#1992,#2015,.T.);
#2015 = SURFACE_CURVE('',#2016,(#2021,#2028),.PCURVE_S1.);
#2016 = CIRCLE('',#2017,6.1);
#2017 = AXIS2_PLACEMENT_3D('',#2018,#2019,#2020);
#2018 = CARTESIAN_POINT('',(-20.,-42.5,33.5));
#2019 = DIRECTION('',(0.,-1.,2.22044604925E-16));
#2020 = DIRECTION('',(1.,0.,0.));
#2021 = PCURVE('',#500,#2022);
#2022 = DEFINITIONAL_REPRESENTATION('',(#2023),#2027);
#2023 = LINE('',#2024,#2025);
#2024 = CARTESIAN_POINT('',(0.,1.));
#2025 = VECTOR('',#2026,1.);
#2026 = DIRECTION('',(1.,0.));
#2027 = ( GEOMETRIC_REPRESENTATION_CONTEXT(2) 
PARAMETRIC_REPRESENTATION_CONTEXT() REPRESENTATION_CONTEXT('2D SPACE',''
  ) );
#2028 = PCURVE('',#615,#2029);
#2029 = DEFINITIONAL_REPRESENTATION('',(#2030),#2038);
#2030 = ( BOUNDED_CURVE() B_SPLINE_CURVE(2,(#2031,#2032,#2033,#2034,
#2035,#2036,#2037),.UNSPECIFIED.,.T.,.F.) B_SPLINE_CURVE_WITH_KNOTS((1,2
    ,2,2,2,1),(-2.094395102393,0.,2.094395102393,4.188790204786,
6.28318530718,8.377580409573),.UNSPECIFIED.) CURVE() 
GEOMETRIC_REPRESENTATION_ITEM() RATIONAL_B_SPLINE_CURVE((1.,0.5,1.,0.5,
1.,0.5,1.)) REPRESENTATION_ITEM('') );
#2031 = CARTESIAN_POINT('',(23.5,102.35));
#2032 = CARTESIAN_POINT('',(34.06550992617,102.35));
#2033 = CARTESIAN_POINT('',(28.782754963085,93.2));
#2034 = CARTESIAN_POINT('',(23.5,84.05));
#2035 = CARTESIAN_POINT('',(18.217245036915,93.2));
#2036 = CARTESIAN_POINT('',(12.93449007383,102.35));
#2037 = CARTESIAN_POINT('',(23.5,102.35));
#2038 = ( GEOMETRIC_REPRESENTATION_CONTEXT(2) 
PARAMETRIC_REPRESENTATION_CONTEXT() REPRESENTATION_CONTEXT('2D SPACE',''
  ) );
#2039 = ORIENTED_EDGE('',*,*,#1991,.T.);
#2040 = ADVANCED_FACE('',(#2041),#535,.F.);
#2041 = FACE_BOUND('',#2042,.F.);
#2042 = EDGE_LOOP('',(#2043,#2044,#2067,#2093));
#2043 = ORIENTED_EDGE('',*,*,#514,.F.);
#2044 = ORIENTED_EDGE('',*,*,#2045,.F.);
#2045 = EDGE_CURVE('',#2046,#515,#2048,.T.);
#2046 = VERTEX_POINT('',#2047);
#2047 = CARTESIAN_POINT('',(20.,-42.5,33.5));
#2048 = SEAM_CURVE('',#2049,(#2053,#2060),.PCURVE_S1.);
#2049 = LINE('',#2050,#2051);
#2050 = CARTESIAN_POINT('',(20.,-41.5,33.5));
#2051 = VECTOR('',#2052,1.);
#2052 = DIRECTION('',(0.,-1.,2.22044604925E-16));
#2053 = PCURVE('',#535,#2054);
#2054 = DEFINITIONAL_REPRESENTATION('',(#2055),#2059);
#2055 = LINE('',#2056,#2057);
#2056 = CARTESIAN_POINT('',(6.28318530718,-0.));
#2057 = VECTOR('',#2058,1.);
#2058 = DIRECTION('',(0.,1.));
#2059 = ( GEOMETRIC_REPRESENTATION_CONTEXT(2) 
PARAMETRIC_REPRESENTATION_CONTEXT() REPRESENTATION_CONTEXT('2D SPACE',''
  ) );
#2060 = PCURVE('',#535,#2061);
#2061 = DEFINITIONAL_REPRESENTATION('',(#2062),#2066);
#2062 = LINE('',#2063,#2064);
#2063 = CARTESIAN_POINT('',(0.,-0.));
#2064 = VECTOR('',#2065,1.);
#2065 = DIRECTION('',(0.,1.));
#2066 = ( GEOMETRIC_REPRESENTATION_CONTEXT(2) 
PARAMETRIC_REPRESENTATION_CONTEXT() REPRESENTATION_CONTEXT('2D SPACE',''
  ) );
#2067 = ORIENTED_EDGE('',*,*,#2068,.T.);
#2068 = EDGE_CURVE('',#2046,#2046,#2069,.T.);
#2069 = SURFACE_CURVE('',#2070,(#2075,#2082),.PCURVE_S1.);
#2070 = CIRCLE('',#2071,10.);
#2071 = AXIS2_PLACEMENT_3D('',#2072,#2073,#2074);
#2072 = CARTESIAN_POINT('',(10.,-42.5,33.5));
#2073 = DIRECTION('',(0.,-1.,2.22044604925E-16));
#2074 = DIRECTION('',(1.,0.,0.));
#2075 = PCURVE('',#535,#2076);
#2076 = DEFINITIONAL_REPRESENTATION('',(#2077),#2081);
#2077 = LINE('',#2078,#2079);
#2078 = CARTESIAN_POINT('',(0.,1.));
#2079 = VECTOR('',#2080,1.);
#2080 = DIRECTION('',(1.,0.));
#2081 = ( GEOMETRIC_REPRESENTATION_CONTEXT(2) 
PARAMETRIC_REPRESENTATION_CONTEXT() REPRESENTATION_CONTEXT('2D SPACE',''
  ) );
#2082 = PCURVE('',#615,#2083);
#2083 = DEFINITIONAL_REPRESENTATION('',(#2084),#2092);
#2084 = ( BOUNDED_CURVE() B_SPLINE_CURVE(2,(#2085,#2086,#2087,#2088,
#2089,#2090,#2091),.UNSPECIFIED.,.T.,.F.) B_SPLINE_CURVE_WITH_KNOTS((1,2
    ,2,2,2,1),(-2.094395102393,0.,2.094395102393,4.188790204786,
6.28318530718,8.377580409573),.UNSPECIFIED.) CURVE() 
GEOMETRIC_REPRESENTATION_ITEM() RATIONAL_B_SPLINE_CURVE((1.,0.5,1.,0.5,
1.,0.5,1.)) REPRESENTATION_ITEM('') );
#2085 = CARTESIAN_POINT('',(23.5,136.25));
#2086 = CARTESIAN_POINT('',(40.820508075689,136.25));
#2087 = CARTESIAN_POINT('',(32.160254037844,121.25));
#2088 = CARTESIAN_POINT('',(23.5,106.25));
#2089 = CARTESIAN_POINT('',(14.839745962156,121.25));
#2090 = CARTESIAN_POINT('',(6.179491924311,136.25));
#2091 = CARTESIAN_POINT('',(23.5,136.25));
#2092 = ( GEOMETRIC_REPRESENTATION_CONTEXT(2) 
PARAMETRIC_REPRESENTATION_CONTEXT() REPRESENTATION_CONTEXT('2D SPACE',''
  ) );
#2093 = ORIENTED_EDGE('',*,*,#2045,.T.);
#2094 = ADVANCED_FACE('',(#2095,#2145,#2151,#2154),#615,.T.);
#2095 = FACE_BOUND('',#2096,.T.);
#2096 = EDGE_LOOP('',(#2097,#2118,#2119,#2120,#2121,#2122,#2123,#2144));
#2097 = ORIENTED_EDGE('',*,*,#2098,.F.);
#2098 = EDGE_CURVE('',#1514,#599,#2099,.T.);
#2099 = SURFACE_CURVE('',#2100,(#2104,#2111),.PCURVE_S1.);
#2100 = LINE('',#2101,#2102);
#2101 = CARTESIAN_POINT('',(36.25,-42.5,10.));
#2102 = VECTOR('',#2103,1.);
#2103 = DIRECTION('',(0.,0.,1.));
#2104 = PCURVE('',#615,#2105);
#2105 = DEFINITIONAL_REPRESENTATION('',(#2106),#2110);
#2106 = LINE('',#2107,#2108);
#2107 = CARTESIAN_POINT('',(0.,152.5));
#2108 = VECTOR('',#2109,1.);
#2109 = DIRECTION('',(1.,0.));
#2110 = ( GEOMETRIC_REPRESENTATION_CONTEXT(2) 
PARAMETRIC_REPRESENTATION_CONTEXT() REPRESENTATION_CONTEXT('2D SPACE',''
  ) );
#2111 = PCURVE('',#691,#2112);
#2112 = DEFINITIONAL_REPRESENTATION('',(#2113),#2117);
#2113 = LINE('',#2114,#2115);
#2114 = CARTESIAN_POINT('',(0.,0.));
#2115 = VECTOR('',#2116,1.);
#2116 = DIRECTION('',(1.,0.));
#2117 = ( GEOMETRIC_REPRESENTATION_CONTEXT(2) 
PARAMETRIC_REPRESENTATION_CONTEXT() REPRESENTATION_CONTEXT('2D SPACE',''
  ) );
#2118 = ORIENTED_EDGE('',*,*,#1513,.F.);
#2119 = ORIENTED_EDGE('',*,*,#1489,.F.);
#2120 = ORIENTED_EDGE('',*,*,#1395,.F.);
#2121 = ORIENTED_EDGE('',*,*,#1442,.T.);
#2122 = ORIENTED_EDGE('',*,*,#1673,.F.);
#2123 = ORIENTED_EDGE('',*,*,#2124,.T.);
#2124 = EDGE_CURVE('',#1651,#601,#2125,.T.);
#2125 = SURFACE_CURVE('',#2126,(#2130,#2137),.PCURVE_S1.);
#2126 = LINE('',#2127,#2128);
#2127 = CARTESIAN_POINT('',(-116.25,-42.5,10.));
#2128 = VECTOR('',#2129,1.);
#2129 = DIRECTION('',(0.,0.,1.));
#2130 = PCURVE('',#615,#2131);
#2131 = DEFINITIONAL_REPRESENTATION('',(#2132),#2136);
#2132 = LINE('',#2133,#2134);
#2133 = CARTESIAN_POINT('',(0.,0.));
#2134 = VECTOR('',#2135,1.);
#2135 = DIRECTION('',(1.,0.));
#2136 = ( GEOMETRIC_REPRESENTATION_CONTEXT(2) 
PARAMETRIC_REPRESENTATION_CONTEXT() REPRESENTATION_CONTEXT('2D SPACE',''
  ) );
#2137 = PCURVE('',#641,#2138);
#2138 = DEFINITIONAL_REPRESENTATION('',(#2139),#2143);
#2139 = LINE('',#2140,#2141);
#2140 = CARTESIAN_POINT('',(0.,0.));
#2141 = VECTOR('',#2142,1.);
#2142 = DIRECTION('',(1.,0.));
#2143 = ( GEOMETRIC_REPRESENTATION_CONTEXT(2) 
PARAMETRIC_REPRESENTATION_CONTEXT() REPRESENTATION_CONTEXT('2D SPACE',''
  ) );
#2144 = ORIENTED_EDGE('',*,*,#598,.F.);
#2145 = FACE_BOUND('',#2146,.T.);
#2146 = EDGE_LOOP('',(#2147,#2148,#2149,#2150));
#2147 = ORIENTED_EDGE('',*,*,#1849,.F.);
#2148 = ORIENTED_EDGE('',*,*,#1896,.T.);
#2149 = ORIENTED_EDGE('',*,*,#1968,.T.);
#2150 = ORIENTED_EDGE('',*,*,#1943,.F.);
#2151 = FACE_BOUND('',#2152,.T.);
#2152 = EDGE_LOOP('',(#2153));
#2153 = ORIENTED_EDGE('',*,*,#2014,.T.);
#2154 = FACE_BOUND('',#2155,.T.);
#2155 = EDGE_LOOP('',(#2156));
#2156 = ORIENTED_EDGE('',*,*,#2068,.T.);
#2157 = ADVANCED_FACE('',(#2158),#691,.F.);
#2158 = FACE_BOUND('',#2159,.F.);
#2159 = EDGE_LOOP('',(#2160,#2161,#2162,#2183));
#2160 = ORIENTED_EDGE('',*,*,#2098,.F.);
#2161 = ORIENTED_EDGE('',*,*,#1536,.T.);
#2162 = ORIENTED_EDGE('',*,*,#2163,.T.);
#2163 = EDGE_CURVE('',#1537,#653,#2164,.T.);
#2164 = SURFACE_CURVE('',#2165,(#2169,#2176),.PCURVE_S1.);
#2165 = LINE('',#2166,#2167);
#2166 = CARTESIAN_POINT('',(36.25,42.5,10.));
#2167 = VECTOR('',#2168,1.);
#2168 = DIRECTION('',(0.,0.,1.));
#2169 = PCURVE('',#691,#2170);
#2170 = DEFINITIONAL_REPRESENTATION('',(#2171),#2175);
#2171 = LINE('',#2172,#2173);
#2172 = CARTESIAN_POINT('',(0.,-85.));
#2173 = VECTOR('',#2174,1.);
#2174 = DIRECTION('',(1.,0.));
#2175 = ( GEOMETRIC_REPRESENTATION_CONTEXT(2) 
PARAMETRIC_REPRESENTATION_CONTEXT() REPRESENTATION_CONTEXT('2D SPACE',''
  ) );
#2176 = PCURVE('',#667,#2177);
#2177 = DEFINITIONAL_REPRESENTATION('',(#2178),#2182);
#2178 = LINE('',#2179,#2180);
#2179 = CARTESIAN_POINT('',(0.,152.5));
#2180 = VECTOR('',#2181,1.);
#2181 = DIRECTION('',(1.,0.));
#2182 = ( GEOMETRIC_REPRESENTATION_CONTEXT(2) 
PARAMETRIC_REPRESENTATION_CONTEXT() REPRESENTATION_CONTEXT('2D SPACE',''
  ) );
#2183 = ORIENTED_EDGE('',*,*,#678,.F.);
#2184 = ADVANCED_FACE('',(#2185,#2273),#667,.F.);
#2185 = FACE_BOUND('',#2186,.F.);
#2186 = EDGE_LOOP('',(#2187,#2188,#2189,#2210,#2231,#2250,#2251,#2272));
#2187 = ORIENTED_EDGE('',*,*,#2163,.F.);
#2188 = ORIENTED_EDGE('',*,*,#1559,.F.);
#2189 = ORIENTED_EDGE('',*,*,#2190,.F.);
#2190 = EDGE_CURVE('',#2191,#1560,#2193,.T.);
#2191 = VERTEX_POINT('',#2192);
#2192 = CARTESIAN_POINT('',(-52.,42.5,14.));
#2193 = SURFACE_CURVE('',#2194,(#2198,#2204),.PCURVE_S1.);
#2194 = LINE('',#2195,#2196);
#2195 = CARTESIAN_POINT('',(-52.,42.5,10.));
#2196 = VECTOR('',#2197,1.);
#2197 = DIRECTION('',(-0.,0.,-1.));
#2198 = PCURVE('',#667,#2199);
#2199 = DEFINITIONAL_REPRESENTATION('',(#2200),#2203);
#2200 = B_SPLINE_CURVE_WITH_KNOTS('',1,(#2201,#2202),.UNSPECIFIED.,.F.,
  .F.,(2,2),(-4.,0.),.PIECEWISE_BEZIER_KNOTS.);
#2201 = CARTESIAN_POINT('',(4.,64.25));
#2202 = CARTESIAN_POINT('',(0.,64.25));
#2203 = ( GEOMETRIC_REPRESENTATION_CONTEXT(2) 
PARAMETRIC_REPRESENTATION_CONTEXT() REPRESENTATION_CONTEXT('2D SPACE',''
  ) );
#2204 = PCURVE('',#842,#2205);
#2205 = DEFINITIONAL_REPRESENTATION('',(#2206),#2209);
#2206 = B_SPLINE_CURVE_WITH_KNOTS('',1,(#2207,#2208),.UNSPECIFIED.,.F.,
  .F.,(2,2),(-4.,0.),.PIECEWISE_BEZIER_KNOTS.);
#2207 = CARTESIAN_POINT('',(4.,-1.));
#2208 = CARTESIAN_POINT('',(0.,-1.));
#2209 = ( GEOMETRIC_REPRESENTATION_CONTEXT(2) 
PARAMETRIC_REPRESENTATION_CONTEXT() REPRESENTATION_CONTEXT('2D SPACE',''
  ) );
#2210 = ORIENTED_EDGE('',*,*,#2211,.F.);
#2211 = EDGE_CURVE('',#2212,#2191,#2214,.T.);
#2212 = VERTEX_POINT('',#2213);
#2213 = CARTESIAN_POINT('',(-92.,42.5,14.));
#2214 = SURFACE_CURVE('',#2215,(#2219,#2225),.PCURVE_S1.);
#2215 = LINE('',#2216,#2217);
#2216 = CARTESIAN_POINT('',(-104.125,42.5,14.));
#2217 = VECTOR('',#2218,1.);
#2218 = DIRECTION('',(1.,0.,-0.));
#2219 = PCURVE('',#667,#2220);
#2220 = DEFINITIONAL_REPRESENTATION('',(#2221),#2224);
#2221 = B_SPLINE_CURVE_WITH_KNOTS('',1,(#2222,#2223),.UNSPECIFIED.,.F.,
  .F.,(2,2),(12.125,52.125),.PIECEWISE_BEZIER_KNOTS.);
#2222 = CARTESIAN_POINT('',(4.,24.25));
#2223 = CARTESIAN_POINT('',(4.,64.25));
#2224 = ( GEOMETRIC_REPRESENTATION_CONTEXT(2) 
PARAMETRIC_REPRESENTATION_CONTEXT() REPRESENTATION_CONTEXT('2D SPACE',''
  ) );
#2225 = PCURVE('',#770,#2226);
#2226 = DEFINITIONAL_REPRESENTATION('',(#2227),#2230);
#2227 = B_SPLINE_CURVE_WITH_KNOTS('',1,(#2228,#2229),.UNSPECIFIED.,.F.,
  .F.,(2,2),(12.125,52.125),.PIECEWISE_BEZIER_KNOTS.);
#2228 = CARTESIAN_POINT('',(0.,1.));
#2229 = CARTESIAN_POINT('',(40.,1.));
#2230 = ( GEOMETRIC_REPRESENTATION_CONTEXT(2) 
PARAMETRIC_REPRESENTATION_CONTEXT() REPRESENTATION_CONTEXT('2D SPACE',''
  ) );
#2231 = ORIENTED_EDGE('',*,*,#2232,.T.);
#2232 = EDGE_CURVE('',#2212,#1605,#2233,.T.);
#2233 = SURFACE_CURVE('',#2234,(#2238,#2244),.PCURVE_S1.);
#2234 = LINE('',#2235,#2236);
#2235 = CARTESIAN_POINT('',(-92.,42.5,10.));
#2236 = VECTOR('',#2237,1.);
#2237 = DIRECTION('',(-0.,0.,-1.));
#2238 = PCURVE('',#667,#2239);
#2239 = DEFINITIONAL_REPRESENTATION('',(#2240),#2243);
#2240 = B_SPLINE_CURVE_WITH_KNOTS('',1,(#2241,#2242),.UNSPECIFIED.,.F.,
  .F.,(2,2),(-4.,0.),.PIECEWISE_BEZIER_KNOTS.);
#2241 = CARTESIAN_POINT('',(4.,24.25));
#2242 = CARTESIAN_POINT('',(0.,24.25));
#2243 = ( GEOMETRIC_REPRESENTATION_CONTEXT(2) 
PARAMETRIC_REPRESENTATION_CONTEXT() REPRESENTATION_CONTEXT('2D SPACE',''
  ) );
#2244 = PCURVE('',#796,#2245);
#2245 = DEFINITIONAL_REPRESENTATION('',(#2246),#2249);
#2246 = B_SPLINE_CURVE_WITH_KNOTS('',1,(#2247,#2248),.UNSPECIFIED.,.F.,
  .F.,(2,2),(-4.,0.),.PIECEWISE_BEZIER_KNOTS.);
#2247 = CARTESIAN_POINT('',(4.,-1.));
#2248 = CARTESIAN_POINT('',(0.,-1.));
#2249 = ( GEOMETRIC_REPRESENTATION_CONTEXT(2) 
PARAMETRIC_REPRESENTATION_CONTEXT() REPRESENTATION_CONTEXT('2D SPACE',''
  ) );
#2250 = ORIENTED_EDGE('',*,*,#1627,.F.);
#2251 = ORIENTED_EDGE('',*,*,#2252,.T.);
#2252 = EDGE_CURVE('',#1628,#627,#2253,.T.);
#2253 = SURFACE_CURVE('',#2254,(#2258,#2265),.PCURVE_S1.);
#2254 = LINE('',#2255,#2256);
#2255 = CARTESIAN_POINT('',(-116.25,42.5,10.));
#2256 = VECTOR('',#2257,1.);
#2257 = DIRECTION('',(0.,0.,1.));
#2258 = PCURVE('',#667,#2259);
#2259 = DEFINITIONAL_REPRESENTATION('',(#2260),#2264);
#2260 = LINE('',#2261,#2262);
#2261 = CARTESIAN_POINT('',(0.,0.));
#2262 = VECTOR('',#2263,1.);
#2263 = DIRECTION('',(1.,0.));
#2264 = ( GEOMETRIC_REPRESENTATION_CONTEXT(2) 
PARAMETRIC_REPRESENTATION_CONTEXT() REPRESENTATION_CONTEXT('2D SPACE',''
  ) );
#2265 = PCURVE('',#641,#2266);
#2266 = DEFINITIONAL_REPRESENTATION('',(#2267),#2271);
#2267 = LINE('',#2268,#2269);
#2268 = CARTESIAN_POINT('',(0.,-85.));
#2269 = VECTOR('',#2270,1.);
#2270 = DIRECTION('',(1.,0.));
#2271 = ( GEOMETRIC_REPRESENTATION_CONTEXT(2) 
PARAMETRIC_REPRESENTATION_CONTEXT() REPRESENTATION_CONTEXT('2D SPACE',''
  ) );
#2272 = ORIENTED_EDGE('',*,*,#652,.F.);
#2273 = FACE_BOUND('',#2274,.F.);
#2274 = EDGE_LOOP('',(#2275,#2298,#2319,#2340));
#2275 = ORIENTED_EDGE('',*,*,#2276,.F.);
#2276 = EDGE_CURVE('',#2277,#2279,#2281,.T.);
#2277 = VERTEX_POINT('',#2278);
#2278 = CARTESIAN_POINT('',(-92.,42.5,21.));
#2279 = VERTEX_POINT('',#2280);
#2280 = CARTESIAN_POINT('',(-52.,42.5,21.));
#2281 = SURFACE_CURVE('',#2282,(#2286,#2292),.PCURVE_S1.);
#2282 = LINE('',#2283,#2284);
#2283 = CARTESIAN_POINT('',(-104.125,42.5,21.));
#2284 = VECTOR('',#2285,1.);
#2285 = DIRECTION('',(1.,0.,-0.));
#2286 = PCURVE('',#667,#2287);
#2287 = DEFINITIONAL_REPRESENTATION('',(#2288),#2291);
#2288 = B_SPLINE_CURVE_WITH_KNOTS('',1,(#2289,#2290),.UNSPECIFIED.,.F.,
  .F.,(2,2),(12.125,52.125),.PIECEWISE_BEZIER_KNOTS.);
#2289 = CARTESIAN_POINT('',(11.,24.25));
#2290 = CARTESIAN_POINT('',(11.,64.25));
#2291 = ( GEOMETRIC_REPRESENTATION_CONTEXT(2) 
PARAMETRIC_REPRESENTATION_CONTEXT() REPRESENTATION_CONTEXT('2D SPACE',''
  ) );
#2292 = PCURVE('',#872,#2293);
#2293 = DEFINITIONAL_REPRESENTATION('',(#2294),#2297);
#2294 = B_SPLINE_CURVE_WITH_KNOTS('',1,(#2295,#2296),.UNSPECIFIED.,.F.,
  .F.,(2,2),(12.125,52.125),.PIECEWISE_BEZIER_KNOTS.);
#2295 = CARTESIAN_POINT('',(0.,1.));
#2296 = CARTESIAN_POINT('',(40.,1.));
#2297 = ( GEOMETRIC_REPRESENTATION_CONTEXT(2) 
PARAMETRIC_REPRESENTATION_CONTEXT() REPRESENTATION_CONTEXT('2D SPACE',''
  ) );
#2298 = ORIENTED_EDGE('',*,*,#2299,.T.);
#2299 = EDGE_CURVE('',#2277,#2300,#2302,.T.);
#2300 = VERTEX_POINT('',#2301);
#2301 = CARTESIAN_POINT('',(-92.,42.5,17.));
#2302 = SURFACE_CURVE('',#2303,(#2307,#2313),.PCURVE_S1.);
#2303 = LINE('',#2304,#2305);
#2304 = CARTESIAN_POINT('',(-92.,42.5,13.5));
#2305 = VECTOR('',#2306,1.);
#2306 = DIRECTION('',(-0.,0.,-1.));
#2307 = PCURVE('',#667,#2308);
#2308 = DEFINITIONAL_REPRESENTATION('',(#2309),#2312);
#2309 = B_SPLINE_CURVE_WITH_KNOTS('',1,(#2310,#2311),.UNSPECIFIED.,.F.,
  .F.,(2,2),(-7.5,-3.5),.PIECEWISE_BEZIER_KNOTS.);
#2310 = CARTESIAN_POINT('',(11.,24.25));
#2311 = CARTESIAN_POINT('',(7.,24.25));
#2312 = ( GEOMETRIC_REPRESENTATION_CONTEXT(2) 
PARAMETRIC_REPRESENTATION_CONTEXT() REPRESENTATION_CONTEXT('2D SPACE',''
  ) );
#2313 = PCURVE('',#898,#2314);
#2314 = DEFINITIONAL_REPRESENTATION('',(#2315),#2318);
#2315 = B_SPLINE_CURVE_WITH_KNOTS('',1,(#2316,#2317),.UNSPECIFIED.,.F.,
  .F.,(2,2),(-7.5,-3.5),.PIECEWISE_BEZIER_KNOTS.);
#2316 = CARTESIAN_POINT('',(4.,-1.));
#2317 = CARTESIAN_POINT('',(0.,-1.));
#2318 = ( GEOMETRIC_REPRESENTATION_CONTEXT(2) 
PARAMETRIC_REPRESENTATION_CONTEXT() REPRESENTATION_CONTEXT('2D SPACE',''
  ) );
#2319 = ORIENTED_EDGE('',*,*,#2320,.T.);
#2320 = EDGE_CURVE('',#2300,#2321,#2323,.T.);
#2321 = VERTEX_POINT('',#2322);
#2322 = CARTESIAN_POINT('',(-52.,42.5,17.));
#2323 = SURFACE_CURVE('',#2324,(#2328,#2334),.PCURVE_S1.);
#2324 = LINE('',#2325,#2326);
#2325 = CARTESIAN_POINT('',(-104.125,42.5,17.));
#2326 = VECTOR('',#2327,1.);
#2327 = DIRECTION('',(1.,0.,-0.));
#2328 = PCURVE('',#667,#2329);
#2329 = DEFINITIONAL_REPRESENTATION('',(#2330),#2333);
#2330 = B_SPLINE_CURVE_WITH_KNOTS('',1,(#2331,#2332),.UNSPECIFIED.,.F.,
  .F.,(2,2),(12.125,52.125),.PIECEWISE_BEZIER_KNOTS.);
#2331 = CARTESIAN_POINT('',(7.,24.25));
#2332 = CARTESIAN_POINT('',(7.,64.25));
#2333 = ( GEOMETRIC_REPRESENTATION_CONTEXT(2) 
PARAMETRIC_REPRESENTATION_CONTEXT() REPRESENTATION_CONTEXT('2D SPACE',''
  ) );
#2334 = PCURVE('',#924,#2335);
#2335 = DEFINITIONAL_REPRESENTATION('',(#2336),#2339);
#2336 = B_SPLINE_CURVE_WITH_KNOTS('',1,(#2337,#2338),.UNSPECIFIED.,.F.,
  .F.,(2,2),(12.125,52.125),.PIECEWISE_BEZIER_KNOTS.);
#2337 = CARTESIAN_POINT('',(0.,1.));
#2338 = CARTESIAN_POINT('',(40.,1.));
#2339 = ( GEOMETRIC_REPRESENTATION_CONTEXT(2) 
PARAMETRIC_REPRESENTATION_CONTEXT() REPRESENTATION_CONTEXT('2D SPACE',''
  ) );
#2340 = ORIENTED_EDGE('',*,*,#2341,.F.);
#2341 = EDGE_CURVE('',#2279,#2321,#2342,.T.);
#2342 = SURFACE_CURVE('',#2343,(#2347,#2353),.PCURVE_S1.);
#2343 = LINE('',#2344,#2345);
#2344 = CARTESIAN_POINT('',(-52.,42.5,13.5));
#2345 = VECTOR('',#2346,1.);
#2346 = DIRECTION('',(-0.,0.,-1.));
#2347 = PCURVE('',#667,#2348);
#2348 = DEFINITIONAL_REPRESENTATION('',(#2349),#2352);
#2349 = B_SPLINE_CURVE_WITH_KNOTS('',1,(#2350,#2351),.UNSPECIFIED.,.F.,
  .F.,(2,2),(-7.5,-3.5),.PIECEWISE_BEZIER_KNOTS.);
#2350 = CARTESIAN_POINT('',(11.,64.25));
#2351 = CARTESIAN_POINT('',(7.,64.25));
#2352 = ( GEOMETRIC_REPRESENTATION_CONTEXT(2) 
PARAMETRIC_REPRESENTATION_CONTEXT() REPRESENTATION_CONTEXT('2D SPACE',''
  ) );
#2353 = PCURVE('',#948,#2354);
#2354 = DEFINITIONAL_REPRESENTATION('',(#2355),#2358);
#2355 = B_SPLINE_CURVE_WITH_KNOTS('',1,(#2356,#2357),.UNSPECIFIED.,.F.,
  .F.,(2,2),(-7.5,-3.5),.PIECEWISE_BEZIER_KNOTS.);
#2356 = CARTESIAN_POINT('',(4.,-1.));
#2357 = CARTESIAN_POINT('',(0.,-1.));
#2358 = ( GEOMETRIC_REPRESENTATION_CONTEXT(2) 
PARAMETRIC_REPRESENTATION_CONTEXT() REPRESENTATION_CONTEXT('2D SPACE',''
  ) );
#2359 = ADVANCED_FACE('',(#2360),#641,.T.);
#2360 = FACE_BOUND('',#2361,.T.);
#2361 = EDGE_LOOP('',(#2362,#2363,#2364,#2365));
#2362 = ORIENTED_EDGE('',*,*,#2124,.F.);
#2363 = ORIENTED_EDGE('',*,*,#1650,.T.);
#2364 = ORIENTED_EDGE('',*,*,#2252,.T.);
#2365 = ORIENTED_EDGE('',*,*,#626,.F.);
#2366 = ADVANCED_FACE('',(#2367),#770,.F.);
#2367 = FACE_BOUND('',#2368,.F.);
#2368 = EDGE_LOOP('',(#2369,#2390,#2391,#2412));
#2369 = ORIENTED_EDGE('',*,*,#2370,.F.);
#2370 = EDGE_CURVE('',#2212,#754,#2371,.T.);
#2371 = SURFACE_CURVE('',#2372,(#2376,#2383),.PCURVE_S1.);
#2372 = LINE('',#2373,#2374);
#2373 = CARTESIAN_POINT('',(-92.,41.5,14.));
#2374 = VECTOR('',#2375,1.);
#2375 = DIRECTION('',(-0.,1.,0.));
#2376 = PCURVE('',#770,#2377);
#2377 = DEFINITIONAL_REPRESENTATION('',(#2378),#2382);
#2378 = LINE('',#2379,#2380);
#2379 = CARTESIAN_POINT('',(0.,0.));
#2380 = VECTOR('',#2381,1.);
#2381 = DIRECTION('',(0.,1.));
#2382 = ( GEOMETRIC_REPRESENTATION_CONTEXT(2) 
PARAMETRIC_REPRESENTATION_CONTEXT() REPRESENTATION_CONTEXT('2D SPACE',''
  ) );
#2383 = PCURVE('',#796,#2384);
#2384 = DEFINITIONAL_REPRESENTATION('',(#2385),#2389);
#2385 = LINE('',#2386,#2387);
#2386 = CARTESIAN_POINT('',(4.,0.));
#2387 = VECTOR('',#2388,1.);
#2388 = DIRECTION('',(0.,-1.));
#2389 = ( GEOMETRIC_REPRESENTATION_CONTEXT(2) 
PARAMETRIC_REPRESENTATION_CONTEXT() REPRESENTATION_CONTEXT('2D SPACE',''
  ) );
#2390 = ORIENTED_EDGE('',*,*,#2211,.T.);
#2391 = ORIENTED_EDGE('',*,*,#2392,.T.);
#2392 = EDGE_CURVE('',#2191,#756,#2393,.T.);
#2393 = SURFACE_CURVE('',#2394,(#2398,#2405),.PCURVE_S1.);
#2394 = LINE('',#2395,#2396);
#2395 = CARTESIAN_POINT('',(-52.,41.5,14.));
#2396 = VECTOR('',#2397,1.);
#2397 = DIRECTION('',(-0.,1.,0.));
#2398 = PCURVE('',#770,#2399);
#2399 = DEFINITIONAL_REPRESENTATION('',(#2400),#2404);
#2400 = LINE('',#2401,#2402);
#2401 = CARTESIAN_POINT('',(40.,0.));
#2402 = VECTOR('',#2403,1.);
#2403 = DIRECTION('',(0.,1.));
#2404 = ( GEOMETRIC_REPRESENTATION_CONTEXT(2) 
PARAMETRIC_REPRESENTATION_CONTEXT() REPRESENTATION_CONTEXT('2D SPACE',''
  ) );
#2405 = PCURVE('',#842,#2406);
#2406 = DEFINITIONAL_REPRESENTATION('',(#2407),#2411);
#2407 = LINE('',#2408,#2409);
#2408 = CARTESIAN_POINT('',(4.,0.));
#2409 = VECTOR('',#2410,1.);
#2410 = DIRECTION('',(0.,-1.));
#2411 = ( GEOMETRIC_REPRESENTATION_CONTEXT(2) 
PARAMETRIC_REPRESENTATION_CONTEXT() REPRESENTATION_CONTEXT('2D SPACE',''
  ) );
#2412 = ORIENTED_EDGE('',*,*,#753,.F.);
#2413 = ADVANCED_FACE('',(#2414),#796,.T.);
#2414 = FACE_BOUND('',#2415,.T.);
#2415 = EDGE_LOOP('',(#2416,#2417,#2418,#2419));
#2416 = ORIENTED_EDGE('',*,*,#2370,.F.);
#2417 = ORIENTED_EDGE('',*,*,#2232,.T.);
#2418 = ORIENTED_EDGE('',*,*,#1604,.T.);
#2419 = ORIENTED_EDGE('',*,*,#781,.F.);
#2420 = ADVANCED_FACE('',(#2421),#842,.F.);
#2421 = FACE_BOUND('',#2422,.F.);
#2422 = EDGE_LOOP('',(#2423,#2424,#2425,#2426));
#2423 = ORIENTED_EDGE('',*,*,#2392,.F.);
#2424 = ORIENTED_EDGE('',*,*,#2190,.T.);
#2425 = ORIENTED_EDGE('',*,*,#1582,.T.);
#2426 = ORIENTED_EDGE('',*,*,#829,.F.);
#2427 = ADVANCED_FACE('',(#2428),#872,.F.);
#2428 = FACE_BOUND('',#2429,.F.);
#2429 = EDGE_LOOP('',(#2430,#2451,#2452,#2473));
#2430 = ORIENTED_EDGE('',*,*,#2431,.F.);
#2431 = EDGE_CURVE('',#2277,#856,#2432,.T.);
#2432 = SURFACE_CURVE('',#2433,(#2437,#2444),.PCURVE_S1.);
#2433 = LINE('',#2434,#2435);
#2434 = CARTESIAN_POINT('',(-92.,41.5,21.));
#2435 = VECTOR('',#2436,1.);
#2436 = DIRECTION('',(-0.,1.,0.));
#2437 = PCURVE('',#872,#2438);
#2438 = DEFINITIONAL_REPRESENTATION('',(#2439),#2443);
#2439 = LINE('',#2440,#2441);
#2440 = CARTESIAN_POINT('',(0.,0.));
#2441 = VECTOR('',#2442,1.);
#2442 = DIRECTION('',(0.,1.));
#2443 = ( GEOMETRIC_REPRESENTATION_CONTEXT(2) 
PARAMETRIC_REPRESENTATION_CONTEXT() REPRESENTATION_CONTEXT('2D SPACE',''
  ) );
#2444 = PCURVE('',#898,#2445);
#2445 = DEFINITIONAL_REPRESENTATION('',(#2446),#2450);
#2446 = LINE('',#2447,#2448);
#2447 = CARTESIAN_POINT('',(4.,0.));
#2448 = VECTOR('',#2449,1.);
#2449 = DIRECTION('',(0.,-1.));
#2450 = ( GEOMETRIC_REPRESENTATION_CONTEXT(2) 
PARAMETRIC_REPRESENTATION_CONTEXT() REPRESENTATION_CONTEXT('2D SPACE',''
  ) );
#2451 = ORIENTED_EDGE('',*,*,#2276,.T.);
#2452 = ORIENTED_EDGE('',*,*,#2453,.T.);
#2453 = EDGE_CURVE('',#2279,#858,#2454,.T.);
#2454 = SURFACE_CURVE('',#2455,(#2459,#2466),.PCURVE_S1.);
#2455 = LINE('',#2456,#2457);
#2456 = CARTESIAN_POINT('',(-52.,41.5,21.));
#2457 = VECTOR('',#2458,1.);
#2458 = DIRECTION('',(-0.,1.,0.));
#2459 = PCURVE('',#872,#2460);
#2460 = DEFINITIONAL_REPRESENTATION('',(#2461),#2465);
#2461 = LINE('',#2462,#2463);
#2462 = CARTESIAN_POINT('',(40.,0.));
#2463 = VECTOR('',#2464,1.);
#2464 = DIRECTION('',(0.,1.));
#2465 = ( GEOMETRIC_REPRESENTATION_CONTEXT(2) 
PARAMETRIC_REPRESENTATION_CONTEXT() REPRESENTATION_CONTEXT('2D SPACE',''
  ) );
#2466 = PCURVE('',#948,#2467);
#2467 = DEFINITIONAL_REPRESENTATION('',(#2468),#2472);
#2468 = LINE('',#2469,#2470);
#2469 = CARTESIAN_POINT('',(4.,0.));
#2470 = VECTOR('',#2471,1.);
#2471 = DIRECTION('',(0.,-1.));
#2472 = ( GEOMETRIC_REPRESENTATION_CONTEXT(2) 
PARAMETRIC_REPRESENTATION_CONTEXT() REPRESENTATION_CONTEXT('2D SPACE',''
  ) );
#2473 = ORIENTED_EDGE('',*,*,#855,.F.);
#2474 = ADVANCED_FACE('',(#2475),#948,.F.);
#2475 = FACE_BOUND('',#2476,.F.);
#2476 = EDGE_LOOP('',(#2477,#2478,#2479,#2500));
#2477 = ORIENTED_EDGE('',*,*,#2453,.F.);
#2478 = ORIENTED_EDGE('',*,*,#2341,.T.);
#2479 = ORIENTED_EDGE('',*,*,#2480,.T.);
#2480 = EDGE_CURVE('',#2321,#910,#2481,.T.);
#2481 = SURFACE_CURVE('',#2482,(#2486,#2493),.PCURVE_S1.);
#2482 = LINE('',#2483,#2484);
#2483 = CARTESIAN_POINT('',(-52.,41.5,17.));
#2484 = VECTOR('',#2485,1.);
#2485 = DIRECTION('',(-0.,1.,0.));
#2486 = PCURVE('',#948,#2487);
#2487 = DEFINITIONAL_REPRESENTATION('',(#2488),#2492);
#2488 = LINE('',#2489,#2490);
#2489 = CARTESIAN_POINT('',(0.,0.));
#2490 = VECTOR('',#2491,1.);
#2491 = DIRECTION('',(0.,-1.));
#2492 = ( GEOMETRIC_REPRESENTATION_CONTEXT(2) 
PARAMETRIC_REPRESENTATION_CONTEXT() REPRESENTATION_CONTEXT('2D SPACE',''
  ) );
#2493 = PCURVE('',#924,#2494);
#2494 = DEFINITIONAL_REPRESENTATION('',(#2495),#2499);
#2495 = LINE('',#2496,#2497);
#2496 = CARTESIAN_POINT('',(40.,0.));
#2497 = VECTOR('',#2498,1.);
#2498 = DIRECTION('',(0.,1.));
#2499 = ( GEOMETRIC_REPRESENTATION_CONTEXT(2) 
PARAMETRIC_REPRESENTATION_CONTEXT() REPRESENTATION_CONTEXT('2D SPACE',''
  ) );
#2500 = ORIENTED_EDGE('',*,*,#935,.F.);
#2501 = ADVANCED_FACE('',(#2502),#924,.T.);
#2502 = FACE_BOUND('',#2503,.T.);
#2503 = EDGE_LOOP('',(#2504,#2525,#2526,#2527));
#2504 = ORIENTED_EDGE('',*,*,#2505,.F.);
#2505 = EDGE_CURVE('',#2300,#884,#2506,.T.);
#2506 = SURFACE_CURVE('',#2507,(#2511,#2518),.PCURVE_S1.);
#2507 = LINE('',#2508,#2509);
#2508 = CARTESIAN_POINT('',(-92.,41.5,17.));
#2509 = VECTOR('',#2510,1.);
#2510 = DIRECTION('',(-0.,1.,0.));
#2511 = PCURVE('',#924,#2512);
#2512 = DEFINITIONAL_REPRESENTATION('',(#2513),#2517);
#2513 = LINE('',#2514,#2515);
#2514 = CARTESIAN_POINT('',(0.,0.));
#2515 = VECTOR('',#2516,1.);
#2516 = DIRECTION('',(0.,1.));
#2517 = ( GEOMETRIC_REPRESENTATION_CONTEXT(2) 
PARAMETRIC_REPRESENTATION_CONTEXT() REPRESENTATION_CONTEXT('2D SPACE',''
  ) );
#2518 = PCURVE('',#898,#2519);
#2519 = DEFINITIONAL_REPRESENTATION('',(#2520),#2524);
#2520 = LINE('',#2521,#2522);
#2521 = CARTESIAN_POINT('',(0.,0.));
#2522 = VECTOR('',#2523,1.);
#2523 = DIRECTION('',(0.,-1.));
#2524 = ( GEOMETRIC_REPRESENTATION_CONTEXT(2) 
PARAMETRIC_REPRESENTATION_CONTEXT() REPRESENTATION_CONTEXT('2D SPACE',''
  ) );
#2525 = ORIENTED_EDGE('',*,*,#2320,.T.);
#2526 = ORIENTED_EDGE('',*,*,#2480,.T.);
#2527 = ORIENTED_EDGE('',*,*,#909,.F.);
#2528 = ADVANCED_FACE('',(#2529),#898,.T.);
#2529 = FACE_BOUND('',#2530,.T.);
#2530 = EDGE_LOOP('',(#2531,#2532,#2533,#2534));
#2531 = ORIENTED_EDGE('',*,*,#2431,.F.);
#2532 = ORIENTED_EDGE('',*,*,#2299,.T.);
#2533 = ORIENTED_EDGE('',*,*,#2505,.T.);
#2534 = ORIENTED_EDGE('',*,*,#883,.F.);
#2535 = ADVANCED_FACE('',(#2536),#1005,.F.);
#2536 = FACE_BOUND('',#2537,.F.);
#2537 = EDGE_LOOP('',(#2538,#2539,#2560,#2561));
#2538 = ORIENTED_EDGE('',*,*,#1697,.F.);
#2539 = ORIENTED_EDGE('',*,*,#2540,.F.);
#2540 = EDGE_CURVE('',#989,#1698,#2541,.T.);
#2541 = SEAM_CURVE('',#2542,(#2546,#2553),.PCURVE_S1.);
#2542 = LINE('',#2543,#2544);
#2543 = CARTESIAN_POINT('',(-97.65,-24.5,6.5));
#2544 = VECTOR('',#2545,1.);
#2545 = DIRECTION('',(0.,0.,1.));
#2546 = PCURVE('',#1005,#2547);
#2547 = DEFINITIONAL_REPRESENTATION('',(#2548),#2552);
#2548 = LINE('',#2549,#2550);
#2549 = CARTESIAN_POINT('',(6.28318530718,-0.));
#2550 = VECTOR('',#2551,1.);
#2551 = DIRECTION('',(0.,1.));
#2552 = ( GEOMETRIC_REPRESENTATION_CONTEXT(2) 
PARAMETRIC_REPRESENTATION_CONTEXT() REPRESENTATION_CONTEXT('2D SPACE',''
  ) );
#2553 = PCURVE('',#1005,#2554);
#2554 = DEFINITIONAL_REPRESENTATION('',(#2555),#2559);
#2555 = LINE('',#2556,#2557);
#2556 = CARTESIAN_POINT('',(0.,-0.));
#2557 = VECTOR('',#2558,1.);
#2558 = DIRECTION('',(0.,1.));
#2559 = ( GEOMETRIC_REPRESENTATION_CONTEXT(2) 
PARAMETRIC_REPRESENTATION_CONTEXT() REPRESENTATION_CONTEXT('2D SPACE',''
  ) );
#2560 = ORIENTED_EDGE('',*,*,#988,.T.);
#2561 = ORIENTED_EDGE('',*,*,#2540,.T.);
#2562 = ADVANCED_FACE('',(#2563),#1036,.F.);
#2563 = FACE_BOUND('',#2564,.F.);
#2564 = EDGE_LOOP('',(#2565,#2566,#2587,#2588));
#2565 = ORIENTED_EDGE('',*,*,#1723,.F.);
#2566 = ORIENTED_EDGE('',*,*,#2567,.F.);
#2567 = EDGE_CURVE('',#1020,#1724,#2568,.T.);
#2568 = SEAM_CURVE('',#2569,(#2573,#2580),.PCURVE_S1.);
#2569 = LINE('',#2570,#2571);
#2570 = CARTESIAN_POINT('',(-39.65,-24.5,6.5));
#2571 = VECTOR('',#2572,1.);
#2572 = DIRECTION('',(0.,0.,1.));
#2573 = PCURVE('',#1036,#2574);
#2574 = DEFINITIONAL_REPRESENTATION('',(#2575),#2579);
#2575 = LINE('',#2576,#2577);
#2576 = CARTESIAN_POINT('',(6.28318530718,-0.));
#2577 = VECTOR('',#2578,1.);
#2578 = DIRECTION('',(0.,1.));
#2579 = ( GEOMETRIC_REPRESENTATION_CONTEXT(2) 
PARAMETRIC_REPRESENTATION_CONTEXT() REPRESENTATION_CONTEXT('2D SPACE',''
  ) );
#2580 = PCURVE('',#1036,#2581);
#2581 = DEFINITIONAL_REPRESENTATION('',(#2582),#2586);
#2582 = LINE('',#2583,#2584);
#2583 = CARTESIAN_POINT('',(0.,-0.));
#2584 = VECTOR('',#2585,1.);
#2585 = DIRECTION('',(0.,1.));
#2586 = ( GEOMETRIC_REPRESENTATION_CONTEXT(2) 
PARAMETRIC_REPRESENTATION_CONTEXT() REPRESENTATION_CONTEXT('2D SPACE',''
  ) );
#2587 = ORIENTED_EDGE('',*,*,#1019,.T.);
#2588 = ORIENTED_EDGE('',*,*,#2567,.T.);
#2589 = ADVANCED_FACE('',(#2590),#1068,.F.);
#2590 = FACE_BOUND('',#2591,.F.);
#2591 = EDGE_LOOP('',(#2592,#2615,#2643,#2671,#2699,#2720));
#2592 = ORIENTED_EDGE('',*,*,#2593,.F.);
#2593 = EDGE_CURVE('',#2594,#1051,#2596,.T.);
#2594 = VERTEX_POINT('',#2595);
#2595 = CARTESIAN_POINT('',(-117.75,-19.5,5.5));
#2596 = SURFACE_CURVE('',#2597,(#2601,#2608),.PCURVE_S1.);
#2597 = LINE('',#2598,#2599);
#2598 = CARTESIAN_POINT('',(-117.75,-19.5,5.5));
#2599 = VECTOR('',#2600,1.);
#2600 = DIRECTION('',(0.,0.,1.));
#2601 = PCURVE('',#1068,#2602);
#2602 = DEFINITIONAL_REPRESENTATION('',(#2603),#2607);
#2603 = LINE('',#2604,#2605);
#2604 = CARTESIAN_POINT('',(0.,0.));
#2605 = VECTOR('',#2606,1.);
#2606 = DIRECTION('',(1.,0.));
#2607 = ( GEOMETRIC_REPRESENTATION_CONTEXT(2) 
PARAMETRIC_REPRESENTATION_CONTEXT() REPRESENTATION_CONTEXT('2D SPACE',''
  ) );
#2608 = PCURVE('',#1150,#2609);
#2609 = DEFINITIONAL_REPRESENTATION('',(#2610),#2614);
#2610 = LINE('',#2611,#2612);
#2611 = CARTESIAN_POINT('',(0.,0.));
#2612 = VECTOR('',#2613,1.);
#2613 = DIRECTION('',(1.,0.));
#2614 = ( GEOMETRIC_REPRESENTATION_CONTEXT(2) 
PARAMETRIC_REPRESENTATION_CONTEXT() REPRESENTATION_CONTEXT('2D SPACE',''
  ) );
#2615 = ORIENTED_EDGE('',*,*,#2616,.F.);
#2616 = EDGE_CURVE('',#2617,#2594,#2619,.T.);
#2617 = VERTEX_POINT('',#2618);
#2618 = CARTESIAN_POINT('',(-117.75,-15.5,5.5));
#2619 = SURFACE_CURVE('',#2620,(#2624,#2631),.PCURVE_S1.);
#2620 = LINE('',#2621,#2622);
#2621 = CARTESIAN_POINT('',(-117.75,-15.5,5.5));
#2622 = VECTOR('',#2623,1.);
#2623 = DIRECTION('',(0.,-1.,0.));
#2624 = PCURVE('',#1068,#2625);
#2625 = DEFINITIONAL_REPRESENTATION('',(#2626),#2630);
#2626 = LINE('',#2627,#2628);
#2627 = CARTESIAN_POINT('',(0.,-4.));
#2628 = VECTOR('',#2629,1.);
#2629 = DIRECTION('',(0.,1.));
#2630 = ( GEOMETRIC_REPRESENTATION_CONTEXT(2) 
PARAMETRIC_REPRESENTATION_CONTEXT() REPRESENTATION_CONTEXT('2D SPACE',''
  ) );
#2631 = PCURVE('',#2632,#2637);
#2632 = PLANE('',#2633);
#2633 = AXIS2_PLACEMENT_3D('',#2634,#2635,#2636);
#2634 = CARTESIAN_POINT('',(-117.75,-19.5,5.5));
#2635 = DIRECTION('',(0.,0.,1.));
#2636 = DIRECTION('',(1.,0.,-0.));
#2637 = DEFINITIONAL_REPRESENTATION('',(#2638),#2642);
#2638 = LINE('',#2639,#2640);
#2639 = CARTESIAN_POINT('',(0.,4.));
#2640 = VECTOR('',#2641,1.);
#2641 = DIRECTION('',(0.,-1.));
#2642 = ( GEOMETRIC_REPRESENTATION_CONTEXT(2) 
PARAMETRIC_REPRESENTATION_CONTEXT() REPRESENTATION_CONTEXT('2D SPACE',''
  ) );
#2643 = ORIENTED_EDGE('',*,*,#2644,.T.);
#2644 = EDGE_CURVE('',#2617,#2645,#2647,.T.);
#2645 = VERTEX_POINT('',#2646);
#2646 = CARTESIAN_POINT('',(-117.75,-15.5,6.5));
#2647 = SURFACE_CURVE('',#2648,(#2652,#2659),.PCURVE_S1.);
#2648 = LINE('',#2649,#2650);
#2649 = CARTESIAN_POINT('',(-117.75,-15.5,5.5));
#2650 = VECTOR('',#2651,1.);
#2651 = DIRECTION('',(0.,0.,1.));
#2652 = PCURVE('',#1068,#2653);
#2653 = DEFINITIONAL_REPRESENTATION('',(#2654),#2658);
#2654 = LINE('',#2655,#2656);
#2655 = CARTESIAN_POINT('',(0.,-4.));
#2656 = VECTOR('',#2657,1.);
#2657 = DIRECTION('',(1.,0.));
#2658 = ( GEOMETRIC_REPRESENTATION_CONTEXT(2) 
PARAMETRIC_REPRESENTATION_CONTEXT() REPRESENTATION_CONTEXT('2D SPACE',''
  ) );
#2659 = PCURVE('',#2660,#2665);
#2660 = PLANE('',#2661);
#2661 = AXIS2_PLACEMENT_3D('',#2662,#2663,#2664);
#2662 = CARTESIAN_POINT('',(-117.75,-15.5,5.5));
#2663 = DIRECTION('',(-0.,1.,0.));
#2664 = DIRECTION('',(0.,0.,1.));
#2665 = DEFINITIONAL_REPRESENTATION('',(#2666),#2670);
#2666 = LINE('',#2667,#2668);
#2667 = CARTESIAN_POINT('',(0.,0.));
#2668 = VECTOR('',#2669,1.);
#2669 = DIRECTION('',(1.,0.));
#2670 = ( GEOMETRIC_REPRESENTATION_CONTEXT(2) 
PARAMETRIC_REPRESENTATION_CONTEXT() REPRESENTATION_CONTEXT('2D SPACE',''
  ) );
#2671 = ORIENTED_EDGE('',*,*,#2672,.F.);
#2672 = EDGE_CURVE('',#2673,#2645,#2675,.T.);
#2673 = VERTEX_POINT('',#2674);
#2674 = CARTESIAN_POINT('',(-117.75,-17.5,6.5));
#2675 = SURFACE_CURVE('',#2676,(#2680,#2687),.PCURVE_S1.);
#2676 = LINE('',#2677,#2678);
#2677 = CARTESIAN_POINT('',(-117.75,-17.5,6.5));
#2678 = VECTOR('',#2679,1.);
#2679 = DIRECTION('',(-0.,1.,0.));
#2680 = PCURVE('',#1068,#2681);
#2681 = DEFINITIONAL_REPRESENTATION('',(#2682),#2686);
#2682 = LINE('',#2683,#2684);
#2683 = CARTESIAN_POINT('',(1.,-2.));
#2684 = VECTOR('',#2685,1.);
#2685 = DIRECTION('',(0.,-1.));
#2686 = ( GEOMETRIC_REPRESENTATION_CONTEXT(2) 
PARAMETRIC_REPRESENTATION_CONTEXT() REPRESENTATION_CONTEXT('2D SPACE',''
  ) );
#2687 = PCURVE('',#2688,#2693);
#2688 = PLANE('',#2689);
#2689 = AXIS2_PLACEMENT_3D('',#2690,#2691,#2692);
#2690 = CARTESIAN_POINT('',(-117.75,-17.5,6.5));
#2691 = DIRECTION('',(0.,0.,1.));
#2692 = DIRECTION('',(1.,0.,-0.));
#2693 = DEFINITIONAL_REPRESENTATION('',(#2694),#2698);
#2694 = LINE('',#2695,#2696);
#2695 = CARTESIAN_POINT('',(0.,0.));
#2696 = VECTOR('',#2697,1.);
#2697 = DIRECTION('',(0.,1.));
#2698 = ( GEOMETRIC_REPRESENTATION_CONTEXT(2) 
PARAMETRIC_REPRESENTATION_CONTEXT() REPRESENTATION_CONTEXT('2D SPACE',''
  ) );
#2699 = ORIENTED_EDGE('',*,*,#2700,.T.);
#2700 = EDGE_CURVE('',#2673,#1053,#2701,.T.);
#2701 = SURFACE_CURVE('',#2702,(#2706,#2713),.PCURVE_S1.);
#2702 = LINE('',#2703,#2704);
#2703 = CARTESIAN_POINT('',(-117.75,-17.5,5.5));
#2704 = VECTOR('',#2705,1.);
#2705 = DIRECTION('',(0.,0.,1.));
#2706 = PCURVE('',#1068,#2707);
#2707 = DEFINITIONAL_REPRESENTATION('',(#2708),#2712);
#2708 = LINE('',#2709,#2710);
#2709 = CARTESIAN_POINT('',(0.,-2.));
#2710 = VECTOR('',#2711,1.);
#2711 = DIRECTION('',(1.,0.));
#2712 = ( GEOMETRIC_REPRESENTATION_CONTEXT(2) 
PARAMETRIC_REPRESENTATION_CONTEXT() REPRESENTATION_CONTEXT('2D SPACE',''
  ) );
#2713 = PCURVE('',#1096,#2714);
#2714 = DEFINITIONAL_REPRESENTATION('',(#2715),#2719);
#2715 = LINE('',#2716,#2717);
#2716 = CARTESIAN_POINT('',(0.,0.));
#2717 = VECTOR('',#2718,1.);
#2718 = DIRECTION('',(1.,0.));
#2719 = ( GEOMETRIC_REPRESENTATION_CONTEXT(2) 
PARAMETRIC_REPRESENTATION_CONTEXT() REPRESENTATION_CONTEXT('2D SPACE',''
  ) );
#2720 = ORIENTED_EDGE('',*,*,#1050,.F.);
#2721 = ADVANCED_FACE('',(#2722),#1150,.F.);
#2722 = FACE_BOUND('',#2723,.F.);
#2723 = EDGE_LOOP('',(#2724,#2747,#2748,#2749));
#2724 = ORIENTED_EDGE('',*,*,#2725,.F.);
#2725 = EDGE_CURVE('',#2594,#2726,#2728,.T.);
#2726 = VERTEX_POINT('',#2727);
#2727 = CARTESIAN_POINT('',(37.75,-19.5,5.5));
#2728 = SURFACE_CURVE('',#2729,(#2733,#2740),.PCURVE_S1.);
#2729 = LINE('',#2730,#2731);
#2730 = CARTESIAN_POINT('',(-117.75,-19.5,5.5));
#2731 = VECTOR('',#2732,1.);
#2732 = DIRECTION('',(1.,0.,-0.));
#2733 = PCURVE('',#1150,#2734);
#2734 = DEFINITIONAL_REPRESENTATION('',(#2735),#2739);
#2735 = LINE('',#2736,#2737);
#2736 = CARTESIAN_POINT('',(0.,0.));
#2737 = VECTOR('',#2738,1.);
#2738 = DIRECTION('',(0.,1.));
#2739 = ( GEOMETRIC_REPRESENTATION_CONTEXT(2) 
PARAMETRIC_REPRESENTATION_CONTEXT() REPRESENTATION_CONTEXT('2D SPACE',''
  ) );
#2740 = PCURVE('',#2632,#2741);
#2741 = DEFINITIONAL_REPRESENTATION('',(#2742),#2746);
#2742 = LINE('',#2743,#2744);
#2743 = CARTESIAN_POINT('',(0.,0.));
#2744 = VECTOR('',#2745,1.);
#2745 = DIRECTION('',(1.,0.));
#2746 = ( GEOMETRIC_REPRESENTATION_CONTEXT(2) 
PARAMETRIC_REPRESENTATION_CONTEXT() REPRESENTATION_CONTEXT('2D SPACE',''
  ) );
#2747 = ORIENTED_EDGE('',*,*,#2593,.T.);
#2748 = ORIENTED_EDGE('',*,*,#1136,.T.);
#2749 = ORIENTED_EDGE('',*,*,#2750,.F.);
#2750 = EDGE_CURVE('',#2726,#1109,#2751,.T.);
#2751 = SURFACE_CURVE('',#2752,(#2756,#2763),.PCURVE_S1.);
#2752 = LINE('',#2753,#2754);
#2753 = CARTESIAN_POINT('',(37.75,-19.5,5.5));
#2754 = VECTOR('',#2755,1.);
#2755 = DIRECTION('',(0.,0.,1.));
#2756 = PCURVE('',#1150,#2757);
#2757 = DEFINITIONAL_REPRESENTATION('',(#2758),#2762);
#2758 = LINE('',#2759,#2760);
#2759 = CARTESIAN_POINT('',(0.,155.5));
#2760 = VECTOR('',#2761,1.);
#2761 = DIRECTION('',(1.,0.));
#2762 = ( GEOMETRIC_REPRESENTATION_CONTEXT(2) 
PARAMETRIC_REPRESENTATION_CONTEXT() REPRESENTATION_CONTEXT('2D SPACE',''
  ) );
#2763 = PCURVE('',#1124,#2764);
#2764 = DEFINITIONAL_REPRESENTATION('',(#2765),#2769);
#2765 = LINE('',#2766,#2767);
#2766 = CARTESIAN_POINT('',(0.,0.));
#2767 = VECTOR('',#2768,1.);
#2768 = DIRECTION('',(1.,0.));
#2769 = ( GEOMETRIC_REPRESENTATION_CONTEXT(2) 
PARAMETRIC_REPRESENTATION_CONTEXT() REPRESENTATION_CONTEXT('2D SPACE',''
  ) );
#2770 = ADVANCED_FACE('',(#2771),#1124,.T.);
#2771 = FACE_BOUND('',#2772,.T.);
#2772 = EDGE_LOOP('',(#2773,#2774,#2797,#2820,#2843,#2864));
#2773 = ORIENTED_EDGE('',*,*,#2750,.F.);
#2774 = ORIENTED_EDGE('',*,*,#2775,.F.);
#2775 = EDGE_CURVE('',#2776,#2726,#2778,.T.);
#2776 = VERTEX_POINT('',#2777);
#2777 = CARTESIAN_POINT('',(37.75,-15.5,5.5));
#2778 = SURFACE_CURVE('',#2779,(#2783,#2790),.PCURVE_S1.);
#2779 = LINE('',#2780,#2781);
#2780 = CARTESIAN_POINT('',(37.75,-15.5,5.5));
#2781 = VECTOR('',#2782,1.);
#2782 = DIRECTION('',(0.,-1.,0.));
#2783 = PCURVE('',#1124,#2784);
#2784 = DEFINITIONAL_REPRESENTATION('',(#2785),#2789);
#2785 = LINE('',#2786,#2787);
#2786 = CARTESIAN_POINT('',(0.,-4.));
#2787 = VECTOR('',#2788,1.);
#2788 = DIRECTION('',(0.,1.));
#2789 = ( GEOMETRIC_REPRESENTATION_CONTEXT(2) 
PARAMETRIC_REPRESENTATION_CONTEXT() REPRESENTATION_CONTEXT('2D SPACE',''
  ) );
#2790 = PCURVE('',#2632,#2791);
#2791 = DEFINITIONAL_REPRESENTATION('',(#2792),#2796);
#2792 = LINE('',#2793,#2794);
#2793 = CARTESIAN_POINT('',(155.5,4.));
#2794 = VECTOR('',#2795,1.);
#2795 = DIRECTION('',(0.,-1.));
#2796 = ( GEOMETRIC_REPRESENTATION_CONTEXT(2) 
PARAMETRIC_REPRESENTATION_CONTEXT() REPRESENTATION_CONTEXT('2D SPACE',''
  ) );
#2797 = ORIENTED_EDGE('',*,*,#2798,.T.);
#2798 = EDGE_CURVE('',#2776,#2799,#2801,.T.);
#2799 = VERTEX_POINT('',#2800);
#2800 = CARTESIAN_POINT('',(37.75,-15.5,6.5));
#2801 = SURFACE_CURVE('',#2802,(#2806,#2813),.PCURVE_S1.);
#2802 = LINE('',#2803,#2804);
#2803 = CARTESIAN_POINT('',(37.75,-15.5,5.5));
#2804 = VECTOR('',#2805,1.);
#2805 = DIRECTION('',(0.,0.,1.));
#2806 = PCURVE('',#1124,#2807);
#2807 = DEFINITIONAL_REPRESENTATION('',(#2808),#2812);
#2808 = LINE('',#2809,#2810);
#2809 = CARTESIAN_POINT('',(0.,-4.));
#2810 = VECTOR('',#2811,1.);
#2811 = DIRECTION('',(1.,0.));
#2812 = ( GEOMETRIC_REPRESENTATION_CONTEXT(2) 
PARAMETRIC_REPRESENTATION_CONTEXT() REPRESENTATION_CONTEXT('2D SPACE',''
  ) );
#2813 = PCURVE('',#2660,#2814);
#2814 = DEFINITIONAL_REPRESENTATION('',(#2815),#2819);
#2815 = LINE('',#2816,#2817);
#2816 = CARTESIAN_POINT('',(0.,155.5));
#2817 = VECTOR('',#2818,1.);
#2818 = DIRECTION('',(1.,0.));
#2819 = ( GEOMETRIC_REPRESENTATION_CONTEXT(2) 
PARAMETRIC_REPRESENTATION_CONTEXT() REPRESENTATION_CONTEXT('2D SPACE',''
  ) );
#2820 = ORIENTED_EDGE('',*,*,#2821,.F.);
#2821 = EDGE_CURVE('',#2822,#2799,#2824,.T.);
#2822 = VERTEX_POINT('',#2823);
#2823 = CARTESIAN_POINT('',(37.75,-17.5,6.5));
#2824 = SURFACE_CURVE('',#2825,(#2829,#2836),.PCURVE_S1.);
#2825 = LINE('',#2826,#2827);
#2826 = CARTESIAN_POINT('',(37.75,-17.5,6.5));
#2827 = VECTOR('',#2828,1.);
#2828 = DIRECTION('',(-0.,1.,0.));
#2829 = PCURVE('',#1124,#2830);
#2830 = DEFINITIONAL_REPRESENTATION('',(#2831),#2835);
#2831 = LINE('',#2832,#2833);
#2832 = CARTESIAN_POINT('',(1.,-2.));
#2833 = VECTOR('',#2834,1.);
#2834 = DIRECTION('',(0.,-1.));
#2835 = ( GEOMETRIC_REPRESENTATION_CONTEXT(2) 
PARAMETRIC_REPRESENTATION_CONTEXT() REPRESENTATION_CONTEXT('2D SPACE',''
  ) );
#2836 = PCURVE('',#2688,#2837);
#2837 = DEFINITIONAL_REPRESENTATION('',(#2838),#2842);
#2838 = LINE('',#2839,#2840);
#2839 = CARTESIAN_POINT('',(155.5,0.));
#2840 = VECTOR('',#2841,1.);
#2841 = DIRECTION('',(0.,1.));
#2842 = ( GEOMETRIC_REPRESENTATION_CONTEXT(2) 
PARAMETRIC_REPRESENTATION_CONTEXT() REPRESENTATION_CONTEXT('2D SPACE',''
  ) );
#2843 = ORIENTED_EDGE('',*,*,#2844,.T.);
#2844 = EDGE_CURVE('',#2822,#1081,#2845,.T.);
#2845 = SURFACE_CURVE('',#2846,(#2850,#2857),.PCURVE_S1.);
#2846 = LINE('',#2847,#2848);
#2847 = CARTESIAN_POINT('',(37.75,-17.5,5.5));
#2848 = VECTOR('',#2849,1.);
#2849 = DIRECTION('',(0.,0.,1.));
#2850 = PCURVE('',#1124,#2851);
#2851 = DEFINITIONAL_REPRESENTATION('',(#2852),#2856);
#2852 = LINE('',#2853,#2854);
#2853 = CARTESIAN_POINT('',(0.,-2.));
#2854 = VECTOR('',#2855,1.);
#2855 = DIRECTION('',(1.,0.));
#2856 = ( GEOMETRIC_REPRESENTATION_CONTEXT(2) 
PARAMETRIC_REPRESENTATION_CONTEXT() REPRESENTATION_CONTEXT('2D SPACE',''
  ) );
#2857 = PCURVE('',#1096,#2858);
#2858 = DEFINITIONAL_REPRESENTATION('',(#2859),#2863);
#2859 = LINE('',#2860,#2861);
#2860 = CARTESIAN_POINT('',(0.,155.5));
#2861 = VECTOR('',#2862,1.);
#2862 = DIRECTION('',(1.,0.));
#2863 = ( GEOMETRIC_REPRESENTATION_CONTEXT(2) 
PARAMETRIC_REPRESENTATION_CONTEXT() REPRESENTATION_CONTEXT('2D SPACE',''
  ) );
#2864 = ORIENTED_EDGE('',*,*,#1108,.F.);
#2865 = ADVANCED_FACE('',(#2866),#1096,.T.);
#2866 = FACE_BOUND('',#2867,.T.);
#2867 = EDGE_LOOP('',(#2868,#2889,#2890,#2891));
#2868 = ORIENTED_EDGE('',*,*,#2869,.F.);
#2869 = EDGE_CURVE('',#2673,#2822,#2870,.T.);
#2870 = SURFACE_CURVE('',#2871,(#2875,#2882),.PCURVE_S1.);
#2871 = LINE('',#2872,#2873);
#2872 = CARTESIAN_POINT('',(-117.75,-17.5,6.5));
#2873 = VECTOR('',#2874,1.);
#2874 = DIRECTION('',(1.,0.,-0.));
#2875 = PCURVE('',#1096,#2876);
#2876 = DEFINITIONAL_REPRESENTATION('',(#2877),#2881);
#2877 = LINE('',#2878,#2879);
#2878 = CARTESIAN_POINT('',(1.,0.));
#2879 = VECTOR('',#2880,1.);
#2880 = DIRECTION('',(0.,1.));
#2881 = ( GEOMETRIC_REPRESENTATION_CONTEXT(2) 
PARAMETRIC_REPRESENTATION_CONTEXT() REPRESENTATION_CONTEXT('2D SPACE',''
  ) );
#2882 = PCURVE('',#2688,#2883);
#2883 = DEFINITIONAL_REPRESENTATION('',(#2884),#2888);
#2884 = LINE('',#2885,#2886);
#2885 = CARTESIAN_POINT('',(0.,0.));
#2886 = VECTOR('',#2887,1.);
#2887 = DIRECTION('',(1.,0.));
#2888 = ( GEOMETRIC_REPRESENTATION_CONTEXT(2) 
PARAMETRIC_REPRESENTATION_CONTEXT() REPRESENTATION_CONTEXT('2D SPACE',''
  ) );
#2889 = ORIENTED_EDGE('',*,*,#2700,.T.);
#2890 = ORIENTED_EDGE('',*,*,#1080,.T.);
#2891 = ORIENTED_EDGE('',*,*,#2844,.F.);
#2892 = ADVANCED_FACE('',(#2893),#1181,.F.);
#2893 = FACE_BOUND('',#2894,.F.);
#2894 = EDGE_LOOP('',(#2895,#2896,#2917,#2918));
#2895 = ORIENTED_EDGE('',*,*,#1749,.F.);
#2896 = ORIENTED_EDGE('',*,*,#2897,.F.);
#2897 = EDGE_CURVE('',#1165,#1750,#2898,.T.);
#2898 = SEAM_CURVE('',#2899,(#2903,#2910),.PCURVE_S1.);
#2899 = LINE('',#2900,#2901);
#2900 = CARTESIAN_POINT('',(-97.65,24.5,6.5));
#2901 = VECTOR('',#2902,1.);
#2902 = DIRECTION('',(0.,0.,1.));
#2903 = PCURVE('',#1181,#2904);
#2904 = DEFINITIONAL_REPRESENTATION('',(#2905),#2909);
#2905 = LINE('',#2906,#2907);
#2906 = CARTESIAN_POINT('',(6.28318530718,-0.));
#2907 = VECTOR('',#2908,1.);
#2908 = DIRECTION('',(0.,1.));
#2909 = ( GEOMETRIC_REPRESENTATION_CONTEXT(2) 
PARAMETRIC_REPRESENTATION_CONTEXT() REPRESENTATION_CONTEXT('2D SPACE',''
  ) );
#2910 = PCURVE('',#1181,#2911);
#2911 = DEFINITIONAL_REPRESENTATION('',(#2912),#2916);
#2912 = LINE('',#2913,#2914);
#2913 = CARTESIAN_POINT('',(0.,-0.));
#2914 = VECTOR('',#2915,1.);
#2915 = DIRECTION('',(0.,1.));
#2916 = ( GEOMETRIC_REPRESENTATION_CONTEXT(2) 
PARAMETRIC_REPRESENTATION_CONTEXT() REPRESENTATION_CONTEXT('2D SPACE',''
  ) );
#2917 = ORIENTED_EDGE('',*,*,#1164,.T.);
#2918 = ORIENTED_EDGE('',*,*,#2897,.T.);
#2919 = ADVANCED_FACE('',(#2920),#1212,.F.);
#2920 = FACE_BOUND('',#2921,.F.);
#2921 = EDGE_LOOP('',(#2922,#2923,#2944,#2945));
#2922 = ORIENTED_EDGE('',*,*,#1775,.F.);
#2923 = ORIENTED_EDGE('',*,*,#2924,.F.);
#2924 = EDGE_CURVE('',#1196,#1776,#2925,.T.);
#2925 = SEAM_CURVE('',#2926,(#2930,#2937),.PCURVE_S1.);
#2926 = LINE('',#2927,#2928);
#2927 = CARTESIAN_POINT('',(-39.65,24.5,6.5));
#2928 = VECTOR('',#2929,1.);
#2929 = DIRECTION('',(0.,0.,1.));
#2930 = PCURVE('',#1212,#2931);
#2931 = DEFINITIONAL_REPRESENTATION('',(#2932),#2936);
#2932 = LINE('',#2933,#2934);
#2933 = CARTESIAN_POINT('',(6.28318530718,-0.));
#2934 = VECTOR('',#2935,1.);
#2935 = DIRECTION('',(0.,1.));
#2936 = ( GEOMETRIC_REPRESENTATION_CONTEXT(2) 
PARAMETRIC_REPRESENTATION_CONTEXT() REPRESENTATION_CONTEXT('2D SPACE',''
  ) );
#2937 = PCURVE('',#1212,#2938);
#2938 = DEFINITIONAL_REPRESENTATION('',(#2939),#2943);
#2939 = LINE('',#2940,#2941);
#2940 = CARTESIAN_POINT('',(0.,-0.));
#2941 = VECTOR('',#2942,1.);
#2942 = DIRECTION('',(0.,1.));
#2943 = ( GEOMETRIC_REPRESENTATION_CONTEXT(2) 
PARAMETRIC_REPRESENTATION_CONTEXT() REPRESENTATION_CONTEXT('2D SPACE',''
  ) );
#2944 = ORIENTED_EDGE('',*,*,#1195,.T.);
#2945 = ORIENTED_EDGE('',*,*,#2924,.T.);
#2946 = ADVANCED_FACE('',(#2947),#1244,.F.);
#2947 = FACE_BOUND('',#2948,.F.);
#2948 = EDGE_LOOP('',(#2949,#2972,#3000,#3028,#3056,#3077));
#2949 = ORIENTED_EDGE('',*,*,#2950,.F.);
#2950 = EDGE_CURVE('',#2951,#1227,#2953,.T.);
#2951 = VERTEX_POINT('',#2952);
#2952 = CARTESIAN_POINT('',(-117.75,17.5,6.5));
#2953 = SURFACE_CURVE('',#2954,(#2958,#2965),.PCURVE_S1.);
#2954 = LINE('',#2955,#2956);
#2955 = CARTESIAN_POINT('',(-117.75,17.5,5.5));
#2956 = VECTOR('',#2957,1.);
#2957 = DIRECTION('',(0.,0.,1.));
#2958 = PCURVE('',#1244,#2959);
#2959 = DEFINITIONAL_REPRESENTATION('',(#2960),#2964);
#2960 = LINE('',#2961,#2962);
#2961 = CARTESIAN_POINT('',(0.,0.));
#2962 = VECTOR('',#2963,1.);
#2963 = DIRECTION('',(1.,0.));
#2964 = ( GEOMETRIC_REPRESENTATION_CONTEXT(2) 
PARAMETRIC_REPRESENTATION_CONTEXT() REPRESENTATION_CONTEXT('2D SPACE',''
  ) );
#2965 = PCURVE('',#1326,#2966);
#2966 = DEFINITIONAL_REPRESENTATION('',(#2967),#2971);
#2967 = LINE('',#2968,#2969);
#2968 = CARTESIAN_POINT('',(0.,0.));
#2969 = VECTOR('',#2970,1.);
#2970 = DIRECTION('',(1.,0.));
#2971 = ( GEOMETRIC_REPRESENTATION_CONTEXT(2) 
PARAMETRIC_REPRESENTATION_CONTEXT() REPRESENTATION_CONTEXT('2D SPACE',''
  ) );
#2972 = ORIENTED_EDGE('',*,*,#2973,.F.);
#2973 = EDGE_CURVE('',#2974,#2951,#2976,.T.);
#2974 = VERTEX_POINT('',#2975);
#2975 = CARTESIAN_POINT('',(-117.75,15.5,6.5));
#2976 = SURFACE_CURVE('',#2977,(#2981,#2988),.PCURVE_S1.);
#2977 = LINE('',#2978,#2979);
#2978 = CARTESIAN_POINT('',(-117.75,15.5,6.5));
#2979 = VECTOR('',#2980,1.);
#2980 = DIRECTION('',(-0.,1.,0.));
#2981 = PCURVE('',#1244,#2982);
#2982 = DEFINITIONAL_REPRESENTATION('',(#2983),#2987);
#2983 = LINE('',#2984,#2985);
#2984 = CARTESIAN_POINT('',(1.,2.));
#2985 = VECTOR('',#2986,1.);
#2986 = DIRECTION('',(0.,-1.));
#2987 = ( GEOMETRIC_REPRESENTATION_CONTEXT(2) 
PARAMETRIC_REPRESENTATION_CONTEXT() REPRESENTATION_CONTEXT('2D SPACE',''
  ) );
#2988 = PCURVE('',#2989,#2994);
#2989 = PLANE('',#2990);
#2990 = AXIS2_PLACEMENT_3D('',#2991,#2992,#2993);
#2991 = CARTESIAN_POINT('',(-117.75,15.5,6.5));
#2992 = DIRECTION('',(0.,0.,1.));
#2993 = DIRECTION('',(1.,0.,-0.));
#2994 = DEFINITIONAL_REPRESENTATION('',(#2995),#2999);
#2995 = LINE('',#2996,#2997);
#2996 = CARTESIAN_POINT('',(0.,0.));
#2997 = VECTOR('',#2998,1.);
#2998 = DIRECTION('',(0.,1.));
#2999 = ( GEOMETRIC_REPRESENTATION_CONTEXT(2) 
PARAMETRIC_REPRESENTATION_CONTEXT() REPRESENTATION_CONTEXT('2D SPACE',''
  ) );
#3000 = ORIENTED_EDGE('',*,*,#3001,.F.);
#3001 = EDGE_CURVE('',#3002,#2974,#3004,.T.);
#3002 = VERTEX_POINT('',#3003);
#3003 = CARTESIAN_POINT('',(-117.75,15.5,5.5));
#3004 = SURFACE_CURVE('',#3005,(#3009,#3016),.PCURVE_S1.);
#3005 = LINE('',#3006,#3007);
#3006 = CARTESIAN_POINT('',(-117.75,15.5,5.5));
#3007 = VECTOR('',#3008,1.);
#3008 = DIRECTION('',(0.,0.,1.));
#3009 = PCURVE('',#1244,#3010);
#3010 = DEFINITIONAL_REPRESENTATION('',(#3011),#3015);
#3011 = LINE('',#3012,#3013);
#3012 = CARTESIAN_POINT('',(0.,2.));
#3013 = VECTOR('',#3014,1.);
#3014 = DIRECTION('',(1.,0.));
#3015 = ( GEOMETRIC_REPRESENTATION_CONTEXT(2) 
PARAMETRIC_REPRESENTATION_CONTEXT() REPRESENTATION_CONTEXT('2D SPACE',''
  ) );
#3016 = PCURVE('',#3017,#3022);
#3017 = PLANE('',#3018);
#3018 = AXIS2_PLACEMENT_3D('',#3019,#3020,#3021);
#3019 = CARTESIAN_POINT('',(-117.75,15.5,5.5));
#3020 = DIRECTION('',(-0.,1.,0.));
#3021 = DIRECTION('',(0.,0.,1.));
#3022 = DEFINITIONAL_REPRESENTATION('',(#3023),#3027);
#3023 = LINE('',#3024,#3025);
#3024 = CARTESIAN_POINT('',(0.,0.));
#3025 = VECTOR('',#3026,1.);
#3026 = DIRECTION('',(1.,0.));
#3027 = ( GEOMETRIC_REPRESENTATION_CONTEXT(2) 
PARAMETRIC_REPRESENTATION_CONTEXT() REPRESENTATION_CONTEXT('2D SPACE',''
  ) );
#3028 = ORIENTED_EDGE('',*,*,#3029,.F.);
#3029 = EDGE_CURVE('',#3030,#3002,#3032,.T.);
#3030 = VERTEX_POINT('',#3031);
#3031 = CARTESIAN_POINT('',(-117.75,19.5,5.5));
#3032 = SURFACE_CURVE('',#3033,(#3037,#3044),.PCURVE_S1.);
#3033 = LINE('',#3034,#3035);
#3034 = CARTESIAN_POINT('',(-117.75,19.5,5.5));
#3035 = VECTOR('',#3036,1.);
#3036 = DIRECTION('',(0.,-1.,0.));
#3037 = PCURVE('',#1244,#3038);
#3038 = DEFINITIONAL_REPRESENTATION('',(#3039),#3043);
#3039 = LINE('',#3040,#3041);
#3040 = CARTESIAN_POINT('',(0.,-2.));
#3041 = VECTOR('',#3042,1.);
#3042 = DIRECTION('',(0.,1.));
#3043 = ( GEOMETRIC_REPRESENTATION_CONTEXT(2) 
PARAMETRIC_REPRESENTATION_CONTEXT() REPRESENTATION_CONTEXT('2D SPACE',''
  ) );
#3044 = PCURVE('',#3045,#3050);
#3045 = PLANE('',#3046);
#3046 = AXIS2_PLACEMENT_3D('',#3047,#3048,#3049);
#3047 = CARTESIAN_POINT('',(-117.75,17.5,5.5));
#3048 = DIRECTION('',(0.,0.,1.));
#3049 = DIRECTION('',(1.,0.,-0.));
#3050 = DEFINITIONAL_REPRESENTATION('',(#3051),#3055);
#3051 = LINE('',#3052,#3053);
#3052 = CARTESIAN_POINT('',(0.,2.));
#3053 = VECTOR('',#3054,1.);
#3054 = DIRECTION('',(0.,-1.));
#3055 = ( GEOMETRIC_REPRESENTATION_CONTEXT(2) 
PARAMETRIC_REPRESENTATION_CONTEXT() REPRESENTATION_CONTEXT('2D SPACE',''
  ) );
#3056 = ORIENTED_EDGE('',*,*,#3057,.T.);
#3057 = EDGE_CURVE('',#3030,#1229,#3058,.T.);
#3058 = SURFACE_CURVE('',#3059,(#3063,#3070),.PCURVE_S1.);
#3059 = LINE('',#3060,#3061);
#3060 = CARTESIAN_POINT('',(-117.75,19.5,5.5));
#3061 = VECTOR('',#3062,1.);
#3062 = DIRECTION('',(0.,0.,1.));
#3063 = PCURVE('',#1244,#3064);
#3064 = DEFINITIONAL_REPRESENTATION('',(#3065),#3069);
#3065 = LINE('',#3066,#3067);
#3066 = CARTESIAN_POINT('',(0.,-2.));
#3067 = VECTOR('',#3068,1.);
#3068 = DIRECTION('',(1.,0.));
#3069 = ( GEOMETRIC_REPRESENTATION_CONTEXT(2) 
PARAMETRIC_REPRESENTATION_CONTEXT() REPRESENTATION_CONTEXT('2D SPACE',''
  ) );
#3070 = PCURVE('',#1272,#3071);
#3071 = DEFINITIONAL_REPRESENTATION('',(#3072),#3076);
#3072 = LINE('',#3073,#3074);
#3073 = CARTESIAN_POINT('',(0.,0.));
#3074 = VECTOR('',#3075,1.);
#3075 = DIRECTION('',(1.,0.));
#3076 = ( GEOMETRIC_REPRESENTATION_CONTEXT(2) 
PARAMETRIC_REPRESENTATION_CONTEXT() REPRESENTATION_CONTEXT('2D SPACE',''
  ) );
#3077 = ORIENTED_EDGE('',*,*,#1226,.F.);
#3078 = ADVANCED_FACE('',(#3079),#1326,.F.);
#3079 = FACE_BOUND('',#3080,.F.);
#3080 = EDGE_LOOP('',(#3081,#3104,#3105,#3106));
#3081 = ORIENTED_EDGE('',*,*,#3082,.F.);
#3082 = EDGE_CURVE('',#2951,#3083,#3085,.T.);
#3083 = VERTEX_POINT('',#3084);
#3084 = CARTESIAN_POINT('',(37.75,17.5,6.5));
#3085 = SURFACE_CURVE('',#3086,(#3090,#3097),.PCURVE_S1.);
#3086 = LINE('',#3087,#3088);
#3087 = CARTESIAN_POINT('',(-117.75,17.5,6.5));
#3088 = VECTOR('',#3089,1.);
#3089 = DIRECTION('',(1.,0.,-0.));
#3090 = PCURVE('',#1326,#3091);
#3091 = DEFINITIONAL_REPRESENTATION('',(#3092),#3096);
#3092 = LINE('',#3093,#3094);
#3093 = CARTESIAN_POINT('',(1.,0.));
#3094 = VECTOR('',#3095,1.);
#3095 = DIRECTION('',(0.,1.));
#3096 = ( GEOMETRIC_REPRESENTATION_CONTEXT(2) 
PARAMETRIC_REPRESENTATION_CONTEXT() REPRESENTATION_CONTEXT('2D SPACE',''
  ) );
#3097 = PCURVE('',#2989,#3098);
#3098 = DEFINITIONAL_REPRESENTATION('',(#3099),#3103);
#3099 = LINE('',#3100,#3101);
#3100 = CARTESIAN_POINT('',(0.,2.));
#3101 = VECTOR('',#3102,1.);
#3102 = DIRECTION('',(1.,0.));
#3103 = ( GEOMETRIC_REPRESENTATION_CONTEXT(2) 
PARAMETRIC_REPRESENTATION_CONTEXT() REPRESENTATION_CONTEXT('2D SPACE',''
  ) );
#3104 = ORIENTED_EDGE('',*,*,#2950,.T.);
#3105 = ORIENTED_EDGE('',*,*,#1312,.T.);
#3106 = ORIENTED_EDGE('',*,*,#3107,.F.);
#3107 = EDGE_CURVE('',#3083,#1285,#3108,.T.);
#3108 = SURFACE_CURVE('',#3109,(#3113,#3120),.PCURVE_S1.);
#3109 = LINE('',#3110,#3111);
#3110 = CARTESIAN_POINT('',(37.75,17.5,5.5));
#3111 = VECTOR('',#3112,1.);
#3112 = DIRECTION('',(0.,0.,1.));
#3113 = PCURVE('',#1326,#3114);
#3114 = DEFINITIONAL_REPRESENTATION('',(#3115),#3119);
#3115 = LINE('',#3116,#3117);
#3116 = CARTESIAN_POINT('',(0.,155.5));
#3117 = VECTOR('',#3118,1.);
#3118 = DIRECTION('',(1.,0.));
#3119 = ( GEOMETRIC_REPRESENTATION_CONTEXT(2) 
PARAMETRIC_REPRESENTATION_CONTEXT() REPRESENTATION_CONTEXT('2D SPACE',''
  ) );
#3120 = PCURVE('',#1300,#3121);
#3121 = DEFINITIONAL_REPRESENTATION('',(#3122),#3126);
#3122 = LINE('',#3123,#3124);
#3123 = CARTESIAN_POINT('',(0.,0.));
#3124 = VECTOR('',#3125,1.);
#3125 = DIRECTION('',(1.,0.));
#3126 = ( GEOMETRIC_REPRESENTATION_CONTEXT(2) 
PARAMETRIC_REPRESENTATION_CONTEXT() REPRESENTATION_CONTEXT('2D SPACE',''
  ) );
#3127 = ADVANCED_FACE('',(#3128),#1300,.T.);
#3128 = FACE_BOUND('',#3129,.T.);
#3129 = EDGE_LOOP('',(#3130,#3131,#3154,#3177,#3200,#3221));
#3130 = ORIENTED_EDGE('',*,*,#3107,.F.);
#3131 = ORIENTED_EDGE('',*,*,#3132,.F.);
#3132 = EDGE_CURVE('',#3133,#3083,#3135,.T.);
#3133 = VERTEX_POINT('',#3134);
#3134 = CARTESIAN_POINT('',(37.75,15.5,6.5));
#3135 = SURFACE_CURVE('',#3136,(#3140,#3147),.PCURVE_S1.);
#3136 = LINE('',#3137,#3138);
#3137 = CARTESIAN_POINT('',(37.75,15.5,6.5));
#3138 = VECTOR('',#3139,1.);
#3139 = DIRECTION('',(-0.,1.,0.));
#3140 = PCURVE('',#1300,#3141);
#3141 = DEFINITIONAL_REPRESENTATION('',(#3142),#3146);
#3142 = LINE('',#3143,#3144);
#3143 = CARTESIAN_POINT('',(1.,2.));
#3144 = VECTOR('',#3145,1.);
#3145 = DIRECTION('',(0.,-1.));
#3146 = ( GEOMETRIC_REPRESENTATION_CONTEXT(2) 
PARAMETRIC_REPRESENTATION_CONTEXT() REPRESENTATION_CONTEXT('2D SPACE',''
  ) );
#3147 = PCURVE('',#2989,#3148);
#3148 = DEFINITIONAL_REPRESENTATION('',(#3149),#3153);
#3149 = LINE('',#3150,#3151);
#3150 = CARTESIAN_POINT('',(155.5,0.));
#3151 = VECTOR('',#3152,1.);
#3152 = DIRECTION('',(0.,1.));
#3153 = ( GEOMETRIC_REPRESENTATION_CONTEXT(2) 
PARAMETRIC_REPRESENTATION_CONTEXT() REPRESENTATION_CONTEXT('2D SPACE',''
  ) );
#3154 = ORIENTED_EDGE('',*,*,#3155,.F.);
#3155 = EDGE_CURVE('',#3156,#3133,#3158,.T.);
#3156 = VERTEX_POINT('',#3157);
#3157 = CARTESIAN_POINT('',(37.75,15.5,5.5));
#3158 = SURFACE_CURVE('',#3159,(#3163,#3170),.PCURVE_S1.);
#3159 = LINE('',#3160,#3161);
#3160 = CARTESIAN_POINT('',(37.75,15.5,5.5));
#3161 = VECTOR('',#3162,1.);
#3162 = DIRECTION('',(0.,0.,1.));
#3163 = PCURVE('',#1300,#3164);
#3164 = DEFINITIONAL_REPRESENTATION('',(#3165),#3169);
#3165 = LINE('',#3166,#3167);
#3166 = CARTESIAN_POINT('',(0.,2.));
#3167 = VECTOR('',#3168,1.);
#3168 = DIRECTION('',(1.,0.));
#3169 = ( GEOMETRIC_REPRESENTATION_CONTEXT(2) 
PARAMETRIC_REPRESENTATION_CONTEXT() REPRESENTATION_CONTEXT('2D SPACE',''
  ) );
#3170 = PCURVE('',#3017,#3171);
#3171 = DEFINITIONAL_REPRESENTATION('',(#3172),#3176);
#3172 = LINE('',#3173,#3174);
#3173 = CARTESIAN_POINT('',(0.,155.5));
#3174 = VECTOR('',#3175,1.);
#3175 = DIRECTION('',(1.,0.));
#3176 = ( GEOMETRIC_REPRESENTATION_CONTEXT(2) 
PARAMETRIC_REPRESENTATION_CONTEXT() REPRESENTATION_CONTEXT('2D SPACE',''
  ) );
#3177 = ORIENTED_EDGE('',*,*,#3178,.F.);
#3178 = EDGE_CURVE('',#3179,#3156,#3181,.T.);
#3179 = VERTEX_POINT('',#3180);
#3180 = CARTESIAN_POINT('',(37.75,19.5,5.5));
#3181 = SURFACE_CURVE('',#3182,(#3186,#3193),.PCURVE_S1.);
#3182 = LINE('',#3183,#3184);
#3183 = CARTESIAN_POINT('',(37.75,19.5,5.5));
#3184 = VECTOR('',#3185,1.);
#3185 = DIRECTION('',(0.,-1.,0.));
#3186 = PCURVE('',#1300,#3187);
#3187 = DEFINITIONAL_REPRESENTATION('',(#3188),#3192);
#3188 = LINE('',#3189,#3190);
#3189 = CARTESIAN_POINT('',(0.,-2.));
#3190 = VECTOR('',#3191,1.);
#3191 = DIRECTION('',(0.,1.));
#3192 = ( GEOMETRIC_REPRESENTATION_CONTEXT(2) 
PARAMETRIC_REPRESENTATION_CONTEXT() REPRESENTATION_CONTEXT('2D SPACE',''
  ) );
#3193 = PCURVE('',#3045,#3194);
#3194 = DEFINITIONAL_REPRESENTATION('',(#3195),#3199);
#3195 = LINE('',#3196,#3197);
#3196 = CARTESIAN_POINT('',(155.5,2.));
#3197 = VECTOR('',#3198,1.);
#3198 = DIRECTION('',(0.,-1.));
#3199 = ( GEOMETRIC_REPRESENTATION_CONTEXT(2) 
PARAMETRIC_REPRESENTATION_CONTEXT() REPRESENTATION_CONTEXT('2D SPACE',''
  ) );
#3200 = ORIENTED_EDGE('',*,*,#3201,.T.);
#3201 = EDGE_CURVE('',#3179,#1257,#3202,.T.);
#3202 = SURFACE_CURVE('',#3203,(#3207,#3214),.PCURVE_S1.);
#3203 = LINE('',#3204,#3205);
#3204 = CARTESIAN_POINT('',(37.75,19.5,5.5));
#3205 = VECTOR('',#3206,1.);
#3206 = DIRECTION('',(0.,0.,1.));
#3207 = PCURVE('',#1300,#3208);
#3208 = DEFINITIONAL_REPRESENTATION('',(#3209),#3213);
#3209 = LINE('',#3210,#3211);
#3210 = CARTESIAN_POINT('',(0.,-2.));
#3211 = VECTOR('',#3212,1.);
#3212 = DIRECTION('',(1.,0.));
#3213 = ( GEOMETRIC_REPRESENTATION_CONTEXT(2) 
PARAMETRIC_REPRESENTATION_CONTEXT() REPRESENTATION_CONTEXT('2D SPACE',''
  ) );
#3214 = PCURVE('',#1272,#3215);
#3215 = DEFINITIONAL_REPRESENTATION('',(#3216),#3220);
#3216 = LINE('',#3217,#3218);
#3217 = CARTESIAN_POINT('',(0.,155.5));
#3218 = VECTOR('',#3219,1.);
#3219 = DIRECTION('',(1.,0.));
#3220 = ( GEOMETRIC_REPRESENTATION_CONTEXT(2) 
PARAMETRIC_REPRESENTATION_CONTEXT() REPRESENTATION_CONTEXT('2D SPACE',''
  ) );
#3221 = ORIENTED_EDGE('',*,*,#1284,.F.);
#3222 = ADVANCED_FACE('',(#3223),#1272,.T.);
#3223 = FACE_BOUND('',#3224,.T.);
#3224 = EDGE_LOOP('',(#3225,#3246,#3247,#3248));
#3225 = ORIENTED_EDGE('',*,*,#3226,.F.);
#3226 = EDGE_CURVE('',#3030,#3179,#3227,.T.);
#3227 = SURFACE_CURVE('',#3228,(#3232,#3239),.PCURVE_S1.);
#3228 = LINE('',#3229,#3230);
#3229 = CARTESIAN_POINT('',(-117.75,19.5,5.5));
#3230 = VECTOR('',#3231,1.);
#3231 = DIRECTION('',(1.,0.,-0.));
#3232 = PCURVE('',#1272,#3233);
#3233 = DEFINITIONAL_REPRESENTATION('',(#3234),#3238);
#3234 = LINE('',#3235,#3236);
#3235 = CARTESIAN_POINT('',(0.,0.));
#3236 = VECTOR('',#3237,1.);
#3237 = DIRECTION('',(0.,1.));
#3238 = ( GEOMETRIC_REPRESENTATION_CONTEXT(2) 
PARAMETRIC_REPRESENTATION_CONTEXT() REPRESENTATION_CONTEXT('2D SPACE',''
  ) );
#3239 = PCURVE('',#3045,#3240);
#3240 = DEFINITIONAL_REPRESENTATION('',(#3241),#3245);
#3241 = LINE('',#3242,#3243);
#3242 = CARTESIAN_POINT('',(0.,2.));
#3243 = VECTOR('',#3244,1.);
#3244 = DIRECTION('',(1.,0.));
#3245 = ( GEOMETRIC_REPRESENTATION_CONTEXT(2) 
PARAMETRIC_REPRESENTATION_CONTEXT() REPRESENTATION_CONTEXT('2D SPACE',''
  ) );
#3246 = ORIENTED_EDGE('',*,*,#3057,.T.);
#3247 = ORIENTED_EDGE('',*,*,#1256,.T.);
#3248 = ORIENTED_EDGE('',*,*,#3201,.F.);
#3249 = ADVANCED_FACE('',(#3250),#2632,.F.);
#3250 = FACE_BOUND('',#3251,.F.);
#3251 = EDGE_LOOP('',(#3252,#3253,#3254,#3275));
#3252 = ORIENTED_EDGE('',*,*,#2725,.T.);
#3253 = ORIENTED_EDGE('',*,*,#2775,.F.);
#3254 = ORIENTED_EDGE('',*,*,#3255,.F.);
#3255 = EDGE_CURVE('',#2617,#2776,#3256,.T.);
#3256 = SURFACE_CURVE('',#3257,(#3261,#3268),.PCURVE_S1.);
#3257 = LINE('',#3258,#3259);
#3258 = CARTESIAN_POINT('',(-117.75,-15.5,5.5));
#3259 = VECTOR('',#3260,1.);
#3260 = DIRECTION('',(1.,0.,-0.));
#3261 = PCURVE('',#2632,#3262);
#3262 = DEFINITIONAL_REPRESENTATION('',(#3263),#3267);
#3263 = LINE('',#3264,#3265);
#3264 = CARTESIAN_POINT('',(0.,4.));
#3265 = VECTOR('',#3266,1.);
#3266 = DIRECTION('',(1.,0.));
#3267 = ( GEOMETRIC_REPRESENTATION_CONTEXT(2) 
PARAMETRIC_REPRESENTATION_CONTEXT() REPRESENTATION_CONTEXT('2D SPACE',''
  ) );
#3268 = PCURVE('',#2660,#3269);
#3269 = DEFINITIONAL_REPRESENTATION('',(#3270),#3274);
#3270 = LINE('',#3271,#3272);
#3271 = CARTESIAN_POINT('',(0.,0.));
#3272 = VECTOR('',#3273,1.);
#3273 = DIRECTION('',(0.,1.));
#3274 = ( GEOMETRIC_REPRESENTATION_CONTEXT(2) 
PARAMETRIC_REPRESENTATION_CONTEXT() REPRESENTATION_CONTEXT('2D SPACE',''
  ) );
#3275 = ORIENTED_EDGE('',*,*,#2616,.T.);
#3276 = ADVANCED_FACE('',(#3277),#2660,.T.);
#3277 = FACE_BOUND('',#3278,.T.);
#3278 = EDGE_LOOP('',(#3279,#3280,#3281,#3302));
#3279 = ORIENTED_EDGE('',*,*,#3255,.F.);
#3280 = ORIENTED_EDGE('',*,*,#2644,.T.);
#3281 = ORIENTED_EDGE('',*,*,#3282,.T.);
#3282 = EDGE_CURVE('',#2645,#2799,#3283,.T.);
#3283 = SURFACE_CURVE('',#3284,(#3288,#3295),.PCURVE_S1.);
#3284 = LINE('',#3285,#3286);
#3285 = CARTESIAN_POINT('',(-117.75,-15.5,6.5));
#3286 = VECTOR('',#3287,1.);
#3287 = DIRECTION('',(1.,0.,-0.));
#3288 = PCURVE('',#2660,#3289);
#3289 = DEFINITIONAL_REPRESENTATION('',(#3290),#3294);
#3290 = LINE('',#3291,#3292);
#3291 = CARTESIAN_POINT('',(1.,0.));
#3292 = VECTOR('',#3293,1.);
#3293 = DIRECTION('',(0.,1.));
#3294 = ( GEOMETRIC_REPRESENTATION_CONTEXT(2) 
PARAMETRIC_REPRESENTATION_CONTEXT() REPRESENTATION_CONTEXT('2D SPACE',''
  ) );
#3295 = PCURVE('',#2688,#3296);
#3296 = DEFINITIONAL_REPRESENTATION('',(#3297),#3301);
#3297 = LINE('',#3298,#3299);
#3298 = CARTESIAN_POINT('',(0.,2.));
#3299 = VECTOR('',#3300,1.);
#3300 = DIRECTION('',(1.,0.));
#3301 = ( GEOMETRIC_REPRESENTATION_CONTEXT(2) 
PARAMETRIC_REPRESENTATION_CONTEXT() REPRESENTATION_CONTEXT('2D SPACE',''
  ) );
#3302 = ORIENTED_EDGE('',*,*,#2798,.F.);
#3303 = ADVANCED_FACE('',(#3304),#2688,.T.);
#3304 = FACE_BOUND('',#3305,.T.);
#3305 = EDGE_LOOP('',(#3306,#3307,#3308,#3309));
#3306 = ORIENTED_EDGE('',*,*,#2672,.F.);
#3307 = ORIENTED_EDGE('',*,*,#2869,.T.);
#3308 = ORIENTED_EDGE('',*,*,#2821,.T.);
#3309 = ORIENTED_EDGE('',*,*,#3282,.F.);
#3310 = ADVANCED_FACE('',(#3311),#2989,.T.);
#3311 = FACE_BOUND('',#3312,.T.);
#3312 = EDGE_LOOP('',(#3313,#3314,#3335,#3336));
#3313 = ORIENTED_EDGE('',*,*,#2973,.F.);
#3314 = ORIENTED_EDGE('',*,*,#3315,.T.);
#3315 = EDGE_CURVE('',#2974,#3133,#3316,.T.);
#3316 = SURFACE_CURVE('',#3317,(#3321,#3328),.PCURVE_S1.);
#3317 = LINE('',#3318,#3319);
#3318 = CARTESIAN_POINT('',(-117.75,15.5,6.5));
#3319 = VECTOR('',#3320,1.);
#3320 = DIRECTION('',(1.,0.,-0.));
#3321 = PCURVE('',#2989,#3322);
#3322 = DEFINITIONAL_REPRESENTATION('',(#3323),#3327);
#3323 = LINE('',#3324,#3325);
#3324 = CARTESIAN_POINT('',(0.,0.));
#3325 = VECTOR('',#3326,1.);
#3326 = DIRECTION('',(1.,0.));
#3327 = ( GEOMETRIC_REPRESENTATION_CONTEXT(2) 
PARAMETRIC_REPRESENTATION_CONTEXT() REPRESENTATION_CONTEXT('2D SPACE',''
  ) );
#3328 = PCURVE('',#3017,#3329);
#3329 = DEFINITIONAL_REPRESENTATION('',(#3330),#3334);
#3330 = LINE('',#3331,#3332);
#3331 = CARTESIAN_POINT('',(1.,0.));
#3332 = VECTOR('',#3333,1.);
#3333 = DIRECTION('',(0.,1.));
#3334 = ( GEOMETRIC_REPRESENTATION_CONTEXT(2) 
PARAMETRIC_REPRESENTATION_CONTEXT() REPRESENTATION_CONTEXT('2D SPACE',''
  ) );
#3335 = ORIENTED_EDGE('',*,*,#3132,.T.);
#3336 = ORIENTED_EDGE('',*,*,#3082,.F.);
#3337 = ADVANCED_FACE('',(#3338),#3017,.F.);
#3338 = FACE_BOUND('',#3339,.F.);
#3339 = EDGE_LOOP('',(#3340,#3361,#3362,#3363));
#3340 = ORIENTED_EDGE('',*,*,#3341,.F.);
#3341 = EDGE_CURVE('',#3002,#3156,#3342,.T.);
#3342 = SURFACE_CURVE('',#3343,(#3347,#3354),.PCURVE_S1.);
#3343 = LINE('',#3344,#3345);
#3344 = CARTESIAN_POINT('',(-117.75,15.5,5.5));
#3345 = VECTOR('',#3346,1.);
#3346 = DIRECTION('',(1.,0.,-0.));
#3347 = PCURVE('',#3017,#3348);
#3348 = DEFINITIONAL_REPRESENTATION('',(#3349),#3353);
#3349 = LINE('',#3350,#3351);
#3350 = CARTESIAN_POINT('',(0.,0.));
#3351 = VECTOR('',#3352,1.);
#3352 = DIRECTION('',(0.,1.));
#3353 = ( GEOMETRIC_REPRESENTATION_CONTEXT(2) 
PARAMETRIC_REPRESENTATION_CONTEXT() REPRESENTATION_CONTEXT('2D SPACE',''
  ) );
#3354 = PCURVE('',#3045,#3355);
#3355 = DEFINITIONAL_REPRESENTATION('',(#3356),#3360);
#3356 = LINE('',#3357,#3358);
#3357 = CARTESIAN_POINT('',(0.,-2.));
#3358 = VECTOR('',#3359,1.);
#3359 = DIRECTION('',(1.,0.));
#3360 = ( GEOMETRIC_REPRESENTATION_CONTEXT(2) 
PARAMETRIC_REPRESENTATION_CONTEXT() REPRESENTATION_CONTEXT('2D SPACE',''
  ) );
#3361 = ORIENTED_EDGE('',*,*,#3001,.T.);
#3362 = ORIENTED_EDGE('',*,*,#3315,.T.);
#3363 = ORIENTED_EDGE('',*,*,#3155,.F.);
#3364 = ADVANCED_FACE('',(#3365),#3045,.F.);
#3365 = FACE_BOUND('',#3366,.F.);
#3366 = EDGE_LOOP('',(#3367,#3368,#3369,#3370));
#3367 = ORIENTED_EDGE('',*,*,#3029,.T.);
#3368 = ORIENTED_EDGE('',*,*,#3341,.T.);
#3369 = ORIENTED_EDGE('',*,*,#3178,.F.);
#3370 = ORIENTED_EDGE('',*,*,#3226,.F.);
#3371 = ( GEOMETRIC_REPRESENTATION_CONTEXT(3) 
GLOBAL_UNCERTAINTY_ASSIGNED_CONTEXT((#3375)) 
GLOBAL_UNIT_ASSIGNED_CONTEXT((#3372,#3373,#3374)) REPRESENTATION_CONTEXT
('Context #1','3D Context with UNIT and UNCERTAINTY') );
#3372 = ( LENGTH_UNIT() NAMED_UNIT(*) SI_UNIT(.MILLI.,.METRE.) );
#3373 = ( NAMED_UNIT(*) PLANE_ANGLE_UNIT() SI_UNIT($,.RADIAN.) );
#3374 = ( NAMED_UNIT(*) SI_UNIT($,.STERADIAN.) SOLID_ANGLE_UNIT() );
#3375 = UNCERTAINTY_MEASURE_WITH_UNIT(LENGTH_MEASURE(1.E-07),#3372,
  'distance_accuracy_value','confusion accuracy');
#3376 = CONTEXT_DEPENDENT_SHAPE_REPRESENTATION(#3377,#3379);
#3377 = ( REPRESENTATION_RELATIONSHIP('','',#64,#10) 
REPRESENTATION_RELATIONSHIP_WITH_TRANSFORMATION(#3378) 
SHAPE_REPRESENTATION_RELATIONSHIP() );
#3378 = ITEM_DEFINED_TRANSFORMATION('','',#11,#15);
#3379 = PRODUCT_DEFINITION_SHAPE('Placement','Placement of an item',
  #3380);
#3380 = NEXT_ASSEMBLY_USAGE_OCCURRENCE('23','=>[0:1:1:2]','',#5,#59,$);
#3381 = PRODUCT_RELATED_PRODUCT_CATEGORY('part',$,(#61));
#3382 = SHAPE_DEFINITION_REPRESENTATION(#3383,#3389);
#3383 = PRODUCT_DEFINITION_SHAPE('','',#3384);
#3384 = PRODUCT_DEFINITION('design','',#3385,#3388);
#3385 = PRODUCT_DEFINITION_FORMATION('','',#3386);
#3386 = PRODUCT('COMPOUND','COMPOUND','',(#3387));
#3387 = PRODUCT_CONTEXT('',#2,'mechanical');
#3388 = PRODUCT_DEFINITION_CONTEXT('part definition',#2,'design');
#3389 = ADVANCED_BREP_SHAPE_REPRESENTATION('',(#11,#3390),#5318);
#3390 = MANIFOLD_SOLID_BREP('',#3391);
#3391 = CLOSED_SHELL('',(#3392,#3512,#3800,#3880,#4141,#4274,#4281,#4350
    ,#4397,#4444,#4469,#4538,#4585,#4632,#4657,#4712,#4781,#4828,#4875,
    #4900,#4969,#5016,#5063,#5088,#5171,#5220,#5281,#5308));
#3392 = ADVANCED_FACE('',(#3393),#3407,.F.);
#3393 = FACE_BOUND('',#3394,.F.);
#3394 = EDGE_LOOP('',(#3395,#3430,#3458,#3486));
#3395 = ORIENTED_EDGE('',*,*,#3396,.F.);
#3396 = EDGE_CURVE('',#3397,#3399,#3401,.T.);
#3397 = VERTEX_POINT('',#3398);
#3398 = CARTESIAN_POINT('',(-118.75,-45.,51.5));
#3399 = VERTEX_POINT('',#3400);
#3400 = CARTESIAN_POINT('',(-118.75,-45.,67.5));
#3401 = SURFACE_CURVE('',#3402,(#3406,#3418),.PCURVE_S1.);
#3402 = LINE('',#3403,#3404);
#3403 = CARTESIAN_POINT('',(-118.75,-45.,51.5));
#3404 = VECTOR('',#3405,1.);
#3405 = DIRECTION('',(0.,0.,1.));
#3406 = PCURVE('',#3407,#3412);
#3407 = PLANE('',#3408);
#3408 = AXIS2_PLACEMENT_3D('',#3409,#3410,#3411);
#3409 = CARTESIAN_POINT('',(-118.75,-45.,51.5));
#3410 = DIRECTION('',(1.,0.,-0.));
#3411 = DIRECTION('',(0.,0.,1.));
#3412 = DEFINITIONAL_REPRESENTATION('',(#3413),#3417);
#3413 = LINE('',#3414,#3415);
#3414 = CARTESIAN_POINT('',(0.,0.));
#3415 = VECTOR('',#3416,1.);
#3416 = DIRECTION('',(1.,0.));
#3417 = ( GEOMETRIC_REPRESENTATION_CONTEXT(2) 
PARAMETRIC_REPRESENTATION_CONTEXT() REPRESENTATION_CONTEXT('2D SPACE',''
  ) );
#3418 = PCURVE('',#3419,#3424);
#3419 = PLANE('',#3420);
#3420 = AXIS2_PLACEMENT_3D('',#3421,#3422,#3423);
#3421 = CARTESIAN_POINT('',(-118.75,-45.,51.5));
#3422 = DIRECTION('',(-0.,1.,0.));
#3423 = DIRECTION('',(0.,0.,1.));
#3424 = DEFINITIONAL_REPRESENTATION('',(#3425),#3429);
#3425 = LINE('',#3426,#3427);
#3426 = CARTESIAN_POINT('',(0.,0.));
#3427 = VECTOR('',#3428,1.);
#3428 = DIRECTION('',(1.,0.));
#3429 = ( GEOMETRIC_REPRESENTATION_CONTEXT(2) 
PARAMETRIC_REPRESENTATION_CONTEXT() REPRESENTATION_CONTEXT('2D SPACE',''
  ) );
#3430 = ORIENTED_EDGE('',*,*,#3431,.T.);
#3431 = EDGE_CURVE('',#3397,#3432,#3434,.T.);
#3432 = VERTEX_POINT('',#3433);
#3433 = CARTESIAN_POINT('',(-118.75,45.,51.5));
#3434 = SURFACE_CURVE('',#3435,(#3439,#3446),.PCURVE_S1.);
#3435 = LINE('',#3436,#3437);
#3436 = CARTESIAN_POINT('',(-118.75,-45.,51.5));
#3437 = VECTOR('',#3438,1.);
#3438 = DIRECTION('',(-0.,1.,0.));
#3439 = PCURVE('',#3407,#3440);
#3440 = DEFINITIONAL_REPRESENTATION('',(#3441),#3445);
#3441 = LINE('',#3442,#3443);
#3442 = CARTESIAN_POINT('',(0.,0.));
#3443 = VECTOR('',#3444,1.);
#3444 = DIRECTION('',(0.,-1.));
#3445 = ( GEOMETRIC_REPRESENTATION_CONTEXT(2) 
PARAMETRIC_REPRESENTATION_CONTEXT() REPRESENTATION_CONTEXT('2D SPACE',''
  ) );
#3446 = PCURVE('',#3447,#3452);
#3447 = PLANE('',#3448);
#3448 = AXIS2_PLACEMENT_3D('',#3449,#3450,#3451);
#3449 = CARTESIAN_POINT('',(-118.75,-45.,51.5));
#3450 = DIRECTION('',(0.,0.,1.));
#3451 = DIRECTION('',(1.,0.,-0.));
#3452 = DEFINITIONAL_REPRESENTATION('',(#3453),#3457);
#3453 = LINE('',#3454,#3455);
#3454 = CARTESIAN_POINT('',(0.,0.));
#3455 = VECTOR('',#3456,1.);
#3456 = DIRECTION('',(0.,1.));
#3457 = ( GEOMETRIC_REPRESENTATION_CONTEXT(2) 
PARAMETRIC_REPRESENTATION_CONTEXT() REPRESENTATION_CONTEXT('2D SPACE',''
  ) );
#3458 = ORIENTED_EDGE('',*,*,#3459,.T.);
#3459 = EDGE_CURVE('',#3432,#3460,#3462,.T.);
#3460 = VERTEX_POINT('',#3461);
#3461 = CARTESIAN_POINT('',(-118.75,45.,67.5));
#3462 = SURFACE_CURVE('',#3463,(#3467,#3474),.PCURVE_S1.);
#3463 = LINE('',#3464,#3465);
#3464 = CARTESIAN_POINT('',(-118.75,45.,51.5));
#3465 = VECTOR('',#3466,1.);
#3466 = DIRECTION('',(0.,0.,1.));
#3467 = PCURVE('',#3407,#3468);
#3468 = DEFINITIONAL_REPRESENTATION('',(#3469),#3473);
#3469 = LINE('',#3470,#3471);
#3470 = CARTESIAN_POINT('',(0.,-90.));
#3471 = VECTOR('',#3472,1.);
#3472 = DIRECTION('',(1.,0.));
#3473 = ( GEOMETRIC_REPRESENTATION_CONTEXT(2) 
PARAMETRIC_REPRESENTATION_CONTEXT() REPRESENTATION_CONTEXT('2D SPACE',''
  ) );
#3474 = PCURVE('',#3475,#3480);
#3475 = PLANE('',#3476);
#3476 = AXIS2_PLACEMENT_3D('',#3477,#3478,#3479);
#3477 = CARTESIAN_POINT('',(-118.75,45.,51.5));
#3478 = DIRECTION('',(-0.,1.,0.));
#3479 = DIRECTION('',(0.,0.,1.));
#3480 = DEFINITIONAL_REPRESENTATION('',(#3481),#3485);
#3481 = LINE('',#3482,#3483);
#3482 = CARTESIAN_POINT('',(0.,0.));
#3483 = VECTOR('',#3484,1.);
#3484 = DIRECTION('',(1.,0.));
#3485 = ( GEOMETRIC_REPRESENTATION_CONTEXT(2) 
PARAMETRIC_REPRESENTATION_CONTEXT() REPRESENTATION_CONTEXT('2D SPACE',''
  ) );
#3486 = ORIENTED_EDGE('',*,*,#3487,.F.);
#3487 = EDGE_CURVE('',#3399,#3460,#3488,.T.);
#3488 = SURFACE_CURVE('',#3489,(#3493,#3500),.PCURVE_S1.);
#3489 = LINE('',#3490,#3491);
#3490 = CARTESIAN_POINT('',(-118.75,-45.,67.5));
#3491 = VECTOR('',#3492,1.);
#3492 = DIRECTION('',(-0.,1.,0.));
#3493 = PCURVE('',#3407,#3494);
#3494 = DEFINITIONAL_REPRESENTATION('',(#3495),#3499);
#3495 = LINE('',#3496,#3497);
#3496 = CARTESIAN_POINT('',(16.,0.));
#3497 = VECTOR('',#3498,1.);
#3498 = DIRECTION('',(0.,-1.));
#3499 = ( GEOMETRIC_REPRESENTATION_CONTEXT(2) 
PARAMETRIC_REPRESENTATION_CONTEXT() REPRESENTATION_CONTEXT('2D SPACE',''
  ) );
#3500 = PCURVE('',#3501,#3506);
#3501 = PLANE('',#3502);
#3502 = AXIS2_PLACEMENT_3D('',#3503,#3504,#3505);
#3503 = CARTESIAN_POINT('',(-118.75,-45.,67.5));
#3504 = DIRECTION('',(0.,0.,1.));
#3505 = DIRECTION('',(1.,0.,-0.));
#3506 = DEFINITIONAL_REPRESENTATION('',(#3507),#3511);
#3507 = LINE('',#3508,#3509);
#3508 = CARTESIAN_POINT('',(0.,0.));
#3509 = VECTOR('',#3510,1.);
#3510 = DIRECTION('',(0.,1.));
#3511 = ( GEOMETRIC_REPRESENTATION_CONTEXT(2) 
PARAMETRIC_REPRESENTATION_CONTEXT() REPRESENTATION_CONTEXT('2D SPACE',''
  ) );
#3512 = ADVANCED_FACE('',(#3513,#3588,#3694),#3419,.F.);
#3513 = FACE_BOUND('',#3514,.F.);
#3514 = EDGE_LOOP('',(#3515,#3538,#3539,#3562));
#3515 = ORIENTED_EDGE('',*,*,#3516,.F.);
#3516 = EDGE_CURVE('',#3397,#3517,#3519,.T.);
#3517 = VERTEX_POINT('',#3518);
#3518 = CARTESIAN_POINT('',(38.75,-45.,51.5));
#3519 = SURFACE_CURVE('',#3520,(#3524,#3531),.PCURVE_S1.);
#3520 = LINE('',#3521,#3522);
#3521 = CARTESIAN_POINT('',(-118.75,-45.,51.5));
#3522 = VECTOR('',#3523,1.);
#3523 = DIRECTION('',(1.,0.,-0.));
#3524 = PCURVE('',#3419,#3525);
#3525 = DEFINITIONAL_REPRESENTATION('',(#3526),#3530);
#3526 = LINE('',#3527,#3528);
#3527 = CARTESIAN_POINT('',(0.,0.));
#3528 = VECTOR('',#3529,1.);
#3529 = DIRECTION('',(0.,1.));
#3530 = ( GEOMETRIC_REPRESENTATION_CONTEXT(2) 
PARAMETRIC_REPRESENTATION_CONTEXT() REPRESENTATION_CONTEXT('2D SPACE',''
  ) );
#3531 = PCURVE('',#3447,#3532);
#3532 = DEFINITIONAL_REPRESENTATION('',(#3533),#3537);
#3533 = LINE('',#3534,#3535);
#3534 = CARTESIAN_POINT('',(0.,0.));
#3535 = VECTOR('',#3536,1.);
#3536 = DIRECTION('',(1.,0.));
#3537 = ( GEOMETRIC_REPRESENTATION_CONTEXT(2) 
PARAMETRIC_REPRESENTATION_CONTEXT() REPRESENTATION_CONTEXT('2D SPACE',''
  ) );
#3538 = ORIENTED_EDGE('',*,*,#3396,.T.);
#3539 = ORIENTED_EDGE('',*,*,#3540,.T.);
#3540 = EDGE_CURVE('',#3399,#3541,#3543,.T.);
#3541 = VERTEX_POINT('',#3542);
#3542 = CARTESIAN_POINT('',(38.75,-45.,67.5));
#3543 = SURFACE_CURVE('',#3544,(#3548,#3555),.PCURVE_S1.);
#3544 = LINE('',#3545,#3546);
#3545 = CARTESIAN_POINT('',(-118.75,-45.,67.5));
#3546 = VECTOR('',#3547,1.);
#3547 = DIRECTION('',(1.,0.,-0.));
#3548 = PCURVE('',#3419,#3549);
#3549 = DEFINITIONAL_REPRESENTATION('',(#3550),#3554);
#3550 = LINE('',#3551,#3552);
#3551 = CARTESIAN_POINT('',(16.,0.));
#3552 = VECTOR('',#3553,1.);
#3553 = DIRECTION('',(0.,1.));
#3554 = ( GEOMETRIC_REPRESENTATION_CONTEXT(2) 
PARAMETRIC_REPRESENTATION_CONTEXT() REPRESENTATION_CONTEXT('2D SPACE',''
  ) );
#3555 = PCURVE('',#3501,#3556);
#3556 = DEFINITIONAL_REPRESENTATION('',(#3557),#3561);
#3557 = LINE('',#3558,#3559);
#3558 = CARTESIAN_POINT('',(0.,0.));
#3559 = VECTOR('',#3560,1.);
#3560 = DIRECTION('',(1.,0.));
#3561 = ( GEOMETRIC_REPRESENTATION_CONTEXT(2) 
PARAMETRIC_REPRESENTATION_CONTEXT() REPRESENTATION_CONTEXT('2D SPACE',''
  ) );
#3562 = ORIENTED_EDGE('',*,*,#3563,.F.);
#3563 = EDGE_CURVE('',#3517,#3541,#3564,.T.);
#3564 = SURFACE_CURVE('',#3565,(#3569,#3576),.PCURVE_S1.);
#3565 = LINE('',#3566,#3567);
#3566 = CARTESIAN_POINT('',(38.75,-45.,51.5));
#3567 = VECTOR('',#3568,1.);
#3568 = DIRECTION('',(0.,0.,1.));
#3569 = PCURVE('',#3419,#3570);
#3570 = DEFINITIONAL_REPRESENTATION('',(#3571),#3575);
#3571 = LINE('',#3572,#3573);
#3572 = CARTESIAN_POINT('',(0.,157.5));
#3573 = VECTOR('',#3574,1.);
#3574 = DIRECTION('',(1.,0.));
#3575 = ( GEOMETRIC_REPRESENTATION_CONTEXT(2) 
PARAMETRIC_REPRESENTATION_CONTEXT() REPRESENTATION_CONTEXT('2D SPACE',''
  ) );
#3576 = PCURVE('',#3577,#3582);
#3577 = PLANE('',#3578);
#3578 = AXIS2_PLACEMENT_3D('',#3579,#3580,#3581);
#3579 = CARTESIAN_POINT('',(38.75,-45.,51.5));
#3580 = DIRECTION('',(1.,0.,-0.));
#3581 = DIRECTION('',(0.,0.,1.));
#3582 = DEFINITIONAL_REPRESENTATION('',(#3583),#3587);
#3583 = LINE('',#3584,#3585);
#3584 = CARTESIAN_POINT('',(0.,0.));
#3585 = VECTOR('',#3586,1.);
#3586 = DIRECTION('',(1.,0.));
#3587 = ( GEOMETRIC_REPRESENTATION_CONTEXT(2) 
PARAMETRIC_REPRESENTATION_CONTEXT() REPRESENTATION_CONTEXT('2D SPACE',''
  ) );
#3588 = FACE_BOUND('',#3589,.F.);
#3589 = EDGE_LOOP('',(#3590,#3618,#3644,#3670));
#3590 = ORIENTED_EDGE('',*,*,#3591,.F.);
#3591 = EDGE_CURVE('',#3592,#3594,#3596,.T.);
#3592 = VERTEX_POINT('',#3593);
#3593 = CARTESIAN_POINT('',(-92.,-45.,57.));
#3594 = VERTEX_POINT('',#3595);
#3595 = CARTESIAN_POINT('',(-52.,-45.,57.));
#3596 = SURFACE_CURVE('',#3597,(#3601,#3607),.PCURVE_S1.);
#3597 = LINE('',#3598,#3599);
#3598 = CARTESIAN_POINT('',(-105.375,-45.,57.));
#3599 = VECTOR('',#3600,1.);
#3600 = DIRECTION('',(1.,0.,-0.));
#3601 = PCURVE('',#3419,#3602);
#3602 = DEFINITIONAL_REPRESENTATION('',(#3603),#3606);
#3603 = B_SPLINE_CURVE_WITH_KNOTS('',1,(#3604,#3605),.UNSPECIFIED.,.F.,
  .F.,(2,2),(13.375,53.375),.PIECEWISE_BEZIER_KNOTS.);
#3604 = CARTESIAN_POINT('',(5.5,26.75));
#3605 = CARTESIAN_POINT('',(5.5,66.75));
#3606 = ( GEOMETRIC_REPRESENTATION_CONTEXT(2) 
PARAMETRIC_REPRESENTATION_CONTEXT() REPRESENTATION_CONTEXT('2D SPACE',''
  ) );
#3607 = PCURVE('',#3608,#3613);
#3608 = PLANE('',#3609);
#3609 = AXIS2_PLACEMENT_3D('',#3610,#3611,#3612);
#3610 = CARTESIAN_POINT('',(-92.,-46.,57.));
#3611 = DIRECTION('',(0.,0.,1.));
#3612 = DIRECTION('',(1.,0.,-0.));
#3613 = DEFINITIONAL_REPRESENTATION('',(#3614),#3617);
#3614 = B_SPLINE_CURVE_WITH_KNOTS('',1,(#3615,#3616),.UNSPECIFIED.,.F.,
  .F.,(2,2),(13.375,53.375),.PIECEWISE_BEZIER_KNOTS.);
#3615 = CARTESIAN_POINT('',(0.,1.));
#3616 = CARTESIAN_POINT('',(40.,1.));
#3617 = ( GEOMETRIC_REPRESENTATION_CONTEXT(2) 
PARAMETRIC_REPRESENTATION_CONTEXT() REPRESENTATION_CONTEXT('2D SPACE',''
  ) );
#3618 = ORIENTED_EDGE('',*,*,#3619,.T.);
#3619 = EDGE_CURVE('',#3592,#3620,#3622,.T.);
#3620 = VERTEX_POINT('',#3621);
#3621 = CARTESIAN_POINT('',(-92.,-45.,53.));
#3622 = SURFACE_CURVE('',#3623,(#3627,#3633),.PCURVE_S1.);
#3623 = LINE('',#3624,#3625);
#3624 = CARTESIAN_POINT('',(-92.,-45.,52.25));
#3625 = VECTOR('',#3626,1.);
#3626 = DIRECTION('',(-0.,0.,-1.));
#3627 = PCURVE('',#3419,#3628);
#3628 = DEFINITIONAL_REPRESENTATION('',(#3629),#3632);
#3629 = B_SPLINE_CURVE_WITH_KNOTS('',1,(#3630,#3631),.UNSPECIFIED.,.F.,
  .F.,(2,2),(-4.75,-0.75),.PIECEWISE_BEZIER_KNOTS.);
#3630 = CARTESIAN_POINT('',(5.5,26.75));
#3631 = CARTESIAN_POINT('',(1.5,26.75));
#3632 = ( GEOMETRIC_REPRESENTATION_CONTEXT(2) 
PARAMETRIC_REPRESENTATION_CONTEXT() REPRESENTATION_CONTEXT('2D SPACE',''
  ) );
#3633 = PCURVE('',#3634,#3639);
#3634 = PLANE('',#3635);
#3635 = AXIS2_PLACEMENT_3D('',#3636,#3637,#3638);
#3636 = CARTESIAN_POINT('',(-92.,-46.,53.));
#3637 = DIRECTION('',(1.,0.,-0.));
#3638 = DIRECTION('',(0.,0.,1.));
#3639 = DEFINITIONAL_REPRESENTATION('',(#3640),#3643);
#3640 = B_SPLINE_CURVE_WITH_KNOTS('',1,(#3641,#3642),.UNSPECIFIED.,.F.,
  .F.,(2,2),(-4.75,-0.75),.PIECEWISE_BEZIER_KNOTS.);
#3641 = CARTESIAN_POINT('',(4.,-1.));
#3642 = CARTESIAN_POINT('',(0.,-1.));
#3643 = ( GEOMETRIC_REPRESENTATION_CONTEXT(2) 
PARAMETRIC_REPRESENTATION_CONTEXT() REPRESENTATION_CONTEXT('2D SPACE',''
  ) );
#3644 = ORIENTED_EDGE('',*,*,#3645,.T.);
#3645 = EDGE_CURVE('',#3620,#3646,#3648,.T.);
#3646 = VERTEX_POINT('',#3647);
#3647 = CARTESIAN_POINT('',(-52.,-45.,53.));
#3648 = SURFACE_CURVE('',#3649,(#3653,#3659),.PCURVE_S1.);
#3649 = LINE('',#3650,#3651);
#3650 = CARTESIAN_POINT('',(-105.375,-45.,53.));
#3651 = VECTOR('',#3652,1.);
#3652 = DIRECTION('',(1.,0.,-0.));
#3653 = PCURVE('',#3419,#3654);
#3654 = DEFINITIONAL_REPRESENTATION('',(#3655),#3658);
#3655 = B_SPLINE_CURVE_WITH_KNOTS('',1,(#3656,#3657),.UNSPECIFIED.,.F.,
  .F.,(2,2),(13.375,53.375),.PIECEWISE_BEZIER_KNOTS.);
#3656 = CARTESIAN_POINT('',(1.5,26.75));
#3657 = CARTESIAN_POINT('',(1.5,66.75));
#3658 = ( GEOMETRIC_REPRESENTATION_CONTEXT(2) 
PARAMETRIC_REPRESENTATION_CONTEXT() REPRESENTATION_CONTEXT('2D SPACE',''
  ) );
#3659 = PCURVE('',#3660,#3665);
#3660 = PLANE('',#3661);
#3661 = AXIS2_PLACEMENT_3D('',#3662,#3663,#3664);
#3662 = CARTESIAN_POINT('',(-92.,-46.,53.));
#3663 = DIRECTION('',(0.,0.,1.));
#3664 = DIRECTION('',(1.,0.,-0.));
#3665 = DEFINITIONAL_REPRESENTATION('',(#3666),#3669);
#3666 = B_SPLINE_CURVE_WITH_KNOTS('',1,(#3667,#3668),.UNSPECIFIED.,.F.,
  .F.,(2,2),(13.375,53.375),.PIECEWISE_BEZIER_KNOTS.);
#3667 = CARTESIAN_POINT('',(0.,1.));
#3668 = CARTESIAN_POINT('',(40.,1.));
#3669 = ( GEOMETRIC_REPRESENTATION_CONTEXT(2) 
PARAMETRIC_REPRESENTATION_CONTEXT() REPRESENTATION_CONTEXT('2D SPACE',''
  ) );
#3670 = ORIENTED_EDGE('',*,*,#3671,.F.);
#3671 = EDGE_CURVE('',#3594,#3646,#3672,.T.);
#3672 = SURFACE_CURVE('',#3673,(#3677,#3683),.PCURVE_S1.);
#3673 = LINE('',#3674,#3675);
#3674 = CARTESIAN_POINT('',(-52.,-45.,52.25));
#3675 = VECTOR('',#3676,1.);
#3676 = DIRECTION('',(-0.,0.,-1.));
#3677 = PCURVE('',#3419,#3678);
#3678 = DEFINITIONAL_REPRESENTATION('',(#3679),#3682);
#3679 = B_SPLINE_CURVE_WITH_KNOTS('',1,(#3680,#3681),.UNSPECIFIED.,.F.,
  .F.,(2,2),(-4.75,-0.75),.PIECEWISE_BEZIER_KNOTS.);
#3680 = CARTESIAN_POINT('',(5.5,66.75));
#3681 = CARTESIAN_POINT('',(1.5,66.75));
#3682 = ( GEOMETRIC_REPRESENTATION_CONTEXT(2) 
PARAMETRIC_REPRESENTATION_CONTEXT() REPRESENTATION_CONTEXT('2D SPACE',''
  ) );
#3683 = PCURVE('',#3684,#3689);
#3684 = PLANE('',#3685);
#3685 = AXIS2_PLACEMENT_3D('',#3686,#3687,#3688);
#3686 = CARTESIAN_POINT('',(-52.,-46.,53.));
#3687 = DIRECTION('',(1.,0.,-0.));
#3688 = DIRECTION('',(0.,0.,1.));
#3689 = DEFINITIONAL_REPRESENTATION('',(#3690),#3693);
#3690 = B_SPLINE_CURVE_WITH_KNOTS('',1,(#3691,#3692),.UNSPECIFIED.,.F.,
  .F.,(2,2),(-4.75,-0.75),.PIECEWISE_BEZIER_KNOTS.);
#3691 = CARTESIAN_POINT('',(4.,-1.));
#3692 = CARTESIAN_POINT('',(0.,-1.));
#3693 = ( GEOMETRIC_REPRESENTATION_CONTEXT(2) 
PARAMETRIC_REPRESENTATION_CONTEXT() REPRESENTATION_CONTEXT('2D SPACE',''
  ) );
#3694 = FACE_BOUND('',#3695,.F.);
#3695 = EDGE_LOOP('',(#3696,#3724,#3750,#3776));
#3696 = ORIENTED_EDGE('',*,*,#3697,.F.);
#3697 = EDGE_CURVE('',#3698,#3700,#3702,.T.);
#3698 = VERTEX_POINT('',#3699);
#3699 = CARTESIAN_POINT('',(-92.,-45.,62.));
#3700 = VERTEX_POINT('',#3701);
#3701 = CARTESIAN_POINT('',(-52.,-45.,62.));
#3702 = SURFACE_CURVE('',#3703,(#3707,#3713),.PCURVE_S1.);
#3703 = LINE('',#3704,#3705);
#3704 = CARTESIAN_POINT('',(-105.375,-45.,62.));
#3705 = VECTOR('',#3706,1.);
#3706 = DIRECTION('',(1.,0.,-0.));
#3707 = PCURVE('',#3419,#3708);
#3708 = DEFINITIONAL_REPRESENTATION('',(#3709),#3712);
#3709 = B_SPLINE_CURVE_WITH_KNOTS('',1,(#3710,#3711),.UNSPECIFIED.,.F.,
  .F.,(2,2),(13.375,53.375),.PIECEWISE_BEZIER_KNOTS.);
#3710 = CARTESIAN_POINT('',(10.5,26.75));
#3711 = CARTESIAN_POINT('',(10.5,66.75));
#3712 = ( GEOMETRIC_REPRESENTATION_CONTEXT(2) 
PARAMETRIC_REPRESENTATION_CONTEXT() REPRESENTATION_CONTEXT('2D SPACE',''
  ) );
#3713 = PCURVE('',#3714,#3719);
#3714 = PLANE('',#3715);
#3715 = AXIS2_PLACEMENT_3D('',#3716,#3717,#3718);
#3716 = CARTESIAN_POINT('',(-92.,-46.,62.));
#3717 = DIRECTION('',(0.,0.,1.));
#3718 = DIRECTION('',(1.,0.,-0.));
#3719 = DEFINITIONAL_REPRESENTATION('',(#3720),#3723);
#3720 = B_SPLINE_CURVE_WITH_KNOTS('',1,(#3721,#3722),.UNSPECIFIED.,.F.,
  .F.,(2,2),(13.375,53.375),.PIECEWISE_BEZIER_KNOTS.);
#3721 = CARTESIAN_POINT('',(0.,1.));
#3722 = CARTESIAN_POINT('',(40.,1.));
#3723 = ( GEOMETRIC_REPRESENTATION_CONTEXT(2) 
PARAMETRIC_REPRESENTATION_CONTEXT() REPRESENTATION_CONTEXT('2D SPACE',''
  ) );
#3724 = ORIENTED_EDGE('',*,*,#3725,.T.);
#3725 = EDGE_CURVE('',#3698,#3726,#3728,.T.);
#3726 = VERTEX_POINT('',#3727);
#3727 = CARTESIAN_POINT('',(-92.,-45.,58.));
#3728 = SURFACE_CURVE('',#3729,(#3733,#3739),.PCURVE_S1.);
#3729 = LINE('',#3730,#3731);
#3730 = CARTESIAN_POINT('',(-92.,-45.,54.75));
#3731 = VECTOR('',#3732,1.);
#3732 = DIRECTION('',(-0.,0.,-1.));
#3733 = PCURVE('',#3419,#3734);
#3734 = DEFINITIONAL_REPRESENTATION('',(#3735),#3738);
#3735 = B_SPLINE_CURVE_WITH_KNOTS('',1,(#3736,#3737),.UNSPECIFIED.,.F.,
  .F.,(2,2),(-7.25,-3.25),.PIECEWISE_BEZIER_KNOTS.);
#3736 = CARTESIAN_POINT('',(10.5,26.75));
#3737 = CARTESIAN_POINT('',(6.5,26.75));
#3738 = ( GEOMETRIC_REPRESENTATION_CONTEXT(2) 
PARAMETRIC_REPRESENTATION_CONTEXT() REPRESENTATION_CONTEXT('2D SPACE',''
  ) );
#3739 = PCURVE('',#3740,#3745);
#3740 = PLANE('',#3741);
#3741 = AXIS2_PLACEMENT_3D('',#3742,#3743,#3744);
#3742 = CARTESIAN_POINT('',(-92.,-46.,58.));
#3743 = DIRECTION('',(1.,0.,-0.));
#3744 = DIRECTION('',(0.,0.,1.));
#3745 = DEFINITIONAL_REPRESENTATION('',(#3746),#3749);
#3746 = B_SPLINE_CURVE_WITH_KNOTS('',1,(#3747,#3748),.UNSPECIFIED.,.F.,
  .F.,(2,2),(-7.25,-3.25),.PIECEWISE_BEZIER_KNOTS.);
#3747 = CARTESIAN_POINT('',(4.,-1.));
#3748 = CARTESIAN_POINT('',(0.,-1.));
#3749 = ( GEOMETRIC_REPRESENTATION_CONTEXT(2) 
PARAMETRIC_REPRESENTATION_CONTEXT() REPRESENTATION_CONTEXT('2D SPACE',''
  ) );
#3750 = ORIENTED_EDGE('',*,*,#3751,.T.);
#3751 = EDGE_CURVE('',#3726,#3752,#3754,.T.);
#3752 = VERTEX_POINT('',#3753);
#3753 = CARTESIAN_POINT('',(-52.,-45.,58.));
#3754 = SURFACE_CURVE('',#3755,(#3759,#3765),.PCURVE_S1.);
#3755 = LINE('',#3756,#3757);
#3756 = CARTESIAN_POINT('',(-105.375,-45.,58.));
#3757 = VECTOR('',#3758,1.);
#3758 = DIRECTION('',(1.,0.,-0.));
#3759 = PCURVE('',#3419,#3760);
#3760 = DEFINITIONAL_REPRESENTATION('',(#3761),#3764);
#3761 = B_SPLINE_CURVE_WITH_KNOTS('',1,(#3762,#3763),.UNSPECIFIED.,.F.,
  .F.,(2,2),(13.375,53.375),.PIECEWISE_BEZIER_KNOTS.);
#3762 = CARTESIAN_POINT('',(6.5,26.75));
#3763 = CARTESIAN_POINT('',(6.5,66.75));
#3764 = ( GEOMETRIC_REPRESENTATION_CONTEXT(2) 
PARAMETRIC_REPRESENTATION_CONTEXT() REPRESENTATION_CONTEXT('2D SPACE',''
  ) );
#3765 = PCURVE('',#3766,#3771);
#3766 = PLANE('',#3767);
#3767 = AXIS2_PLACEMENT_3D('',#3768,#3769,#3770);
#3768 = CARTESIAN_POINT('',(-92.,-46.,58.));
#3769 = DIRECTION('',(0.,0.,1.));
#3770 = DIRECTION('',(1.,0.,-0.));
#3771 = DEFINITIONAL_REPRESENTATION('',(#3772),#3775);
#3772 = B_SPLINE_CURVE_WITH_KNOTS('',1,(#3773,#3774),.UNSPECIFIED.,.F.,
  .F.,(2,2),(13.375,53.375),.PIECEWISE_BEZIER_KNOTS.);
#3773 = CARTESIAN_POINT('',(0.,1.));
#3774 = CARTESIAN_POINT('',(40.,1.));
#3775 = ( GEOMETRIC_REPRESENTATION_CONTEXT(2) 
PARAMETRIC_REPRESENTATION_CONTEXT() REPRESENTATION_CONTEXT('2D SPACE',''
  ) );
#3776 = ORIENTED_EDGE('',*,*,#3777,.F.);
#3777 = EDGE_CURVE('',#3700,#3752,#3778,.T.);
#3778 = SURFACE_CURVE('',#3779,(#3783,#3789),.PCURVE_S1.);
#3779 = LINE('',#3780,#3781);
#3780 = CARTESIAN_POINT('',(-52.,-45.,54.75));
#3781 = VECTOR('',#3782,1.);
#3782 = DIRECTION('',(-0.,0.,-1.));
#3783 = PCURVE('',#3419,#3784);
#3784 = DEFINITIONAL_REPRESENTATION('',(#3785),#3788);
#3785 = B_SPLINE_CURVE_WITH_KNOTS('',1,(#3786,#3787),.UNSPECIFIED.,.F.,
  .F.,(2,2),(-7.25,-3.25),.PIECEWISE_BEZIER_KNOTS.);
#3786 = CARTESIAN_POINT('',(10.5,66.75));
#3787 = CARTESIAN_POINT('',(6.5,66.75));
#3788 = ( GEOMETRIC_REPRESENTATION_CONTEXT(2) 
PARAMETRIC_REPRESENTATION_CONTEXT() REPRESENTATION_CONTEXT('2D SPACE',''
  ) );
#3789 = PCURVE('',#3790,#3795);
#3790 = PLANE('',#3791);
#3791 = AXIS2_PLACEMENT_3D('',#3792,#3793,#3794);
#3792 = CARTESIAN_POINT('',(-52.,-46.,58.));
#3793 = DIRECTION('',(1.,0.,-0.));
#3794 = DIRECTION('',(0.,0.,1.));
#3795 = DEFINITIONAL_REPRESENTATION('',(#3796),#3799);
#3796 = B_SPLINE_CURVE_WITH_KNOTS('',1,(#3797,#3798),.UNSPECIFIED.,.F.,
  .F.,(2,2),(-7.25,-3.25),.PIECEWISE_BEZIER_KNOTS.);
#3797 = CARTESIAN_POINT('',(4.,-1.));
#3798 = CARTESIAN_POINT('',(0.,-1.));
#3799 = ( GEOMETRIC_REPRESENTATION_CONTEXT(2) 
PARAMETRIC_REPRESENTATION_CONTEXT() REPRESENTATION_CONTEXT('2D SPACE',''
  ) );
#3800 = ADVANCED_FACE('',(#3801,#3849),#3501,.T.);
#3801 = FACE_BOUND('',#3802,.T.);
#3802 = EDGE_LOOP('',(#3803,#3804,#3805,#3828));
#3803 = ORIENTED_EDGE('',*,*,#3487,.F.);
#3804 = ORIENTED_EDGE('',*,*,#3540,.T.);
#3805 = ORIENTED_EDGE('',*,*,#3806,.T.);
#3806 = EDGE_CURVE('',#3541,#3807,#3809,.T.);
#3807 = VERTEX_POINT('',#3808);
#3808 = CARTESIAN_POINT('',(38.75,45.,67.5));
#3809 = SURFACE_CURVE('',#3810,(#3814,#3821),.PCURVE_S1.);
#3810 = LINE('',#3811,#3812);
#3811 = CARTESIAN_POINT('',(38.75,-45.,67.5));
#3812 = VECTOR('',#3813,1.);
#3813 = DIRECTION('',(-0.,1.,0.));
#3814 = PCURVE('',#3501,#3815);
#3815 = DEFINITIONAL_REPRESENTATION('',(#3816),#3820);
#3816 = LINE('',#3817,#3818);
#3817 = CARTESIAN_POINT('',(157.5,0.));
#3818 = VECTOR('',#3819,1.);
#3819 = DIRECTION('',(0.,1.));
#3820 = ( GEOMETRIC_REPRESENTATION_CONTEXT(2) 
PARAMETRIC_REPRESENTATION_CONTEXT() REPRESENTATION_CONTEXT('2D SPACE',''
  ) );
#3821 = PCURVE('',#3577,#3822);
#3822 = DEFINITIONAL_REPRESENTATION('',(#3823),#3827);
#3823 = LINE('',#3824,#3825);
#3824 = CARTESIAN_POINT('',(16.,0.));
#3825 = VECTOR('',#3826,1.);
#3826 = DIRECTION('',(0.,-1.));
#3827 = ( GEOMETRIC_REPRESENTATION_CONTEXT(2) 
PARAMETRIC_REPRESENTATION_CONTEXT() REPRESENTATION_CONTEXT('2D SPACE',''
  ) );
#3828 = ORIENTED_EDGE('',*,*,#3829,.F.);
#3829 = EDGE_CURVE('',#3460,#3807,#3830,.T.);
#3830 = SURFACE_CURVE('',#3831,(#3835,#3842),.PCURVE_S1.);
#3831 = LINE('',#3832,#3833);
#3832 = CARTESIAN_POINT('',(-118.75,45.,67.5));
#3833 = VECTOR('',#3834,1.);
#3834 = DIRECTION('',(1.,0.,-0.));
#3835 = PCURVE('',#3501,#3836);
#3836 = DEFINITIONAL_REPRESENTATION('',(#3837),#3841);
#3837 = LINE('',#3838,#3839);
#3838 = CARTESIAN_POINT('',(0.,90.));
#3839 = VECTOR('',#3840,1.);
#3840 = DIRECTION('',(1.,0.));
#3841 = ( GEOMETRIC_REPRESENTATION_CONTEXT(2) 
PARAMETRIC_REPRESENTATION_CONTEXT() REPRESENTATION_CONTEXT('2D SPACE',''
  ) );
#3842 = PCURVE('',#3475,#3843);
#3843 = DEFINITIONAL_REPRESENTATION('',(#3844),#3848);
#3844 = LINE('',#3845,#3846);
#3845 = CARTESIAN_POINT('',(16.,0.));
#3846 = VECTOR('',#3847,1.);
#3847 = DIRECTION('',(0.,1.));
#3848 = ( GEOMETRIC_REPRESENTATION_CONTEXT(2) 
PARAMETRIC_REPRESENTATION_CONTEXT() REPRESENTATION_CONTEXT('2D SPACE',''
  ) );
#3849 = FACE_BOUND('',#3850,.T.);
#3850 = EDGE_LOOP('',(#3851));
#3851 = ORIENTED_EDGE('',*,*,#3852,.F.);
#3852 = EDGE_CURVE('',#3853,#3853,#3855,.T.);
#3853 = VERTEX_POINT('',#3854);
#3854 = CARTESIAN_POINT('',(-66.75,20.,67.5));
#3855 = SURFACE_CURVE('',#3856,(#3861,#3868),.PCURVE_S1.);
#3856 = CIRCLE('',#3857,3.25);
#3857 = AXIS2_PLACEMENT_3D('',#3858,#3859,#3860);
#3858 = CARTESIAN_POINT('',(-70.,20.,67.5));
#3859 = DIRECTION('',(0.,0.,1.));
#3860 = DIRECTION('',(1.,0.,-0.));
#3861 = PCURVE('',#3501,#3862);
#3862 = DEFINITIONAL_REPRESENTATION('',(#3863),#3867);
#3863 = CIRCLE('',#3864,3.25);
#3864 = AXIS2_PLACEMENT_2D('',#3865,#3866);
#3865 = CARTESIAN_POINT('',(48.75,65.));
#3866 = DIRECTION('',(1.,0.));
#3867 = ( GEOMETRIC_REPRESENTATION_CONTEXT(2) 
PARAMETRIC_REPRESENTATION_CONTEXT() REPRESENTATION_CONTEXT('2D SPACE',''
  ) );
#3868 = PCURVE('',#3869,#3874);
#3869 = CYLINDRICAL_SURFACE('',#3870,3.25);
#3870 = AXIS2_PLACEMENT_3D('',#3871,#3872,#3873);
#3871 = CARTESIAN_POINT('',(-70.,20.,64.));
#3872 = DIRECTION('',(0.,0.,1.));
#3873 = DIRECTION('',(1.,0.,-0.));
#3874 = DEFINITIONAL_REPRESENTATION('',(#3875),#3879);
#3875 = LINE('',#3876,#3877);
#3876 = CARTESIAN_POINT('',(0.,3.5));
#3877 = VECTOR('',#3878,1.);
#3878 = DIRECTION('',(1.,0.));
#3879 = ( GEOMETRIC_REPRESENTATION_CONTEXT(2) 
PARAMETRIC_REPRESENTATION_CONTEXT() REPRESENTATION_CONTEXT('2D SPACE',''
  ) );
#3880 = ADVANCED_FACE('',(#3881,#3929,#4035),#3475,.T.);
#3881 = FACE_BOUND('',#3882,.T.);
#3882 = EDGE_LOOP('',(#3883,#3906,#3907,#3908));
#3883 = ORIENTED_EDGE('',*,*,#3884,.F.);
#3884 = EDGE_CURVE('',#3432,#3885,#3887,.T.);
#3885 = VERTEX_POINT('',#3886);
#3886 = CARTESIAN_POINT('',(38.75,45.,51.5));
#3887 = SURFACE_CURVE('',#3888,(#3892,#3899),.PCURVE_S1.);
#3888 = LINE('',#3889,#3890);
#3889 = CARTESIAN_POINT('',(-118.75,45.,51.5));
#3890 = VECTOR('',#3891,1.);
#3891 = DIRECTION('',(1.,0.,-0.));
#3892 = PCURVE('',#3475,#3893);
#3893 = DEFINITIONAL_REPRESENTATION('',(#3894),#3898);
#3894 = LINE('',#3895,#3896);
#3895 = CARTESIAN_POINT('',(0.,0.));
#3896 = VECTOR('',#3897,1.);
#3897 = DIRECTION('',(0.,1.));
#3898 = ( GEOMETRIC_REPRESENTATION_CONTEXT(2) 
PARAMETRIC_REPRESENTATION_CONTEXT() REPRESENTATION_CONTEXT('2D SPACE',''
  ) );
#3899 = PCURVE('',#3447,#3900);
#3900 = DEFINITIONAL_REPRESENTATION('',(#3901),#3905);
#3901 = LINE('',#3902,#3903);
#3902 = CARTESIAN_POINT('',(0.,90.));
#3903 = VECTOR('',#3904,1.);
#3904 = DIRECTION('',(1.,0.));
#3905 = ( GEOMETRIC_REPRESENTATION_CONTEXT(2) 
PARAMETRIC_REPRESENTATION_CONTEXT() REPRESENTATION_CONTEXT('2D SPACE',''
  ) );
#3906 = ORIENTED_EDGE('',*,*,#3459,.T.);
#3907 = ORIENTED_EDGE('',*,*,#3829,.T.);
#3908 = ORIENTED_EDGE('',*,*,#3909,.F.);
#3909 = EDGE_CURVE('',#3885,#3807,#3910,.T.);
#3910 = SURFACE_CURVE('',#3911,(#3915,#3922),.PCURVE_S1.);
#3911 = LINE('',#3912,#3913);
#3912 = CARTESIAN_POINT('',(38.75,45.,51.5));
#3913 = VECTOR('',#3914,1.);
#3914 = DIRECTION('',(0.,0.,1.));
#3915 = PCURVE('',#3475,#3916);
#3916 = DEFINITIONAL_REPRESENTATION('',(#3917),#3921);
#3917 = LINE('',#3918,#3919);
#3918 = CARTESIAN_POINT('',(0.,157.5));
#3919 = VECTOR('',#3920,1.);
#3920 = DIRECTION('',(1.,0.));
#3921 = ( GEOMETRIC_REPRESENTATION_CONTEXT(2) 
PARAMETRIC_REPRESENTATION_CONTEXT() REPRESENTATION_CONTEXT('2D SPACE',''
  ) );
#3922 = PCURVE('',#3577,#3923);
#3923 = DEFINITIONAL_REPRESENTATION('',(#3924),#3928);
#3924 = LINE('',#3925,#3926);
#3925 = CARTESIAN_POINT('',(0.,-90.));
#3926 = VECTOR('',#3927,1.);
#3927 = DIRECTION('',(1.,0.));
#3928 = ( GEOMETRIC_REPRESENTATION_CONTEXT(2) 
PARAMETRIC_REPRESENTATION_CONTEXT() REPRESENTATION_CONTEXT('2D SPACE',''
  ) );
#3929 = FACE_BOUND('',#3930,.T.);
#3930 = EDGE_LOOP('',(#3931,#3959,#3985,#4011));
#3931 = ORIENTED_EDGE('',*,*,#3932,.F.);
#3932 = EDGE_CURVE('',#3933,#3935,#3937,.T.);
#3933 = VERTEX_POINT('',#3934);
#3934 = CARTESIAN_POINT('',(-92.,45.,57.));
#3935 = VERTEX_POINT('',#3936);
#3936 = CARTESIAN_POINT('',(-52.,45.,57.));
#3937 = SURFACE_CURVE('',#3938,(#3942,#3948),.PCURVE_S1.);
#3938 = LINE('',#3939,#3940);
#3939 = CARTESIAN_POINT('',(-105.375,45.,57.));
#3940 = VECTOR('',#3941,1.);
#3941 = DIRECTION('',(1.,0.,-0.));
#3942 = PCURVE('',#3475,#3943);
#3943 = DEFINITIONAL_REPRESENTATION('',(#3944),#3947);
#3944 = B_SPLINE_CURVE_WITH_KNOTS('',1,(#3945,#3946),.UNSPECIFIED.,.F.,
  .F.,(2,2),(13.375,53.375),.PIECEWISE_BEZIER_KNOTS.);
#3945 = CARTESIAN_POINT('',(5.5,26.75));
#3946 = CARTESIAN_POINT('',(5.5,66.75));
#3947 = ( GEOMETRIC_REPRESENTATION_CONTEXT(2) 
PARAMETRIC_REPRESENTATION_CONTEXT() REPRESENTATION_CONTEXT('2D SPACE',''
  ) );
#3948 = PCURVE('',#3949,#3954);
#3949 = PLANE('',#3950);
#3950 = AXIS2_PLACEMENT_3D('',#3951,#3952,#3953);
#3951 = CARTESIAN_POINT('',(-92.,41.5,57.));
#3952 = DIRECTION('',(0.,0.,1.));
#3953 = DIRECTION('',(1.,0.,-0.));
#3954 = DEFINITIONAL_REPRESENTATION('',(#3955),#3958);
#3955 = B_SPLINE_CURVE_WITH_KNOTS('',1,(#3956,#3957),.UNSPECIFIED.,.F.,
  .F.,(2,2),(13.375,53.375),.PIECEWISE_BEZIER_KNOTS.);
#3956 = CARTESIAN_POINT('',(0.,3.5));
#3957 = CARTESIAN_POINT('',(40.,3.5));
#3958 = ( GEOMETRIC_REPRESENTATION_CONTEXT(2) 
PARAMETRIC_REPRESENTATION_CONTEXT() REPRESENTATION_CONTEXT('2D SPACE',''
  ) );
#3959 = ORIENTED_EDGE('',*,*,#3960,.T.);
#3960 = EDGE_CURVE('',#3933,#3961,#3963,.T.);
#3961 = VERTEX_POINT('',#3962);
#3962 = CARTESIAN_POINT('',(-92.,45.,53.));
#3963 = SURFACE_CURVE('',#3964,(#3968,#3974),.PCURVE_S1.);
#3964 = LINE('',#3965,#3966);
#3965 = CARTESIAN_POINT('',(-92.,45.,52.25));
#3966 = VECTOR('',#3967,1.);
#3967 = DIRECTION('',(-0.,0.,-1.));
#3968 = PCURVE('',#3475,#3969);
#3969 = DEFINITIONAL_REPRESENTATION('',(#3970),#3973);
#3970 = B_SPLINE_CURVE_WITH_KNOTS('',1,(#3971,#3972),.UNSPECIFIED.,.F.,
  .F.,(2,2),(-4.75,-0.75),.PIECEWISE_BEZIER_KNOTS.);
#3971 = CARTESIAN_POINT('',(5.5,26.75));
#3972 = CARTESIAN_POINT('',(1.5,26.75));
#3973 = ( GEOMETRIC_REPRESENTATION_CONTEXT(2) 
PARAMETRIC_REPRESENTATION_CONTEXT() REPRESENTATION_CONTEXT('2D SPACE',''
  ) );
#3974 = PCURVE('',#3975,#3980);
#3975 = PLANE('',#3976);
#3976 = AXIS2_PLACEMENT_3D('',#3977,#3978,#3979);
#3977 = CARTESIAN_POINT('',(-92.,41.5,53.));
#3978 = DIRECTION('',(1.,0.,-0.));
#3979 = DIRECTION('',(0.,0.,1.));
#3980 = DEFINITIONAL_REPRESENTATION('',(#3981),#3984);
#3981 = B_SPLINE_CURVE_WITH_KNOTS('',1,(#3982,#3983),.UNSPECIFIED.,.F.,
  .F.,(2,2),(-4.75,-0.75),.PIECEWISE_BEZIER_KNOTS.);
#3982 = CARTESIAN_POINT('',(4.,-3.5));
#3983 = CARTESIAN_POINT('',(0.,-3.5));
#3984 = ( GEOMETRIC_REPRESENTATION_CONTEXT(2) 
PARAMETRIC_REPRESENTATION_CONTEXT() REPRESENTATION_CONTEXT('2D SPACE',''
  ) );
#3985 = ORIENTED_EDGE('',*,*,#3986,.T.);
#3986 = EDGE_CURVE('',#3961,#3987,#3989,.T.);
#3987 = VERTEX_POINT('',#3988);
#3988 = CARTESIAN_POINT('',(-52.,45.,53.));
#3989 = SURFACE_CURVE('',#3990,(#3994,#4000),.PCURVE_S1.);
#3990 = LINE('',#3991,#3992);
#3991 = CARTESIAN_POINT('',(-105.375,45.,53.));
#3992 = VECTOR('',#3993,1.);
#3993 = DIRECTION('',(1.,0.,-0.));
#3994 = PCURVE('',#3475,#3995);
#3995 = DEFINITIONAL_REPRESENTATION('',(#3996),#3999);
#3996 = B_SPLINE_CURVE_WITH_KNOTS('',1,(#3997,#3998),.UNSPECIFIED.,.F.,
  .F.,(2,2),(13.375,53.375),.PIECEWISE_BEZIER_KNOTS.);
#3997 = CARTESIAN_POINT('',(1.5,26.75));
#3998 = CARTESIAN_POINT('',(1.5,66.75));
#3999 = ( GEOMETRIC_REPRESENTATION_CONTEXT(2) 
PARAMETRIC_REPRESENTATION_CONTEXT() REPRESENTATION_CONTEXT('2D SPACE',''
  ) );
#4000 = PCURVE('',#4001,#4006);
#4001 = PLANE('',#4002);
#4002 = AXIS2_PLACEMENT_3D('',#4003,#4004,#4005);
#4003 = CARTESIAN_POINT('',(-92.,41.5,53.));
#4004 = DIRECTION('',(0.,0.,1.));
#4005 = DIRECTION('',(1.,0.,-0.));
#4006 = DEFINITIONAL_REPRESENTATION('',(#4007),#4010);
#4007 = B_SPLINE_CURVE_WITH_KNOTS('',1,(#4008,#4009),.UNSPECIFIED.,.F.,
  .F.,(2,2),(13.375,53.375),.PIECEWISE_BEZIER_KNOTS.);
#4008 = CARTESIAN_POINT('',(0.,3.5));
#4009 = CARTESIAN_POINT('',(40.,3.5));
#4010 = ( GEOMETRIC_REPRESENTATION_CONTEXT(2) 
PARAMETRIC_REPRESENTATION_CONTEXT() REPRESENTATION_CONTEXT('2D SPACE',''
  ) );
#4011 = ORIENTED_EDGE('',*,*,#4012,.F.);
#4012 = EDGE_CURVE('',#3935,#3987,#4013,.T.);
#4013 = SURFACE_CURVE('',#4014,(#4018,#4024),.PCURVE_S1.);
#4014 = LINE('',#4015,#4016);
#4015 = CARTESIAN_POINT('',(-52.,45.,52.25));
#4016 = VECTOR('',#4017,1.);
#4017 = DIRECTION('',(-0.,0.,-1.));
#4018 = PCURVE('',#3475,#4019);
#4019 = DEFINITIONAL_REPRESENTATION('',(#4020),#4023);
#4020 = B_SPLINE_CURVE_WITH_KNOTS('',1,(#4021,#4022),.UNSPECIFIED.,.F.,
  .F.,(2,2),(-4.75,-0.75),.PIECEWISE_BEZIER_KNOTS.);
#4021 = CARTESIAN_POINT('',(5.5,66.75));
#4022 = CARTESIAN_POINT('',(1.5,66.75));
#4023 = ( GEOMETRIC_REPRESENTATION_CONTEXT(2) 
PARAMETRIC_REPRESENTATION_CONTEXT() REPRESENTATION_CONTEXT('2D SPACE',''
  ) );
#4024 = PCURVE('',#4025,#4030);
#4025 = PLANE('',#4026);
#4026 = AXIS2_PLACEMENT_3D('',#4027,#4028,#4029);
#4027 = CARTESIAN_POINT('',(-52.,41.5,53.));
#4028 = DIRECTION('',(1.,0.,-0.));
#4029 = DIRECTION('',(0.,0.,1.));
#4030 = DEFINITIONAL_REPRESENTATION('',(#4031),#4034);
#4031 = B_SPLINE_CURVE_WITH_KNOTS('',1,(#4032,#4033),.UNSPECIFIED.,.F.,
  .F.,(2,2),(-4.75,-0.75),.PIECEWISE_BEZIER_KNOTS.);
#4032 = CARTESIAN_POINT('',(4.,-3.5));
#4033 = CARTESIAN_POINT('',(0.,-3.5));
#4034 = ( GEOMETRIC_REPRESENTATION_CONTEXT(2) 
PARAMETRIC_REPRESENTATION_CONTEXT() REPRESENTATION_CONTEXT('2D SPACE',''
  ) );
#4035 = FACE_BOUND('',#4036,.T.);
#4036 = EDGE_LOOP('',(#4037,#4065,#4091,#4117));
#4037 = ORIENTED_EDGE('',*,*,#4038,.F.);
#4038 = EDGE_CURVE('',#4039,#4041,#4043,.T.);
#4039 = VERTEX_POINT('',#4040);
#4040 = CARTESIAN_POINT('',(-92.,45.,62.));
#4041 = VERTEX_POINT('',#4042);
#4042 = CARTESIAN_POINT('',(-52.,45.,62.));
#4043 = SURFACE_CURVE('',#4044,(#4048,#4054),.PCURVE_S1.);
#4044 = LINE('',#4045,#4046);
#4045 = CARTESIAN_POINT('',(-105.375,45.,62.));
#4046 = VECTOR('',#4047,1.);
#4047 = DIRECTION('',(1.,0.,-0.));
#4048 = PCURVE('',#3475,#4049);
#4049 = DEFINITIONAL_REPRESENTATION('',(#4050),#4053);
#4050 = B_SPLINE_CURVE_WITH_KNOTS('',1,(#4051,#4052),.UNSPECIFIED.,.F.,
  .F.,(2,2),(13.375,53.375),.PIECEWISE_BEZIER_KNOTS.);
#4051 = CARTESIAN_POINT('',(10.5,26.75));
#4052 = CARTESIAN_POINT('',(10.5,66.75));
#4053 = ( GEOMETRIC_REPRESENTATION_CONTEXT(2) 
PARAMETRIC_REPRESENTATION_CONTEXT() REPRESENTATION_CONTEXT('2D SPACE',''
  ) );
#4054 = PCURVE('',#4055,#4060);
#4055 = PLANE('',#4056);
#4056 = AXIS2_PLACEMENT_3D('',#4057,#4058,#4059);
#4057 = CARTESIAN_POINT('',(-92.,41.5,62.));
#4058 = DIRECTION('',(0.,0.,1.));
#4059 = DIRECTION('',(1.,0.,-0.));
#4060 = DEFINITIONAL_REPRESENTATION('',(#4061),#4064);
#4061 = B_SPLINE_CURVE_WITH_KNOTS('',1,(#4062,#4063),.UNSPECIFIED.,.F.,
  .F.,(2,2),(13.375,53.375),.PIECEWISE_BEZIER_KNOTS.);
#4062 = CARTESIAN_POINT('',(0.,3.5));
#4063 = CARTESIAN_POINT('',(40.,3.5));
#4064 = ( GEOMETRIC_REPRESENTATION_CONTEXT(2) 
PARAMETRIC_REPRESENTATION_CONTEXT() REPRESENTATION_CONTEXT('2D SPACE',''
  ) );
#4065 = ORIENTED_EDGE('',*,*,#4066,.T.);
#4066 = EDGE_CURVE('',#4039,#4067,#4069,.T.);
#4067 = VERTEX_POINT('',#4068);
#4068 = CARTESIAN_POINT('',(-92.,45.,58.));
#4069 = SURFACE_CURVE('',#4070,(#4074,#4080),.PCURVE_S1.);
#4070 = LINE('',#4071,#4072);
#4071 = CARTESIAN_POINT('',(-92.,45.,54.75));
#4072 = VECTOR('',#4073,1.);
#4073 = DIRECTION('',(-0.,0.,-1.));
#4074 = PCURVE('',#3475,#4075);
#4075 = DEFINITIONAL_REPRESENTATION('',(#4076),#4079);
#4076 = B_SPLINE_CURVE_WITH_KNOTS('',1,(#4077,#4078),.UNSPECIFIED.,.F.,
  .F.,(2,2),(-7.25,-3.25),.PIECEWISE_BEZIER_KNOTS.);
#4077 = CARTESIAN_POINT('',(10.5,26.75));
#4078 = CARTESIAN_POINT('',(6.5,26.75));
#4079 = ( GEOMETRIC_REPRESENTATION_CONTEXT(2) 
PARAMETRIC_REPRESENTATION_CONTEXT() REPRESENTATION_CONTEXT('2D SPACE',''
  ) );
#4080 = PCURVE('',#4081,#4086);
#4081 = PLANE('',#4082);
#4082 = AXIS2_PLACEMENT_3D('',#4083,#4084,#4085);
#4083 = CARTESIAN_POINT('',(-92.,41.5,58.));
#4084 = DIRECTION('',(1.,0.,-0.));
#4085 = DIRECTION('',(0.,0.,1.));
#4086 = DEFINITIONAL_REPRESENTATION('',(#4087),#4090);
#4087 = B_SPLINE_CURVE_WITH_KNOTS('',1,(#4088,#4089),.UNSPECIFIED.,.F.,
  .F.,(2,2),(-7.25,-3.25),.PIECEWISE_BEZIER_KNOTS.);
#4088 = CARTESIAN_POINT('',(4.,-3.5));
#4089 = CARTESIAN_POINT('',(0.,-3.5));
#4090 = ( GEOMETRIC_REPRESENTATION_CONTEXT(2) 
PARAMETRIC_REPRESENTATION_CONTEXT() REPRESENTATION_CONTEXT('2D SPACE',''
  ) );
#4091 = ORIENTED_EDGE('',*,*,#4092,.T.);
#4092 = EDGE_CURVE('',#4067,#4093,#4095,.T.);
#4093 = VERTEX_POINT('',#4094);
#4094 = CARTESIAN_POINT('',(-52.,45.,58.));
#4095 = SURFACE_CURVE('',#4096,(#4100,#4106),.PCURVE_S1.);
#4096 = LINE('',#4097,#4098);
#4097 = CARTESIAN_POINT('',(-105.375,45.,58.));
#4098 = VECTOR('',#4099,1.);
#4099 = DIRECTION('',(1.,0.,-0.));
#4100 = PCURVE('',#3475,#4101);
#4101 = DEFINITIONAL_REPRESENTATION('',(#4102),#4105);
#4102 = B_SPLINE_CURVE_WITH_KNOTS('',1,(#4103,#4104),.UNSPECIFIED.,.F.,
  .F.,(2,2),(13.375,53.375),.PIECEWISE_BEZIER_KNOTS.);
#4103 = CARTESIAN_POINT('',(6.5,26.75));
#4104 = CARTESIAN_POINT('',(6.5,66.75));
#4105 = ( GEOMETRIC_REPRESENTATION_CONTEXT(2) 
PARAMETRIC_REPRESENTATION_CONTEXT() REPRESENTATION_CONTEXT('2D SPACE',''
  ) );
#4106 = PCURVE('',#4107,#4112);
#4107 = PLANE('',#4108);
#4108 = AXIS2_PLACEMENT_3D('',#4109,#4110,#4111);
#4109 = CARTESIAN_POINT('',(-92.,41.5,58.));
#4110 = DIRECTION('',(0.,0.,1.));
#4111 = DIRECTION('',(1.,0.,-0.));
#4112 = DEFINITIONAL_REPRESENTATION('',(#4113),#4116);
#4113 = B_SPLINE_CURVE_WITH_KNOTS('',1,(#4114,#4115),.UNSPECIFIED.,.F.,
  .F.,(2,2),(13.375,53.375),.PIECEWISE_BEZIER_KNOTS.);
#4114 = CARTESIAN_POINT('',(0.,3.5));
#4115 = CARTESIAN_POINT('',(40.,3.5));
#4116 = ( GEOMETRIC_REPRESENTATION_CONTEXT(2) 
PARAMETRIC_REPRESENTATION_CONTEXT() REPRESENTATION_CONTEXT('2D SPACE',''
  ) );
#4117 = ORIENTED_EDGE('',*,*,#4118,.F.);
#4118 = EDGE_CURVE('',#4041,#4093,#4119,.T.);
#4119 = SURFACE_CURVE('',#4120,(#4124,#4130),.PCURVE_S1.);
#4120 = LINE('',#4121,#4122);
#4121 = CARTESIAN_POINT('',(-52.,45.,54.75));
#4122 = VECTOR('',#4123,1.);
#4123 = DIRECTION('',(-0.,0.,-1.));
#4124 = PCURVE('',#3475,#4125);
#4125 = DEFINITIONAL_REPRESENTATION('',(#4126),#4129);
#4126 = B_SPLINE_CURVE_WITH_KNOTS('',1,(#4127,#4128),.UNSPECIFIED.,.F.,
  .F.,(2,2),(-7.25,-3.25),.PIECEWISE_BEZIER_KNOTS.);
#4127 = CARTESIAN_POINT('',(10.5,66.75));
#4128 = CARTESIAN_POINT('',(6.5,66.75));
#4129 = ( GEOMETRIC_REPRESENTATION_CONTEXT(2) 
PARAMETRIC_REPRESENTATION_CONTEXT() REPRESENTATION_CONTEXT('2D SPACE',''
  ) );
#4130 = PCURVE('',#4131,#4136);
#4131 = PLANE('',#4132);
#4132 = AXIS2_PLACEMENT_3D('',#4133,#4134,#4135);
#4133 = CARTESIAN_POINT('',(-52.,41.5,58.));
#4134 = DIRECTION('',(1.,0.,-0.));
#4135 = DIRECTION('',(0.,0.,1.));
#4136 = DEFINITIONAL_REPRESENTATION('',(#4137),#4140);
#4137 = B_SPLINE_CURVE_WITH_KNOTS('',1,(#4138,#4139),.UNSPECIFIED.,.F.,
  .F.,(2,2),(-7.25,-3.25),.PIECEWISE_BEZIER_KNOTS.);
#4138 = CARTESIAN_POINT('',(4.,-3.5));
#4139 = CARTESIAN_POINT('',(0.,-3.5));
#4140 = ( GEOMETRIC_REPRESENTATION_CONTEXT(2) 
PARAMETRIC_REPRESENTATION_CONTEXT() REPRESENTATION_CONTEXT('2D SPACE',''
  ) );
#4141 = ADVANCED_FACE('',(#4142,#4168),#3447,.F.);
#4142 = FACE_BOUND('',#4143,.F.);
#4143 = EDGE_LOOP('',(#4144,#4145,#4146,#4167));
#4144 = ORIENTED_EDGE('',*,*,#3431,.F.);
#4145 = ORIENTED_EDGE('',*,*,#3516,.T.);
#4146 = ORIENTED_EDGE('',*,*,#4147,.T.);
#4147 = EDGE_CURVE('',#3517,#3885,#4148,.T.);
#4148 = SURFACE_CURVE('',#4149,(#4153,#4160),.PCURVE_S1.);
#4149 = LINE('',#4150,#4151);
#4150 = CARTESIAN_POINT('',(38.75,-45.,51.5));
#4151 = VECTOR('',#4152,1.);
#4152 = DIRECTION('',(-0.,1.,0.));
#4153 = PCURVE('',#3447,#4154);
#4154 = DEFINITIONAL_REPRESENTATION('',(#4155),#4159);
#4155 = LINE('',#4156,#4157);
#4156 = CARTESIAN_POINT('',(157.5,0.));
#4157 = VECTOR('',#4158,1.);
#4158 = DIRECTION('',(0.,1.));
#4159 = ( GEOMETRIC_REPRESENTATION_CONTEXT(2) 
PARAMETRIC_REPRESENTATION_CONTEXT() REPRESENTATION_CONTEXT('2D SPACE',''
  ) );
#4160 = PCURVE('',#3577,#4161);
#4161 = DEFINITIONAL_REPRESENTATION('',(#4162),#4166);
#4162 = LINE('',#4163,#4164);
#4163 = CARTESIAN_POINT('',(0.,0.));
#4164 = VECTOR('',#4165,1.);
#4165 = DIRECTION('',(0.,-1.));
#4166 = ( GEOMETRIC_REPRESENTATION_CONTEXT(2) 
PARAMETRIC_REPRESENTATION_CONTEXT() REPRESENTATION_CONTEXT('2D SPACE',''
  ) );
#4167 = ORIENTED_EDGE('',*,*,#3884,.F.);
#4168 = FACE_BOUND('',#4169,.F.);
#4169 = EDGE_LOOP('',(#4170,#4198,#4224,#4250));
#4170 = ORIENTED_EDGE('',*,*,#4171,.T.);
#4171 = EDGE_CURVE('',#4172,#4174,#4176,.T.);
#4172 = VERTEX_POINT('',#4173);
#4173 = CARTESIAN_POINT('',(36.25,-42.5,51.5));
#4174 = VERTEX_POINT('',#4175);
#4175 = CARTESIAN_POINT('',(-116.25,-42.5,51.5));
#4176 = SURFACE_CURVE('',#4177,(#4181,#4187),.PCURVE_S1.);
#4177 = LINE('',#4178,#4179);
#4178 = CARTESIAN_POINT('',(-117.5,-42.5,51.5));
#4179 = VECTOR('',#4180,1.);
#4180 = DIRECTION('',(-1.,-0.,0.));
#4181 = PCURVE('',#3447,#4182);
#4182 = DEFINITIONAL_REPRESENTATION('',(#4183),#4186);
#4183 = B_SPLINE_CURVE_WITH_KNOTS('',1,(#4184,#4185),.UNSPECIFIED.,.F.,
  .F.,(2,2),(-153.75,-1.25),.PIECEWISE_BEZIER_KNOTS.);
#4184 = CARTESIAN_POINT('',(155.,2.5));
#4185 = CARTESIAN_POINT('',(2.5,2.5));
#4186 = ( GEOMETRIC_REPRESENTATION_CONTEXT(2) 
PARAMETRIC_REPRESENTATION_CONTEXT() REPRESENTATION_CONTEXT('2D SPACE',''
  ) );
#4187 = PCURVE('',#4188,#4193);
#4188 = PLANE('',#4189);
#4189 = AXIS2_PLACEMENT_3D('',#4190,#4191,#4192);
#4190 = CARTESIAN_POINT('',(-116.25,-42.5,50.5));
#4191 = DIRECTION('',(-0.,1.,0.));
#4192 = DIRECTION('',(0.,0.,1.));
#4193 = DEFINITIONAL_REPRESENTATION('',(#4194),#4197);
#4194 = B_SPLINE_CURVE_WITH_KNOTS('',1,(#4195,#4196),.UNSPECIFIED.,.F.,
  .F.,(2,2),(-153.75,-1.25),.PIECEWISE_BEZIER_KNOTS.);
#4195 = CARTESIAN_POINT('',(1.,152.5));
#4196 = CARTESIAN_POINT('',(1.,0.));
#4197 = ( GEOMETRIC_REPRESENTATION_CONTEXT(2) 
PARAMETRIC_REPRESENTATION_CONTEXT() REPRESENTATION_CONTEXT('2D SPACE',''
  ) );
#4198 = ORIENTED_EDGE('',*,*,#4199,.T.);
#4199 = EDGE_CURVE('',#4174,#4200,#4202,.T.);
#4200 = VERTEX_POINT('',#4201);
#4201 = CARTESIAN_POINT('',(-116.25,42.5,51.5));
#4202 = SURFACE_CURVE('',#4203,(#4207,#4213),.PCURVE_S1.);
#4203 = LINE('',#4204,#4205);
#4204 = CARTESIAN_POINT('',(-116.25,-43.75,51.5));
#4205 = VECTOR('',#4206,1.);
#4206 = DIRECTION('',(-0.,1.,0.));
#4207 = PCURVE('',#3447,#4208);
#4208 = DEFINITIONAL_REPRESENTATION('',(#4209),#4212);
#4209 = B_SPLINE_CURVE_WITH_KNOTS('',1,(#4210,#4211),.UNSPECIFIED.,.F.,
  .F.,(2,2),(1.25,86.25),.PIECEWISE_BEZIER_KNOTS.);
#4210 = CARTESIAN_POINT('',(2.5,2.5));
#4211 = CARTESIAN_POINT('',(2.5,87.5));
#4212 = ( GEOMETRIC_REPRESENTATION_CONTEXT(2) 
PARAMETRIC_REPRESENTATION_CONTEXT() REPRESENTATION_CONTEXT('2D SPACE',''
  ) );
#4213 = PCURVE('',#4214,#4219);
#4214 = PLANE('',#4215);
#4215 = AXIS2_PLACEMENT_3D('',#4216,#4217,#4218);
#4216 = CARTESIAN_POINT('',(-116.25,-42.5,50.5));
#4217 = DIRECTION('',(1.,0.,-0.));
#4218 = DIRECTION('',(0.,0.,1.));
#4219 = DEFINITIONAL_REPRESENTATION('',(#4220),#4223);
#4220 = B_SPLINE_CURVE_WITH_KNOTS('',1,(#4221,#4222),.UNSPECIFIED.,.F.,
  .F.,(2,2),(1.25,86.25),.PIECEWISE_BEZIER_KNOTS.);
#4221 = CARTESIAN_POINT('',(1.,0.));
#4222 = CARTESIAN_POINT('',(1.,-85.));
#4223 = ( GEOMETRIC_REPRESENTATION_CONTEXT(2) 
PARAMETRIC_REPRESENTATION_CONTEXT() REPRESENTATION_CONTEXT('2D SPACE',''
  ) );
#4224 = ORIENTED_EDGE('',*,*,#4225,.F.);
#4225 = EDGE_CURVE('',#4226,#4200,#4228,.T.);
#4226 = VERTEX_POINT('',#4227);
#4227 = CARTESIAN_POINT('',(36.25,42.5,51.5));
#4228 = SURFACE_CURVE('',#4229,(#4233,#4239),.PCURVE_S1.);
#4229 = LINE('',#4230,#4231);
#4230 = CARTESIAN_POINT('',(-117.5,42.5,51.5));
#4231 = VECTOR('',#4232,1.);
#4232 = DIRECTION('',(-1.,-0.,0.));
#4233 = PCURVE('',#3447,#4234);
#4234 = DEFINITIONAL_REPRESENTATION('',(#4235),#4238);
#4235 = B_SPLINE_CURVE_WITH_KNOTS('',1,(#4236,#4237),.UNSPECIFIED.,.F.,
  .F.,(2,2),(-153.75,-1.25),.PIECEWISE_BEZIER_KNOTS.);
#4236 = CARTESIAN_POINT('',(155.,87.5));
#4237 = CARTESIAN_POINT('',(2.5,87.5));
#4238 = ( GEOMETRIC_REPRESENTATION_CONTEXT(2) 
PARAMETRIC_REPRESENTATION_CONTEXT() REPRESENTATION_CONTEXT('2D SPACE',''
  ) );
#4239 = PCURVE('',#4240,#4245);
#4240 = PLANE('',#4241);
#4241 = AXIS2_PLACEMENT_3D('',#4242,#4243,#4244);
#4242 = CARTESIAN_POINT('',(-116.25,42.5,50.5));
#4243 = DIRECTION('',(-0.,1.,0.));
#4244 = DIRECTION('',(0.,0.,1.));
#4245 = DEFINITIONAL_REPRESENTATION('',(#4246),#4249);
#4246 = B_SPLINE_CURVE_WITH_KNOTS('',1,(#4247,#4248),.UNSPECIFIED.,.F.,
  .F.,(2,2),(-153.75,-1.25),.PIECEWISE_BEZIER_KNOTS.);
#4247 = CARTESIAN_POINT('',(1.,152.5));
#4248 = CARTESIAN_POINT('',(1.,0.));
#4249 = ( GEOMETRIC_REPRESENTATION_CONTEXT(2) 
PARAMETRIC_REPRESENTATION_CONTEXT() REPRESENTATION_CONTEXT('2D SPACE',''
  ) );
#4250 = ORIENTED_EDGE('',*,*,#4251,.F.);
#4251 = EDGE_CURVE('',#4172,#4226,#4252,.T.);
#4252 = SURFACE_CURVE('',#4253,(#4257,#4263),.PCURVE_S1.);
#4253 = LINE('',#4254,#4255);
#4254 = CARTESIAN_POINT('',(36.25,-43.75,51.5));
#4255 = VECTOR('',#4256,1.);
#4256 = DIRECTION('',(-0.,1.,0.));
#4257 = PCURVE('',#3447,#4258);
#4258 = DEFINITIONAL_REPRESENTATION('',(#4259),#4262);
#4259 = B_SPLINE_CURVE_WITH_KNOTS('',1,(#4260,#4261),.UNSPECIFIED.,.F.,
  .F.,(2,2),(1.25,86.25),.PIECEWISE_BEZIER_KNOTS.);
#4260 = CARTESIAN_POINT('',(155.,2.5));
#4261 = CARTESIAN_POINT('',(155.,87.5));
#4262 = ( GEOMETRIC_REPRESENTATION_CONTEXT(2) 
PARAMETRIC_REPRESENTATION_CONTEXT() REPRESENTATION_CONTEXT('2D SPACE',''
  ) );
#4263 = PCURVE('',#4264,#4269);
#4264 = PLANE('',#4265);
#4265 = AXIS2_PLACEMENT_3D('',#4266,#4267,#4268);
#4266 = CARTESIAN_POINT('',(36.25,-42.5,50.5));
#4267 = DIRECTION('',(1.,0.,-0.));
#4268 = DIRECTION('',(0.,0.,1.));
#4269 = DEFINITIONAL_REPRESENTATION('',(#4270),#4273);
#4270 = B_SPLINE_CURVE_WITH_KNOTS('',1,(#4271,#4272),.UNSPECIFIED.,.F.,
  .F.,(2,2),(1.25,86.25),.PIECEWISE_BEZIER_KNOTS.);
#4271 = CARTESIAN_POINT('',(1.,0.));
#4272 = CARTESIAN_POINT('',(1.,-85.));
#4273 = ( GEOMETRIC_REPRESENTATION_CONTEXT(2) 
PARAMETRIC_REPRESENTATION_CONTEXT() REPRESENTATION_CONTEXT('2D SPACE',''
  ) );
#4274 = ADVANCED_FACE('',(#4275),#3577,.T.);
#4275 = FACE_BOUND('',#4276,.T.);
#4276 = EDGE_LOOP('',(#4277,#4278,#4279,#4280));
#4277 = ORIENTED_EDGE('',*,*,#3563,.F.);
#4278 = ORIENTED_EDGE('',*,*,#4147,.T.);
#4279 = ORIENTED_EDGE('',*,*,#3909,.T.);
#4280 = ORIENTED_EDGE('',*,*,#3806,.F.);
#4281 = ADVANCED_FACE('',(#4282),#3608,.F.);
#4282 = FACE_BOUND('',#4283,.F.);
#4283 = EDGE_LOOP('',(#4284,#4307,#4308,#4331));
#4284 = ORIENTED_EDGE('',*,*,#4285,.F.);
#4285 = EDGE_CURVE('',#3592,#4286,#4288,.T.);
#4286 = VERTEX_POINT('',#4287);
#4287 = CARTESIAN_POINT('',(-92.,-42.5,57.));
#4288 = SURFACE_CURVE('',#4289,(#4293,#4300),.PCURVE_S1.);
#4289 = LINE('',#4290,#4291);
#4290 = CARTESIAN_POINT('',(-92.,-46.,57.));
#4291 = VECTOR('',#4292,1.);
#4292 = DIRECTION('',(-0.,1.,0.));
#4293 = PCURVE('',#3608,#4294);
#4294 = DEFINITIONAL_REPRESENTATION('',(#4295),#4299);
#4295 = LINE('',#4296,#4297);
#4296 = CARTESIAN_POINT('',(0.,0.));
#4297 = VECTOR('',#4298,1.);
#4298 = DIRECTION('',(0.,1.));
#4299 = ( GEOMETRIC_REPRESENTATION_CONTEXT(2) 
PARAMETRIC_REPRESENTATION_CONTEXT() REPRESENTATION_CONTEXT('2D SPACE',''
  ) );
#4300 = PCURVE('',#3634,#4301);
#4301 = DEFINITIONAL_REPRESENTATION('',(#4302),#4306);
#4302 = LINE('',#4303,#4304);
#4303 = CARTESIAN_POINT('',(4.,0.));
#4304 = VECTOR('',#4305,1.);
#4305 = DIRECTION('',(0.,-1.));
#4306 = ( GEOMETRIC_REPRESENTATION_CONTEXT(2) 
PARAMETRIC_REPRESENTATION_CONTEXT() REPRESENTATION_CONTEXT('2D SPACE',''
  ) );
#4307 = ORIENTED_EDGE('',*,*,#3591,.T.);
#4308 = ORIENTED_EDGE('',*,*,#4309,.T.);
#4309 = EDGE_CURVE('',#3594,#4310,#4312,.T.);
#4310 = VERTEX_POINT('',#4311);
#4311 = CARTESIAN_POINT('',(-52.,-42.5,57.));
#4312 = SURFACE_CURVE('',#4313,(#4317,#4324),.PCURVE_S1.);
#4313 = LINE('',#4314,#4315);
#4314 = CARTESIAN_POINT('',(-52.,-46.,57.));
#4315 = VECTOR('',#4316,1.);
#4316 = DIRECTION('',(-0.,1.,0.));
#4317 = PCURVE('',#3608,#4318);
#4318 = DEFINITIONAL_REPRESENTATION('',(#4319),#4323);
#4319 = LINE('',#4320,#4321);
#4320 = CARTESIAN_POINT('',(40.,0.));
#4321 = VECTOR('',#4322,1.);
#4322 = DIRECTION('',(0.,1.));
#4323 = ( GEOMETRIC_REPRESENTATION_CONTEXT(2) 
PARAMETRIC_REPRESENTATION_CONTEXT() REPRESENTATION_CONTEXT('2D SPACE',''
  ) );
#4324 = PCURVE('',#3684,#4325);
#4325 = DEFINITIONAL_REPRESENTATION('',(#4326),#4330);
#4326 = LINE('',#4327,#4328);
#4327 = CARTESIAN_POINT('',(4.,0.));
#4328 = VECTOR('',#4329,1.);
#4329 = DIRECTION('',(0.,-1.));
#4330 = ( GEOMETRIC_REPRESENTATION_CONTEXT(2) 
PARAMETRIC_REPRESENTATION_CONTEXT() REPRESENTATION_CONTEXT('2D SPACE',''
  ) );
#4331 = ORIENTED_EDGE('',*,*,#4332,.F.);
#4332 = EDGE_CURVE('',#4286,#4310,#4333,.T.);
#4333 = SURFACE_CURVE('',#4334,(#4338,#4344),.PCURVE_S1.);
#4334 = LINE('',#4335,#4336);
#4335 = CARTESIAN_POINT('',(-104.125,-42.5,57.));
#4336 = VECTOR('',#4337,1.);
#4337 = DIRECTION('',(1.,0.,-0.));
#4338 = PCURVE('',#3608,#4339);
#4339 = DEFINITIONAL_REPRESENTATION('',(#4340),#4343);
#4340 = B_SPLINE_CURVE_WITH_KNOTS('',1,(#4341,#4342),.UNSPECIFIED.,.F.,
  .F.,(2,2),(12.125,52.125),.PIECEWISE_BEZIER_KNOTS.);
#4341 = CARTESIAN_POINT('',(0.,3.5));
#4342 = CARTESIAN_POINT('',(40.,3.5));
#4343 = ( GEOMETRIC_REPRESENTATION_CONTEXT(2) 
PARAMETRIC_REPRESENTATION_CONTEXT() REPRESENTATION_CONTEXT('2D SPACE',''
  ) );
#4344 = PCURVE('',#4188,#4345);
#4345 = DEFINITIONAL_REPRESENTATION('',(#4346),#4349);
#4346 = B_SPLINE_CURVE_WITH_KNOTS('',1,(#4347,#4348),.UNSPECIFIED.,.F.,
  .F.,(2,2),(12.125,52.125),.PIECEWISE_BEZIER_KNOTS.);
#4347 = CARTESIAN_POINT('',(6.5,24.25));
#4348 = CARTESIAN_POINT('',(6.5,64.25));
#4349 = ( GEOMETRIC_REPRESENTATION_CONTEXT(2) 
PARAMETRIC_REPRESENTATION_CONTEXT() REPRESENTATION_CONTEXT('2D SPACE',''
  ) );
#4350 = ADVANCED_FACE('',(#4351),#3634,.T.);
#4351 = FACE_BOUND('',#4352,.T.);
#4352 = EDGE_LOOP('',(#4353,#4354,#4355,#4378));
#4353 = ORIENTED_EDGE('',*,*,#4285,.F.);
#4354 = ORIENTED_EDGE('',*,*,#3619,.T.);
#4355 = ORIENTED_EDGE('',*,*,#4356,.T.);
#4356 = EDGE_CURVE('',#3620,#4357,#4359,.T.);
#4357 = VERTEX_POINT('',#4358);
#4358 = CARTESIAN_POINT('',(-92.,-42.5,53.));
#4359 = SURFACE_CURVE('',#4360,(#4364,#4371),.PCURVE_S1.);
#4360 = LINE('',#4361,#4362);
#4361 = CARTESIAN_POINT('',(-92.,-46.,53.));
#4362 = VECTOR('',#4363,1.);
#4363 = DIRECTION('',(-0.,1.,0.));
#4364 = PCURVE('',#3634,#4365);
#4365 = DEFINITIONAL_REPRESENTATION('',(#4366),#4370);
#4366 = LINE('',#4367,#4368);
#4367 = CARTESIAN_POINT('',(0.,0.));
#4368 = VECTOR('',#4369,1.);
#4369 = DIRECTION('',(0.,-1.));
#4370 = ( GEOMETRIC_REPRESENTATION_CONTEXT(2) 
PARAMETRIC_REPRESENTATION_CONTEXT() REPRESENTATION_CONTEXT('2D SPACE',''
  ) );
#4371 = PCURVE('',#3660,#4372);
#4372 = DEFINITIONAL_REPRESENTATION('',(#4373),#4377);
#4373 = LINE('',#4374,#4375);
#4374 = CARTESIAN_POINT('',(0.,0.));
#4375 = VECTOR('',#4376,1.);
#4376 = DIRECTION('',(0.,1.));
#4377 = ( GEOMETRIC_REPRESENTATION_CONTEXT(2) 
PARAMETRIC_REPRESENTATION_CONTEXT() REPRESENTATION_CONTEXT('2D SPACE',''
  ) );
#4378 = ORIENTED_EDGE('',*,*,#4379,.F.);
#4379 = EDGE_CURVE('',#4286,#4357,#4380,.T.);
#4380 = SURFACE_CURVE('',#4381,(#4385,#4391),.PCURVE_S1.);
#4381 = LINE('',#4382,#4383);
#4382 = CARTESIAN_POINT('',(-92.,-42.5,51.75));
#4383 = VECTOR('',#4384,1.);
#4384 = DIRECTION('',(-0.,0.,-1.));
#4385 = PCURVE('',#3634,#4386);
#4386 = DEFINITIONAL_REPRESENTATION('',(#4387),#4390);
#4387 = B_SPLINE_CURVE_WITH_KNOTS('',1,(#4388,#4389),.UNSPECIFIED.,.F.,
  .F.,(2,2),(-5.25,-1.25),.PIECEWISE_BEZIER_KNOTS.);
#4388 = CARTESIAN_POINT('',(4.,-3.5));
#4389 = CARTESIAN_POINT('',(0.,-3.5));
#4390 = ( GEOMETRIC_REPRESENTATION_CONTEXT(2) 
PARAMETRIC_REPRESENTATION_CONTEXT() REPRESENTATION_CONTEXT('2D SPACE',''
  ) );
#4391 = PCURVE('',#4188,#4392);
#4392 = DEFINITIONAL_REPRESENTATION('',(#4393),#4396);
#4393 = B_SPLINE_CURVE_WITH_KNOTS('',1,(#4394,#4395),.UNSPECIFIED.,.F.,
  .F.,(2,2),(-5.25,-1.25),.PIECEWISE_BEZIER_KNOTS.);
#4394 = CARTESIAN_POINT('',(6.5,24.25));
#4395 = CARTESIAN_POINT('',(2.5,24.25));
#4396 = ( GEOMETRIC_REPRESENTATION_CONTEXT(2) 
PARAMETRIC_REPRESENTATION_CONTEXT() REPRESENTATION_CONTEXT('2D SPACE',''
  ) );
#4397 = ADVANCED_FACE('',(#4398),#3684,.F.);
#4398 = FACE_BOUND('',#4399,.F.);
#4399 = EDGE_LOOP('',(#4400,#4401,#4402,#4425));
#4400 = ORIENTED_EDGE('',*,*,#4309,.F.);
#4401 = ORIENTED_EDGE('',*,*,#3671,.T.);
#4402 = ORIENTED_EDGE('',*,*,#4403,.T.);
#4403 = EDGE_CURVE('',#3646,#4404,#4406,.T.);
#4404 = VERTEX_POINT('',#4405);
#4405 = CARTESIAN_POINT('',(-52.,-42.5,53.));
#4406 = SURFACE_CURVE('',#4407,(#4411,#4418),.PCURVE_S1.);
#4407 = LINE('',#4408,#4409);
#4408 = CARTESIAN_POINT('',(-52.,-46.,53.));
#4409 = VECTOR('',#4410,1.);
#4410 = DIRECTION('',(-0.,1.,0.));
#4411 = PCURVE('',#3684,#4412);
#4412 = DEFINITIONAL_REPRESENTATION('',(#4413),#4417);
#4413 = LINE('',#4414,#4415);
#4414 = CARTESIAN_POINT('',(0.,0.));
#4415 = VECTOR('',#4416,1.);
#4416 = DIRECTION('',(0.,-1.));
#4417 = ( GEOMETRIC_REPRESENTATION_CONTEXT(2) 
PARAMETRIC_REPRESENTATION_CONTEXT() REPRESENTATION_CONTEXT('2D SPACE',''
  ) );
#4418 = PCURVE('',#3660,#4419);
#4419 = DEFINITIONAL_REPRESENTATION('',(#4420),#4424);
#4420 = LINE('',#4421,#4422);
#4421 = CARTESIAN_POINT('',(40.,0.));
#4422 = VECTOR('',#4423,1.);
#4423 = DIRECTION('',(0.,1.));
#4424 = ( GEOMETRIC_REPRESENTATION_CONTEXT(2) 
PARAMETRIC_REPRESENTATION_CONTEXT() REPRESENTATION_CONTEXT('2D SPACE',''
  ) );
#4425 = ORIENTED_EDGE('',*,*,#4426,.F.);
#4426 = EDGE_CURVE('',#4310,#4404,#4427,.T.);
#4427 = SURFACE_CURVE('',#4428,(#4432,#4438),.PCURVE_S1.);
#4428 = LINE('',#4429,#4430);
#4429 = CARTESIAN_POINT('',(-52.,-42.5,51.75));
#4430 = VECTOR('',#4431,1.);
#4431 = DIRECTION('',(-0.,0.,-1.));
#4432 = PCURVE('',#3684,#4433);
#4433 = DEFINITIONAL_REPRESENTATION('',(#4434),#4437);
#4434 = B_SPLINE_CURVE_WITH_KNOTS('',1,(#4435,#4436),.UNSPECIFIED.,.F.,
  .F.,(2,2),(-5.25,-1.25),.PIECEWISE_BEZIER_KNOTS.);
#4435 = CARTESIAN_POINT('',(4.,-3.5));
#4436 = CARTESIAN_POINT('',(0.,-3.5));
#4437 = ( GEOMETRIC_REPRESENTATION_CONTEXT(2) 
PARAMETRIC_REPRESENTATION_CONTEXT() REPRESENTATION_CONTEXT('2D SPACE',''
  ) );
#4438 = PCURVE('',#4188,#4439);
#4439 = DEFINITIONAL_REPRESENTATION('',(#4440),#4443);
#4440 = B_SPLINE_CURVE_WITH_KNOTS('',1,(#4441,#4442),.UNSPECIFIED.,.F.,
  .F.,(2,2),(-5.25,-1.25),.PIECEWISE_BEZIER_KNOTS.);
#4441 = CARTESIAN_POINT('',(6.5,64.25));
#4442 = CARTESIAN_POINT('',(2.5,64.25));
#4443 = ( GEOMETRIC_REPRESENTATION_CONTEXT(2) 
PARAMETRIC_REPRESENTATION_CONTEXT() REPRESENTATION_CONTEXT('2D SPACE',''
  ) );
#4444 = ADVANCED_FACE('',(#4445),#3660,.T.);
#4445 = FACE_BOUND('',#4446,.T.);
#4446 = EDGE_LOOP('',(#4447,#4448,#4449,#4450));
#4447 = ORIENTED_EDGE('',*,*,#4356,.F.);
#4448 = ORIENTED_EDGE('',*,*,#3645,.T.);
#4449 = ORIENTED_EDGE('',*,*,#4403,.T.);
#4450 = ORIENTED_EDGE('',*,*,#4451,.F.);
#4451 = EDGE_CURVE('',#4357,#4404,#4452,.T.);
#4452 = SURFACE_CURVE('',#4453,(#4457,#4463),.PCURVE_S1.);
#4453 = LINE('',#4454,#4455);
#4454 = CARTESIAN_POINT('',(-104.125,-42.5,53.));
#4455 = VECTOR('',#4456,1.);
#4456 = DIRECTION('',(1.,0.,-0.));
#4457 = PCURVE('',#3660,#4458);
#4458 = DEFINITIONAL_REPRESENTATION('',(#4459),#4462);
#4459 = B_SPLINE_CURVE_WITH_KNOTS('',1,(#4460,#4461),.UNSPECIFIED.,.F.,
  .F.,(2,2),(12.125,52.125),.PIECEWISE_BEZIER_KNOTS.);
#4460 = CARTESIAN_POINT('',(0.,3.5));
#4461 = CARTESIAN_POINT('',(40.,3.5));
#4462 = ( GEOMETRIC_REPRESENTATION_CONTEXT(2) 
PARAMETRIC_REPRESENTATION_CONTEXT() REPRESENTATION_CONTEXT('2D SPACE',''
  ) );
#4463 = PCURVE('',#4188,#4464);
#4464 = DEFINITIONAL_REPRESENTATION('',(#4465),#4468);
#4465 = B_SPLINE_CURVE_WITH_KNOTS('',1,(#4466,#4467),.UNSPECIFIED.,.F.,
  .F.,(2,2),(12.125,52.125),.PIECEWISE_BEZIER_KNOTS.);
#4466 = CARTESIAN_POINT('',(2.5,24.25));
#4467 = CARTESIAN_POINT('',(2.5,64.25));
#4468 = ( GEOMETRIC_REPRESENTATION_CONTEXT(2) 
PARAMETRIC_REPRESENTATION_CONTEXT() REPRESENTATION_CONTEXT('2D SPACE',''
  ) );
#4469 = ADVANCED_FACE('',(#4470),#3714,.F.);
#4470 = FACE_BOUND('',#4471,.F.);
#4471 = EDGE_LOOP('',(#4472,#4495,#4496,#4519));
#4472 = ORIENTED_EDGE('',*,*,#4473,.F.);
#4473 = EDGE_CURVE('',#3698,#4474,#4476,.T.);
#4474 = VERTEX_POINT('',#4475);
#4475 = CARTESIAN_POINT('',(-92.,-42.5,62.));
#4476 = SURFACE_CURVE('',#4477,(#4481,#4488),.PCURVE_S1.);
#4477 = LINE('',#4478,#4479);
#4478 = CARTESIAN_POINT('',(-92.,-46.,62.));
#4479 = VECTOR('',#4480,1.);
#4480 = DIRECTION('',(-0.,1.,0.));
#4481 = PCURVE('',#3714,#4482);
#4482 = DEFINITIONAL_REPRESENTATION('',(#4483),#4487);
#4483 = LINE('',#4484,#4485);
#4484 = CARTESIAN_POINT('',(0.,0.));
#4485 = VECTOR('',#4486,1.);
#4486 = DIRECTION('',(0.,1.));
#4487 = ( GEOMETRIC_REPRESENTATION_CONTEXT(2) 
PARAMETRIC_REPRESENTATION_CONTEXT() REPRESENTATION_CONTEXT('2D SPACE',''
  ) );
#4488 = PCURVE('',#3740,#4489);
#4489 = DEFINITIONAL_REPRESENTATION('',(#4490),#4494);
#4490 = LINE('',#4491,#4492);
#4491 = CARTESIAN_POINT('',(4.,0.));
#4492 = VECTOR('',#4493,1.);
#4493 = DIRECTION('',(0.,-1.));
#4494 = ( GEOMETRIC_REPRESENTATION_CONTEXT(2) 
PARAMETRIC_REPRESENTATION_CONTEXT() REPRESENTATION_CONTEXT('2D SPACE',''
  ) );
#4495 = ORIENTED_EDGE('',*,*,#3697,.T.);
#4496 = ORIENTED_EDGE('',*,*,#4497,.T.);
#4497 = EDGE_CURVE('',#3700,#4498,#4500,.T.);
#4498 = VERTEX_POINT('',#4499);
#4499 = CARTESIAN_POINT('',(-52.,-42.5,62.));
#4500 = SURFACE_CURVE('',#4501,(#4505,#4512),.PCURVE_S1.);
#4501 = LINE('',#4502,#4503);
#4502 = CARTESIAN_POINT('',(-52.,-46.,62.));
#4503 = VECTOR('',#4504,1.);
#4504 = DIRECTION('',(-0.,1.,0.));
#4505 = PCURVE('',#3714,#4506);
#4506 = DEFINITIONAL_REPRESENTATION('',(#4507),#4511);
#4507 = LINE('',#4508,#4509);
#4508 = CARTESIAN_POINT('',(40.,0.));
#4509 = VECTOR('',#4510,1.);
#4510 = DIRECTION('',(0.,1.));
#4511 = ( GEOMETRIC_REPRESENTATION_CONTEXT(2) 
PARAMETRIC_REPRESENTATION_CONTEXT() REPRESENTATION_CONTEXT('2D SPACE',''
  ) );
#4512 = PCURVE('',#3790,#4513);
#4513 = DEFINITIONAL_REPRESENTATION('',(#4514),#4518);
#4514 = LINE('',#4515,#4516);
#4515 = CARTESIAN_POINT('',(4.,0.));
#4516 = VECTOR('',#4517,1.);
#4517 = DIRECTION('',(0.,-1.));
#4518 = ( GEOMETRIC_REPRESENTATION_CONTEXT(2) 
PARAMETRIC_REPRESENTATION_CONTEXT() REPRESENTATION_CONTEXT('2D SPACE',''
  ) );
#4519 = ORIENTED_EDGE('',*,*,#4520,.F.);
#4520 = EDGE_CURVE('',#4474,#4498,#4521,.T.);
#4521 = SURFACE_CURVE('',#4522,(#4526,#4532),.PCURVE_S1.);
#4522 = LINE('',#4523,#4524);
#4523 = CARTESIAN_POINT('',(-104.125,-42.5,62.));
#4524 = VECTOR('',#4525,1.);
#4525 = DIRECTION('',(1.,0.,-0.));
#4526 = PCURVE('',#3714,#4527);
#4527 = DEFINITIONAL_REPRESENTATION('',(#4528),#4531);
#4528 = B_SPLINE_CURVE_WITH_KNOTS('',1,(#4529,#4530),.UNSPECIFIED.,.F.,
  .F.,(2,2),(12.125,52.125),.PIECEWISE_BEZIER_KNOTS.);
#4529 = CARTESIAN_POINT('',(0.,3.5));
#4530 = CARTESIAN_POINT('',(40.,3.5));
#4531 = ( GEOMETRIC_REPRESENTATION_CONTEXT(2) 
PARAMETRIC_REPRESENTATION_CONTEXT() REPRESENTATION_CONTEXT('2D SPACE',''
  ) );
#4532 = PCURVE('',#4188,#4533);
#4533 = DEFINITIONAL_REPRESENTATION('',(#4534),#4537);
#4534 = B_SPLINE_CURVE_WITH_KNOTS('',1,(#4535,#4536),.UNSPECIFIED.,.F.,
  .F.,(2,2),(12.125,52.125),.PIECEWISE_BEZIER_KNOTS.);
#4535 = CARTESIAN_POINT('',(11.5,24.25));
#4536 = CARTESIAN_POINT('',(11.5,64.25));
#4537 = ( GEOMETRIC_REPRESENTATION_CONTEXT(2) 
PARAMETRIC_REPRESENTATION_CONTEXT() REPRESENTATION_CONTEXT('2D SPACE',''
  ) );
#4538 = ADVANCED_FACE('',(#4539),#3790,.F.);
#4539 = FACE_BOUND('',#4540,.F.);
#4540 = EDGE_LOOP('',(#4541,#4542,#4543,#4566));
#4541 = ORIENTED_EDGE('',*,*,#4497,.F.);
#4542 = ORIENTED_EDGE('',*,*,#3777,.T.);
#4543 = ORIENTED_EDGE('',*,*,#4544,.T.);
#4544 = EDGE_CURVE('',#3752,#4545,#4547,.T.);
#4545 = VERTEX_POINT('',#4546);
#4546 = CARTESIAN_POINT('',(-52.,-42.5,58.));
#4547 = SURFACE_CURVE('',#4548,(#4552,#4559),.PCURVE_S1.);
#4548 = LINE('',#4549,#4550);
#4549 = CARTESIAN_POINT('',(-52.,-46.,58.));
#4550 = VECTOR('',#4551,1.);
#4551 = DIRECTION('',(-0.,1.,0.));
#4552 = PCURVE('',#3790,#4553);
#4553 = DEFINITIONAL_REPRESENTATION('',(#4554),#4558);
#4554 = LINE('',#4555,#4556);
#4555 = CARTESIAN_POINT('',(0.,0.));
#4556 = VECTOR('',#4557,1.);
#4557 = DIRECTION('',(0.,-1.));
#4558 = ( GEOMETRIC_REPRESENTATION_CONTEXT(2) 
PARAMETRIC_REPRESENTATION_CONTEXT() REPRESENTATION_CONTEXT('2D SPACE',''
  ) );
#4559 = PCURVE('',#3766,#4560);
#4560 = DEFINITIONAL_REPRESENTATION('',(#4561),#4565);
#4561 = LINE('',#4562,#4563);
#4562 = CARTESIAN_POINT('',(40.,0.));
#4563 = VECTOR('',#4564,1.);
#4564 = DIRECTION('',(0.,1.));
#4565 = ( GEOMETRIC_REPRESENTATION_CONTEXT(2) 
PARAMETRIC_REPRESENTATION_CONTEXT() REPRESENTATION_CONTEXT('2D SPACE',''
  ) );
#4566 = ORIENTED_EDGE('',*,*,#4567,.F.);
#4567 = EDGE_CURVE('',#4498,#4545,#4568,.T.);
#4568 = SURFACE_CURVE('',#4569,(#4573,#4579),.PCURVE_S1.);
#4569 = LINE('',#4570,#4571);
#4570 = CARTESIAN_POINT('',(-52.,-42.5,54.25));
#4571 = VECTOR('',#4572,1.);
#4572 = DIRECTION('',(-0.,0.,-1.));
#4573 = PCURVE('',#3790,#4574);
#4574 = DEFINITIONAL_REPRESENTATION('',(#4575),#4578);
#4575 = B_SPLINE_CURVE_WITH_KNOTS('',1,(#4576,#4577),.UNSPECIFIED.,.F.,
  .F.,(2,2),(-7.75,-3.75),.PIECEWISE_BEZIER_KNOTS.);
#4576 = CARTESIAN_POINT('',(4.,-3.5));
#4577 = CARTESIAN_POINT('',(0.,-3.5));
#4578 = ( GEOMETRIC_REPRESENTATION_CONTEXT(2) 
PARAMETRIC_REPRESENTATION_CONTEXT() REPRESENTATION_CONTEXT('2D SPACE',''
  ) );
#4579 = PCURVE('',#4188,#4580);
#4580 = DEFINITIONAL_REPRESENTATION('',(#4581),#4584);
#4581 = B_SPLINE_CURVE_WITH_KNOTS('',1,(#4582,#4583),.UNSPECIFIED.,.F.,
  .F.,(2,2),(-7.75,-3.75),.PIECEWISE_BEZIER_KNOTS.);
#4582 = CARTESIAN_POINT('',(11.5,64.25));
#4583 = CARTESIAN_POINT('',(7.5,64.25));
#4584 = ( GEOMETRIC_REPRESENTATION_CONTEXT(2) 
PARAMETRIC_REPRESENTATION_CONTEXT() REPRESENTATION_CONTEXT('2D SPACE',''
  ) );
#4585 = ADVANCED_FACE('',(#4586),#3766,.T.);
#4586 = FACE_BOUND('',#4587,.T.);
#4587 = EDGE_LOOP('',(#4588,#4611,#4612,#4613));
#4588 = ORIENTED_EDGE('',*,*,#4589,.F.);
#4589 = EDGE_CURVE('',#3726,#4590,#4592,.T.);
#4590 = VERTEX_POINT('',#4591);
#4591 = CARTESIAN_POINT('',(-92.,-42.5,58.));
#4592 = SURFACE_CURVE('',#4593,(#4597,#4604),.PCURVE_S1.);
#4593 = LINE('',#4594,#4595);
#4594 = CARTESIAN_POINT('',(-92.,-46.,58.));
#4595 = VECTOR('',#4596,1.);
#4596 = DIRECTION('',(-0.,1.,0.));
#4597 = PCURVE('',#3766,#4598);
#4598 = DEFINITIONAL_REPRESENTATION('',(#4599),#4603);
#4599 = LINE('',#4600,#4601);
#4600 = CARTESIAN_POINT('',(0.,0.));
#4601 = VECTOR('',#4602,1.);
#4602 = DIRECTION('',(0.,1.));
#4603 = ( GEOMETRIC_REPRESENTATION_CONTEXT(2) 
PARAMETRIC_REPRESENTATION_CONTEXT() REPRESENTATION_CONTEXT('2D SPACE',''
  ) );
#4604 = PCURVE('',#3740,#4605);
#4605 = DEFINITIONAL_REPRESENTATION('',(#4606),#4610);
#4606 = LINE('',#4607,#4608);
#4607 = CARTESIAN_POINT('',(0.,0.));
#4608 = VECTOR('',#4609,1.);
#4609 = DIRECTION('',(0.,-1.));
#4610 = ( GEOMETRIC_REPRESENTATION_CONTEXT(2) 
PARAMETRIC_REPRESENTATION_CONTEXT() REPRESENTATION_CONTEXT('2D SPACE',''
  ) );
#4611 = ORIENTED_EDGE('',*,*,#3751,.T.);
#4612 = ORIENTED_EDGE('',*,*,#4544,.T.);
#4613 = ORIENTED_EDGE('',*,*,#4614,.F.);
#4614 = EDGE_CURVE('',#4590,#4545,#4615,.T.);
#4615 = SURFACE_CURVE('',#4616,(#4620,#4626),.PCURVE_S1.);
#4616 = LINE('',#4617,#4618);
#4617 = CARTESIAN_POINT('',(-104.125,-42.5,58.));
#4618 = VECTOR('',#4619,1.);
#4619 = DIRECTION('',(1.,0.,-0.));
#4620 = PCURVE('',#3766,#4621);
#4621 = DEFINITIONAL_REPRESENTATION('',(#4622),#4625);
#4622 = B_SPLINE_CURVE_WITH_KNOTS('',1,(#4623,#4624),.UNSPECIFIED.,.F.,
  .F.,(2,2),(12.125,52.125),.PIECEWISE_BEZIER_KNOTS.);
#4623 = CARTESIAN_POINT('',(0.,3.5));
#4624 = CARTESIAN_POINT('',(40.,3.5));
#4625 = ( GEOMETRIC_REPRESENTATION_CONTEXT(2) 
PARAMETRIC_REPRESENTATION_CONTEXT() REPRESENTATION_CONTEXT('2D SPACE',''
  ) );
#4626 = PCURVE('',#4188,#4627);
#4627 = DEFINITIONAL_REPRESENTATION('',(#4628),#4631);
#4628 = B_SPLINE_CURVE_WITH_KNOTS('',1,(#4629,#4630),.UNSPECIFIED.,.F.,
  .F.,(2,2),(12.125,52.125),.PIECEWISE_BEZIER_KNOTS.);
#4629 = CARTESIAN_POINT('',(7.5,24.25));
#4630 = CARTESIAN_POINT('',(7.5,64.25));
#4631 = ( GEOMETRIC_REPRESENTATION_CONTEXT(2) 
PARAMETRIC_REPRESENTATION_CONTEXT() REPRESENTATION_CONTEXT('2D SPACE',''
  ) );
#4632 = ADVANCED_FACE('',(#4633),#3740,.T.);
#4633 = FACE_BOUND('',#4634,.T.);
#4634 = EDGE_LOOP('',(#4635,#4636,#4637,#4638));
#4635 = ORIENTED_EDGE('',*,*,#4473,.F.);
#4636 = ORIENTED_EDGE('',*,*,#3725,.T.);
#4637 = ORIENTED_EDGE('',*,*,#4589,.T.);
#4638 = ORIENTED_EDGE('',*,*,#4639,.F.);
#4639 = EDGE_CURVE('',#4474,#4590,#4640,.T.);
#4640 = SURFACE_CURVE('',#4641,(#4645,#4651),.PCURVE_S1.);
#4641 = LINE('',#4642,#4643);
#4642 = CARTESIAN_POINT('',(-92.,-42.5,54.25));
#4643 = VECTOR('',#4644,1.);
#4644 = DIRECTION('',(-0.,0.,-1.));
#4645 = PCURVE('',#3740,#4646);
#4646 = DEFINITIONAL_REPRESENTATION('',(#4647),#4650);
#4647 = B_SPLINE_CURVE_WITH_KNOTS('',1,(#4648,#4649),.UNSPECIFIED.,.F.,
  .F.,(2,2),(-7.75,-3.75),.PIECEWISE_BEZIER_KNOTS.);
#4648 = CARTESIAN_POINT('',(4.,-3.5));
#4649 = CARTESIAN_POINT('',(0.,-3.5));
#4650 = ( GEOMETRIC_REPRESENTATION_CONTEXT(2) 
PARAMETRIC_REPRESENTATION_CONTEXT() REPRESENTATION_CONTEXT('2D SPACE',''
  ) );
#4651 = PCURVE('',#4188,#4652);
#4652 = DEFINITIONAL_REPRESENTATION('',(#4653),#4656);
#4653 = B_SPLINE_CURVE_WITH_KNOTS('',1,(#4654,#4655),.UNSPECIFIED.,.F.,
  .F.,(2,2),(-7.75,-3.75),.PIECEWISE_BEZIER_KNOTS.);
#4654 = CARTESIAN_POINT('',(11.5,24.25));
#4655 = CARTESIAN_POINT('',(7.5,24.25));
#4656 = ( GEOMETRIC_REPRESENTATION_CONTEXT(2) 
PARAMETRIC_REPRESENTATION_CONTEXT() REPRESENTATION_CONTEXT('2D SPACE',''
  ) );
#4657 = ADVANCED_FACE('',(#4658),#3869,.F.);
#4658 = FACE_BOUND('',#4659,.F.);
#4659 = EDGE_LOOP('',(#4660,#4661,#4684,#4711));
#4660 = ORIENTED_EDGE('',*,*,#3852,.F.);
#4661 = ORIENTED_EDGE('',*,*,#4662,.F.);
#4662 = EDGE_CURVE('',#4663,#3853,#4665,.T.);
#4663 = VERTEX_POINT('',#4664);
#4664 = CARTESIAN_POINT('',(-66.75,20.,65.));
#4665 = SEAM_CURVE('',#4666,(#4670,#4677),.PCURVE_S1.);
#4666 = LINE('',#4667,#4668);
#4667 = CARTESIAN_POINT('',(-66.75,20.,64.));
#4668 = VECTOR('',#4669,1.);
#4669 = DIRECTION('',(0.,0.,1.));
#4670 = PCURVE('',#3869,#4671);
#4671 = DEFINITIONAL_REPRESENTATION('',(#4672),#4676);
#4672 = LINE('',#4673,#4674);
#4673 = CARTESIAN_POINT('',(6.28318530718,-0.));
#4674 = VECTOR('',#4675,1.);
#4675 = DIRECTION('',(0.,1.));
#4676 = ( GEOMETRIC_REPRESENTATION_CONTEXT(2) 
PARAMETRIC_REPRESENTATION_CONTEXT() REPRESENTATION_CONTEXT('2D SPACE',''
  ) );
#4677 = PCURVE('',#3869,#4678);
#4678 = DEFINITIONAL_REPRESENTATION('',(#4679),#4683);
#4679 = LINE('',#4680,#4681);
#4680 = CARTESIAN_POINT('',(0.,-0.));
#4681 = VECTOR('',#4682,1.);
#4682 = DIRECTION('',(0.,1.));
#4683 = ( GEOMETRIC_REPRESENTATION_CONTEXT(2) 
PARAMETRIC_REPRESENTATION_CONTEXT() REPRESENTATION_CONTEXT('2D SPACE',''
  ) );
#4684 = ORIENTED_EDGE('',*,*,#4685,.T.);
#4685 = EDGE_CURVE('',#4663,#4663,#4686,.T.);
#4686 = SURFACE_CURVE('',#4687,(#4692,#4699),.PCURVE_S1.);
#4687 = CIRCLE('',#4688,3.25);
#4688 = AXIS2_PLACEMENT_3D('',#4689,#4690,#4691);
#4689 = CARTESIAN_POINT('',(-70.,20.,65.));
#4690 = DIRECTION('',(0.,0.,1.));
#4691 = DIRECTION('',(1.,0.,-0.));
#4692 = PCURVE('',#3869,#4693);
#4693 = DEFINITIONAL_REPRESENTATION('',(#4694),#4698);
#4694 = LINE('',#4695,#4696);
#4695 = CARTESIAN_POINT('',(0.,1.));
#4696 = VECTOR('',#4697,1.);
#4697 = DIRECTION('',(1.,0.));
#4698 = ( GEOMETRIC_REPRESENTATION_CONTEXT(2) 
PARAMETRIC_REPRESENTATION_CONTEXT() REPRESENTATION_CONTEXT('2D SPACE',''
  ) );
#4699 = PCURVE('',#4700,#4705);
#4700 = PLANE('',#4701);
#4701 = AXIS2_PLACEMENT_3D('',#4702,#4703,#4704);
#4702 = CARTESIAN_POINT('',(-116.25,-42.5,65.));
#4703 = DIRECTION('',(0.,0.,1.));
#4704 = DIRECTION('',(1.,0.,-0.));
#4705 = DEFINITIONAL_REPRESENTATION('',(#4706),#4710);
#4706 = CIRCLE('',#4707,3.25);
#4707 = AXIS2_PLACEMENT_2D('',#4708,#4709);
#4708 = CARTESIAN_POINT('',(46.25,62.5));
#4709 = DIRECTION('',(1.,0.));
#4710 = ( GEOMETRIC_REPRESENTATION_CONTEXT(2) 
PARAMETRIC_REPRESENTATION_CONTEXT() REPRESENTATION_CONTEXT('2D SPACE',''
  ) );
#4711 = ORIENTED_EDGE('',*,*,#4662,.T.);
#4712 = ADVANCED_FACE('',(#4713),#3949,.F.);
#4713 = FACE_BOUND('',#4714,.F.);
#4714 = EDGE_LOOP('',(#4715,#4738,#4759,#4780));
#4715 = ORIENTED_EDGE('',*,*,#4716,.F.);
#4716 = EDGE_CURVE('',#4717,#3933,#4719,.T.);
#4717 = VERTEX_POINT('',#4718);
#4718 = CARTESIAN_POINT('',(-92.,42.5,57.));
#4719 = SURFACE_CURVE('',#4720,(#4724,#4731),.PCURVE_S1.);
#4720 = LINE('',#4721,#4722);
#4721 = CARTESIAN_POINT('',(-92.,41.5,57.));
#4722 = VECTOR('',#4723,1.);
#4723 = DIRECTION('',(-0.,1.,0.));
#4724 = PCURVE('',#3949,#4725);
#4725 = DEFINITIONAL_REPRESENTATION('',(#4726),#4730);
#4726 = LINE('',#4727,#4728);
#4727 = CARTESIAN_POINT('',(0.,0.));
#4728 = VECTOR('',#4729,1.);
#4729 = DIRECTION('',(0.,1.));
#4730 = ( GEOMETRIC_REPRESENTATION_CONTEXT(2) 
PARAMETRIC_REPRESENTATION_CONTEXT() REPRESENTATION_CONTEXT('2D SPACE',''
  ) );
#4731 = PCURVE('',#3975,#4732);
#4732 = DEFINITIONAL_REPRESENTATION('',(#4733),#4737);
#4733 = LINE('',#4734,#4735);
#4734 = CARTESIAN_POINT('',(4.,0.));
#4735 = VECTOR('',#4736,1.);
#4736 = DIRECTION('',(0.,-1.));
#4737 = ( GEOMETRIC_REPRESENTATION_CONTEXT(2) 
PARAMETRIC_REPRESENTATION_CONTEXT() REPRESENTATION_CONTEXT('2D SPACE',''
  ) );
#4738 = ORIENTED_EDGE('',*,*,#4739,.T.);
#4739 = EDGE_CURVE('',#4717,#4740,#4742,.T.);
#4740 = VERTEX_POINT('',#4741);
#4741 = CARTESIAN_POINT('',(-52.,42.5,57.));
#4742 = SURFACE_CURVE('',#4743,(#4747,#4753),.PCURVE_S1.);
#4743 = LINE('',#4744,#4745);
#4744 = CARTESIAN_POINT('',(-104.125,42.5,57.));
#4745 = VECTOR('',#4746,1.);
#4746 = DIRECTION('',(1.,0.,-0.));
#4747 = PCURVE('',#3949,#4748);
#4748 = DEFINITIONAL_REPRESENTATION('',(#4749),#4752);
#4749 = B_SPLINE_CURVE_WITH_KNOTS('',1,(#4750,#4751),.UNSPECIFIED.,.F.,
  .F.,(2,2),(12.125,52.125),.PIECEWISE_BEZIER_KNOTS.);
#4750 = CARTESIAN_POINT('',(0.,1.));
#4751 = CARTESIAN_POINT('',(40.,1.));
#4752 = ( GEOMETRIC_REPRESENTATION_CONTEXT(2) 
PARAMETRIC_REPRESENTATION_CONTEXT() REPRESENTATION_CONTEXT('2D SPACE',''
  ) );
#4753 = PCURVE('',#4240,#4754);
#4754 = DEFINITIONAL_REPRESENTATION('',(#4755),#4758);
#4755 = B_SPLINE_CURVE_WITH_KNOTS('',1,(#4756,#4757),.UNSPECIFIED.,.F.,
  .F.,(2,2),(12.125,52.125),.PIECEWISE_BEZIER_KNOTS.);
#4756 = CARTESIAN_POINT('',(6.5,24.25));
#4757 = CARTESIAN_POINT('',(6.5,64.25));
#4758 = ( GEOMETRIC_REPRESENTATION_CONTEXT(2) 
PARAMETRIC_REPRESENTATION_CONTEXT() REPRESENTATION_CONTEXT('2D SPACE',''
  ) );
#4759 = ORIENTED_EDGE('',*,*,#4760,.T.);
#4760 = EDGE_CURVE('',#4740,#3935,#4761,.T.);
#4761 = SURFACE_CURVE('',#4762,(#4766,#4773),.PCURVE_S1.);
#4762 = LINE('',#4763,#4764);
#4763 = CARTESIAN_POINT('',(-52.,41.5,57.));
#4764 = VECTOR('',#4765,1.);
#4765 = DIRECTION('',(-0.,1.,0.));
#4766 = PCURVE('',#3949,#4767);
#4767 = DEFINITIONAL_REPRESENTATION('',(#4768),#4772);
#4768 = LINE('',#4769,#4770);
#4769 = CARTESIAN_POINT('',(40.,0.));
#4770 = VECTOR('',#4771,1.);
#4771 = DIRECTION('',(0.,1.));
#4772 = ( GEOMETRIC_REPRESENTATION_CONTEXT(2) 
PARAMETRIC_REPRESENTATION_CONTEXT() REPRESENTATION_CONTEXT('2D SPACE',''
  ) );
#4773 = PCURVE('',#4025,#4774);
#4774 = DEFINITIONAL_REPRESENTATION('',(#4775),#4779);
#4775 = LINE('',#4776,#4777);
#4776 = CARTESIAN_POINT('',(4.,0.));
#4777 = VECTOR('',#4778,1.);
#4778 = DIRECTION('',(0.,-1.));
#4779 = ( GEOMETRIC_REPRESENTATION_CONTEXT(2) 
PARAMETRIC_REPRESENTATION_CONTEXT() REPRESENTATION_CONTEXT('2D SPACE',''
  ) );
#4780 = ORIENTED_EDGE('',*,*,#3932,.F.);
#4781 = ADVANCED_FACE('',(#4782),#3975,.T.);
#4782 = FACE_BOUND('',#4783,.T.);
#4783 = EDGE_LOOP('',(#4784,#4785,#4806,#4827));
#4784 = ORIENTED_EDGE('',*,*,#4716,.F.);
#4785 = ORIENTED_EDGE('',*,*,#4786,.T.);
#4786 = EDGE_CURVE('',#4717,#4787,#4789,.T.);
#4787 = VERTEX_POINT('',#4788);
#4788 = CARTESIAN_POINT('',(-92.,42.5,53.));
#4789 = SURFACE_CURVE('',#4790,(#4794,#4800),.PCURVE_S1.);
#4790 = LINE('',#4791,#4792);
#4791 = CARTESIAN_POINT('',(-92.,42.5,51.75));
#4792 = VECTOR('',#4793,1.);
#4793 = DIRECTION('',(-0.,0.,-1.));
#4794 = PCURVE('',#3975,#4795);
#4795 = DEFINITIONAL_REPRESENTATION('',(#4796),#4799);
#4796 = B_SPLINE_CURVE_WITH_KNOTS('',1,(#4797,#4798),.UNSPECIFIED.,.F.,
  .F.,(2,2),(-5.25,-1.25),.PIECEWISE_BEZIER_KNOTS.);
#4797 = CARTESIAN_POINT('',(4.,-1.));
#4798 = CARTESIAN_POINT('',(0.,-1.));
#4799 = ( GEOMETRIC_REPRESENTATION_CONTEXT(2) 
PARAMETRIC_REPRESENTATION_CONTEXT() REPRESENTATION_CONTEXT('2D SPACE',''
  ) );
#4800 = PCURVE('',#4240,#4801);
#4801 = DEFINITIONAL_REPRESENTATION('',(#4802),#4805);
#4802 = B_SPLINE_CURVE_WITH_KNOTS('',1,(#4803,#4804),.UNSPECIFIED.,.F.,
  .F.,(2,2),(-5.25,-1.25),.PIECEWISE_BEZIER_KNOTS.);
#4803 = CARTESIAN_POINT('',(6.5,24.25));
#4804 = CARTESIAN_POINT('',(2.5,24.25));
#4805 = ( GEOMETRIC_REPRESENTATION_CONTEXT(2) 
PARAMETRIC_REPRESENTATION_CONTEXT() REPRESENTATION_CONTEXT('2D SPACE',''
  ) );
#4806 = ORIENTED_EDGE('',*,*,#4807,.T.);
#4807 = EDGE_CURVE('',#4787,#3961,#4808,.T.);
#4808 = SURFACE_CURVE('',#4809,(#4813,#4820),.PCURVE_S1.);
#4809 = LINE('',#4810,#4811);
#4810 = CARTESIAN_POINT('',(-92.,41.5,53.));
#4811 = VECTOR('',#4812,1.);
#4812 = DIRECTION('',(-0.,1.,0.));
#4813 = PCURVE('',#3975,#4814);
#4814 = DEFINITIONAL_REPRESENTATION('',(#4815),#4819);
#4815 = LINE('',#4816,#4817);
#4816 = CARTESIAN_POINT('',(0.,0.));
#4817 = VECTOR('',#4818,1.);
#4818 = DIRECTION('',(0.,-1.));
#4819 = ( GEOMETRIC_REPRESENTATION_CONTEXT(2) 
PARAMETRIC_REPRESENTATION_CONTEXT() REPRESENTATION_CONTEXT('2D SPACE',''
  ) );
#4820 = PCURVE('',#4001,#4821);
#4821 = DEFINITIONAL_REPRESENTATION('',(#4822),#4826);
#4822 = LINE('',#4823,#4824);
#4823 = CARTESIAN_POINT('',(0.,0.));
#4824 = VECTOR('',#4825,1.);
#4825 = DIRECTION('',(0.,1.));
#4826 = ( GEOMETRIC_REPRESENTATION_CONTEXT(2) 
PARAMETRIC_REPRESENTATION_CONTEXT() REPRESENTATION_CONTEXT('2D SPACE',''
  ) );
#4827 = ORIENTED_EDGE('',*,*,#3960,.F.);
#4828 = ADVANCED_FACE('',(#4829),#4025,.F.);
#4829 = FACE_BOUND('',#4830,.F.);
#4830 = EDGE_LOOP('',(#4831,#4832,#4853,#4874));
#4831 = ORIENTED_EDGE('',*,*,#4760,.F.);
#4832 = ORIENTED_EDGE('',*,*,#4833,.T.);
#4833 = EDGE_CURVE('',#4740,#4834,#4836,.T.);
#4834 = VERTEX_POINT('',#4835);
#4835 = CARTESIAN_POINT('',(-52.,42.5,53.));
#4836 = SURFACE_CURVE('',#4837,(#4841,#4847),.PCURVE_S1.);
#4837 = LINE('',#4838,#4839);
#4838 = CARTESIAN_POINT('',(-52.,42.5,51.75));
#4839 = VECTOR('',#4840,1.);
#4840 = DIRECTION('',(-0.,0.,-1.));
#4841 = PCURVE('',#4025,#4842);
#4842 = DEFINITIONAL_REPRESENTATION('',(#4843),#4846);
#4843 = B_SPLINE_CURVE_WITH_KNOTS('',1,(#4844,#4845),.UNSPECIFIED.,.F.,
  .F.,(2,2),(-5.25,-1.25),.PIECEWISE_BEZIER_KNOTS.);
#4844 = CARTESIAN_POINT('',(4.,-1.));
#4845 = CARTESIAN_POINT('',(0.,-1.));
#4846 = ( GEOMETRIC_REPRESENTATION_CONTEXT(2) 
PARAMETRIC_REPRESENTATION_CONTEXT() REPRESENTATION_CONTEXT('2D SPACE',''
  ) );
#4847 = PCURVE('',#4240,#4848);
#4848 = DEFINITIONAL_REPRESENTATION('',(#4849),#4852);
#4849 = B_SPLINE_CURVE_WITH_KNOTS('',1,(#4850,#4851),.UNSPECIFIED.,.F.,
  .F.,(2,2),(-5.25,-1.25),.PIECEWISE_BEZIER_KNOTS.);
#4850 = CARTESIAN_POINT('',(6.5,64.25));
#4851 = CARTESIAN_POINT('',(2.5,64.25));
#4852 = ( GEOMETRIC_REPRESENTATION_CONTEXT(2) 
PARAMETRIC_REPRESENTATION_CONTEXT() REPRESENTATION_CONTEXT('2D SPACE',''
  ) );
#4853 = ORIENTED_EDGE('',*,*,#4854,.T.);
#4854 = EDGE_CURVE('',#4834,#3987,#4855,.T.);
#4855 = SURFACE_CURVE('',#4856,(#4860,#4867),.PCURVE_S1.);
#4856 = LINE('',#4857,#4858);
#4857 = CARTESIAN_POINT('',(-52.,41.5,53.));
#4858 = VECTOR('',#4859,1.);
#4859 = DIRECTION('',(-0.,1.,0.));
#4860 = PCURVE('',#4025,#4861);
#4861 = DEFINITIONAL_REPRESENTATION('',(#4862),#4866);
#4862 = LINE('',#4863,#4864);
#4863 = CARTESIAN_POINT('',(0.,0.));
#4864 = VECTOR('',#4865,1.);
#4865 = DIRECTION('',(0.,-1.));
#4866 = ( GEOMETRIC_REPRESENTATION_CONTEXT(2) 
PARAMETRIC_REPRESENTATION_CONTEXT() REPRESENTATION_CONTEXT('2D SPACE',''
  ) );
#4867 = PCURVE('',#4001,#4868);
#4868 = DEFINITIONAL_REPRESENTATION('',(#4869),#4873);
#4869 = LINE('',#4870,#4871);
#4870 = CARTESIAN_POINT('',(40.,0.));
#4871 = VECTOR('',#4872,1.);
#4872 = DIRECTION('',(0.,1.));
#4873 = ( GEOMETRIC_REPRESENTATION_CONTEXT(2) 
PARAMETRIC_REPRESENTATION_CONTEXT() REPRESENTATION_CONTEXT('2D SPACE',''
  ) );
#4874 = ORIENTED_EDGE('',*,*,#4012,.F.);
#4875 = ADVANCED_FACE('',(#4876),#4001,.T.);
#4876 = FACE_BOUND('',#4877,.T.);
#4877 = EDGE_LOOP('',(#4878,#4879,#4898,#4899));
#4878 = ORIENTED_EDGE('',*,*,#4807,.F.);
#4879 = ORIENTED_EDGE('',*,*,#4880,.T.);
#4880 = EDGE_CURVE('',#4787,#4834,#4881,.T.);
#4881 = SURFACE_CURVE('',#4882,(#4886,#4892),.PCURVE_S1.);
#4882 = LINE('',#4883,#4884);
#4883 = CARTESIAN_POINT('',(-104.125,42.5,53.));
#4884 = VECTOR('',#4885,1.);
#4885 = DIRECTION('',(1.,0.,-0.));
#4886 = PCURVE('',#4001,#4887);
#4887 = DEFINITIONAL_REPRESENTATION('',(#4888),#4891);
#4888 = B_SPLINE_CURVE_WITH_KNOTS('',1,(#4889,#4890),.UNSPECIFIED.,.F.,
  .F.,(2,2),(12.125,52.125),.PIECEWISE_BEZIER_KNOTS.);
#4889 = CARTESIAN_POINT('',(0.,1.));
#4890 = CARTESIAN_POINT('',(40.,1.));
#4891 = ( GEOMETRIC_REPRESENTATION_CONTEXT(2) 
PARAMETRIC_REPRESENTATION_CONTEXT() REPRESENTATION_CONTEXT('2D SPACE',''
  ) );
#4892 = PCURVE('',#4240,#4893);
#4893 = DEFINITIONAL_REPRESENTATION('',(#4894),#4897);
#4894 = B_SPLINE_CURVE_WITH_KNOTS('',1,(#4895,#4896),.UNSPECIFIED.,.F.,
  .F.,(2,2),(12.125,52.125),.PIECEWISE_BEZIER_KNOTS.);
#4895 = CARTESIAN_POINT('',(2.5,24.25));
#4896 = CARTESIAN_POINT('',(2.5,64.25));
#4897 = ( GEOMETRIC_REPRESENTATION_CONTEXT(2) 
PARAMETRIC_REPRESENTATION_CONTEXT() REPRESENTATION_CONTEXT('2D SPACE',''
  ) );
#4898 = ORIENTED_EDGE('',*,*,#4854,.T.);
#4899 = ORIENTED_EDGE('',*,*,#3986,.F.);
#4900 = ADVANCED_FACE('',(#4901),#4055,.F.);
#4901 = FACE_BOUND('',#4902,.F.);
#4902 = EDGE_LOOP('',(#4903,#4926,#4947,#4968));
#4903 = ORIENTED_EDGE('',*,*,#4904,.F.);
#4904 = EDGE_CURVE('',#4905,#4039,#4907,.T.);
#4905 = VERTEX_POINT('',#4906);
#4906 = CARTESIAN_POINT('',(-92.,42.5,62.));
#4907 = SURFACE_CURVE('',#4908,(#4912,#4919),.PCURVE_S1.);
#4908 = LINE('',#4909,#4910);
#4909 = CARTESIAN_POINT('',(-92.,41.5,62.));
#4910 = VECTOR('',#4911,1.);
#4911 = DIRECTION('',(-0.,1.,0.));
#4912 = PCURVE('',#4055,#4913);
#4913 = DEFINITIONAL_REPRESENTATION('',(#4914),#4918);
#4914 = LINE('',#4915,#4916);
#4915 = CARTESIAN_POINT('',(0.,0.));
#4916 = VECTOR('',#4917,1.);
#4917 = DIRECTION('',(0.,1.));
#4918 = ( GEOMETRIC_REPRESENTATION_CONTEXT(2) 
PARAMETRIC_REPRESENTATION_CONTEXT() REPRESENTATION_CONTEXT('2D SPACE',''
  ) );
#4919 = PCURVE('',#4081,#4920);
#4920 = DEFINITIONAL_REPRESENTATION('',(#4921),#4925);
#4921 = LINE('',#4922,#4923);
#4922 = CARTESIAN_POINT('',(4.,0.));
#4923 = VECTOR('',#4924,1.);
#4924 = DIRECTION('',(0.,-1.));
#4925 = ( GEOMETRIC_REPRESENTATION_CONTEXT(2) 
PARAMETRIC_REPRESENTATION_CONTEXT() REPRESENTATION_CONTEXT('2D SPACE',''
  ) );
#4926 = ORIENTED_EDGE('',*,*,#4927,.T.);
#4927 = EDGE_CURVE('',#4905,#4928,#4930,.T.);
#4928 = VERTEX_POINT('',#4929);
#4929 = CARTESIAN_POINT('',(-52.,42.5,62.));
#4930 = SURFACE_CURVE('',#4931,(#4935,#4941),.PCURVE_S1.);
#4931 = LINE('',#4932,#4933);
#4932 = CARTESIAN_POINT('',(-104.125,42.5,62.));
#4933 = VECTOR('',#4934,1.);
#4934 = DIRECTION('',(1.,0.,-0.));
#4935 = PCURVE('',#4055,#4936);
#4936 = DEFINITIONAL_REPRESENTATION('',(#4937),#4940);
#4937 = B_SPLINE_CURVE_WITH_KNOTS('',1,(#4938,#4939),.UNSPECIFIED.,.F.,
  .F.,(2,2),(12.125,52.125),.PIECEWISE_BEZIER_KNOTS.);
#4938 = CARTESIAN_POINT('',(0.,1.));
#4939 = CARTESIAN_POINT('',(40.,1.));
#4940 = ( GEOMETRIC_REPRESENTATION_CONTEXT(2) 
PARAMETRIC_REPRESENTATION_CONTEXT() REPRESENTATION_CONTEXT('2D SPACE',''
  ) );
#4941 = PCURVE('',#4240,#4942);
#4942 = DEFINITIONAL_REPRESENTATION('',(#4943),#4946);
#4943 = B_SPLINE_CURVE_WITH_KNOTS('',1,(#4944,#4945),.UNSPECIFIED.,.F.,
  .F.,(2,2),(12.125,52.125),.PIECEWISE_BEZIER_KNOTS.);
#4944 = CARTESIAN_POINT('',(11.5,24.25));
#4945 = CARTESIAN_POINT('',(11.5,64.25));
#4946 = ( GEOMETRIC_REPRESENTATION_CONTEXT(2) 
PARAMETRIC_REPRESENTATION_CONTEXT() REPRESENTATION_CONTEXT('2D SPACE',''
  ) );
#4947 = ORIENTED_EDGE('',*,*,#4948,.T.);
#4948 = EDGE_CURVE('',#4928,#4041,#4949,.T.);
#4949 = SURFACE_CURVE('',#4950,(#4954,#4961),.PCURVE_S1.);
#4950 = LINE('',#4951,#4952);
#4951 = CARTESIAN_POINT('',(-52.,41.5,62.));
#4952 = VECTOR('',#4953,1.);
#4953 = DIRECTION('',(-0.,1.,0.));
#4954 = PCURVE('',#4055,#4955);
#4955 = DEFINITIONAL_REPRESENTATION('',(#4956),#4960);
#4956 = LINE('',#4957,#4958);
#4957 = CARTESIAN_POINT('',(40.,0.));
#4958 = VECTOR('',#4959,1.);
#4959 = DIRECTION('',(0.,1.));
#4960 = ( GEOMETRIC_REPRESENTATION_CONTEXT(2) 
PARAMETRIC_REPRESENTATION_CONTEXT() REPRESENTATION_CONTEXT('2D SPACE',''
  ) );
#4961 = PCURVE('',#4131,#4962);
#4962 = DEFINITIONAL_REPRESENTATION('',(#4963),#4967);
#4963 = LINE('',#4964,#4965);
#4964 = CARTESIAN_POINT('',(4.,0.));
#4965 = VECTOR('',#4966,1.);
#4966 = DIRECTION('',(0.,-1.));
#4967 = ( GEOMETRIC_REPRESENTATION_CONTEXT(2) 
PARAMETRIC_REPRESENTATION_CONTEXT() REPRESENTATION_CONTEXT('2D SPACE',''
  ) );
#4968 = ORIENTED_EDGE('',*,*,#4038,.F.);
#4969 = ADVANCED_FACE('',(#4970),#4131,.F.);
#4970 = FACE_BOUND('',#4971,.F.);
#4971 = EDGE_LOOP('',(#4972,#4973,#4994,#5015));
#4972 = ORIENTED_EDGE('',*,*,#4948,.F.);
#4973 = ORIENTED_EDGE('',*,*,#4974,.T.);
#4974 = EDGE_CURVE('',#4928,#4975,#4977,.T.);
#4975 = VERTEX_POINT('',#4976);
#4976 = CARTESIAN_POINT('',(-52.,42.5,58.));
#4977 = SURFACE_CURVE('',#4978,(#4982,#4988),.PCURVE_S1.);
#4978 = LINE('',#4979,#4980);
#4979 = CARTESIAN_POINT('',(-52.,42.5,54.25));
#4980 = VECTOR('',#4981,1.);
#4981 = DIRECTION('',(-0.,0.,-1.));
#4982 = PCURVE('',#4131,#4983);
#4983 = DEFINITIONAL_REPRESENTATION('',(#4984),#4987);
#4984 = B_SPLINE_CURVE_WITH_KNOTS('',1,(#4985,#4986),.UNSPECIFIED.,.F.,
  .F.,(2,2),(-7.75,-3.75),.PIECEWISE_BEZIER_KNOTS.);
#4985 = CARTESIAN_POINT('',(4.,-1.));
#4986 = CARTESIAN_POINT('',(0.,-1.));
#4987 = ( GEOMETRIC_REPRESENTATION_CONTEXT(2) 
PARAMETRIC_REPRESENTATION_CONTEXT() REPRESENTATION_CONTEXT('2D SPACE',''
  ) );
#4988 = PCURVE('',#4240,#4989);
#4989 = DEFINITIONAL_REPRESENTATION('',(#4990),#4993);
#4990 = B_SPLINE_CURVE_WITH_KNOTS('',1,(#4991,#4992),.UNSPECIFIED.,.F.,
  .F.,(2,2),(-7.75,-3.75),.PIECEWISE_BEZIER_KNOTS.);
#4991 = CARTESIAN_POINT('',(11.5,64.25));
#4992 = CARTESIAN_POINT('',(7.5,64.25));
#4993 = ( GEOMETRIC_REPRESENTATION_CONTEXT(2) 
PARAMETRIC_REPRESENTATION_CONTEXT() REPRESENTATION_CONTEXT('2D SPACE',''
  ) );
#4994 = ORIENTED_EDGE('',*,*,#4995,.T.);
#4995 = EDGE_CURVE('',#4975,#4093,#4996,.T.);
#4996 = SURFACE_CURVE('',#4997,(#5001,#5008),.PCURVE_S1.);
#4997 = LINE('',#4998,#4999);
#4998 = CARTESIAN_POINT('',(-52.,41.5,58.));
#4999 = VECTOR('',#5000,1.);
#5000 = DIRECTION('',(-0.,1.,0.));
#5001 = PCURVE('',#4131,#5002);
#5002 = DEFINITIONAL_REPRESENTATION('',(#5003),#5007);
#5003 = LINE('',#5004,#5005);
#5004 = CARTESIAN_POINT('',(0.,0.));
#5005 = VECTOR('',#5006,1.);
#5006 = DIRECTION('',(0.,-1.));
#5007 = ( GEOMETRIC_REPRESENTATION_CONTEXT(2) 
PARAMETRIC_REPRESENTATION_CONTEXT() REPRESENTATION_CONTEXT('2D SPACE',''
  ) );
#5008 = PCURVE('',#4107,#5009);
#5009 = DEFINITIONAL_REPRESENTATION('',(#5010),#5014);
#5010 = LINE('',#5011,#5012);
#5011 = CARTESIAN_POINT('',(40.,0.));
#5012 = VECTOR('',#5013,1.);
#5013 = DIRECTION('',(0.,1.));
#5014 = ( GEOMETRIC_REPRESENTATION_CONTEXT(2) 
PARAMETRIC_REPRESENTATION_CONTEXT() REPRESENTATION_CONTEXT('2D SPACE',''
  ) );
#5015 = ORIENTED_EDGE('',*,*,#4118,.F.);
#5016 = ADVANCED_FACE('',(#5017),#4107,.T.);
#5017 = FACE_BOUND('',#5018,.T.);
#5018 = EDGE_LOOP('',(#5019,#5042,#5061,#5062));
#5019 = ORIENTED_EDGE('',*,*,#5020,.F.);
#5020 = EDGE_CURVE('',#5021,#4067,#5023,.T.);
#5021 = VERTEX_POINT('',#5022);
#5022 = CARTESIAN_POINT('',(-92.,42.5,58.));
#5023 = SURFACE_CURVE('',#5024,(#5028,#5035),.PCURVE_S1.);
#5024 = LINE('',#5025,#5026);
#5025 = CARTESIAN_POINT('',(-92.,41.5,58.));
#5026 = VECTOR('',#5027,1.);
#5027 = DIRECTION('',(-0.,1.,0.));
#5028 = PCURVE('',#4107,#5029);
#5029 = DEFINITIONAL_REPRESENTATION('',(#5030),#5034);
#5030 = LINE('',#5031,#5032);
#5031 = CARTESIAN_POINT('',(0.,0.));
#5032 = VECTOR('',#5033,1.);
#5033 = DIRECTION('',(0.,1.));
#5034 = ( GEOMETRIC_REPRESENTATION_CONTEXT(2) 
PARAMETRIC_REPRESENTATION_CONTEXT() REPRESENTATION_CONTEXT('2D SPACE',''
  ) );
#5035 = PCURVE('',#4081,#5036);
#5036 = DEFINITIONAL_REPRESENTATION('',(#5037),#5041);
#5037 = LINE('',#5038,#5039);
#5038 = CARTESIAN_POINT('',(0.,0.));
#5039 = VECTOR('',#5040,1.);
#5040 = DIRECTION('',(0.,-1.));
#5041 = ( GEOMETRIC_REPRESENTATION_CONTEXT(2) 
PARAMETRIC_REPRESENTATION_CONTEXT() REPRESENTATION_CONTEXT('2D SPACE',''
  ) );
#5042 = ORIENTED_EDGE('',*,*,#5043,.T.);
#5043 = EDGE_CURVE('',#5021,#4975,#5044,.T.);
#5044 = SURFACE_CURVE('',#5045,(#5049,#5055),.PCURVE_S1.);
#5045 = LINE('',#5046,#5047);
#5046 = CARTESIAN_POINT('',(-104.125,42.5,58.));
#5047 = VECTOR('',#5048,1.);
#5048 = DIRECTION('',(1.,0.,-0.));
#5049 = PCURVE('',#4107,#5050);
#5050 = DEFINITIONAL_REPRESENTATION('',(#5051),#5054);
#5051 = B_SPLINE_CURVE_WITH_KNOTS('',1,(#5052,#5053),.UNSPECIFIED.,.F.,
  .F.,(2,2),(12.125,52.125),.PIECEWISE_BEZIER_KNOTS.);
#5052 = CARTESIAN_POINT('',(0.,1.));
#5053 = CARTESIAN_POINT('',(40.,1.));
#5054 = ( GEOMETRIC_REPRESENTATION_CONTEXT(2) 
PARAMETRIC_REPRESENTATION_CONTEXT() REPRESENTATION_CONTEXT('2D SPACE',''
  ) );
#5055 = PCURVE('',#4240,#5056);
#5056 = DEFINITIONAL_REPRESENTATION('',(#5057),#5060);
#5057 = B_SPLINE_CURVE_WITH_KNOTS('',1,(#5058,#5059),.UNSPECIFIED.,.F.,
  .F.,(2,2),(12.125,52.125),.PIECEWISE_BEZIER_KNOTS.);
#5058 = CARTESIAN_POINT('',(7.5,24.25));
#5059 = CARTESIAN_POINT('',(7.5,64.25));
#5060 = ( GEOMETRIC_REPRESENTATION_CONTEXT(2) 
PARAMETRIC_REPRESENTATION_CONTEXT() REPRESENTATION_CONTEXT('2D SPACE',''
  ) );
#5061 = ORIENTED_EDGE('',*,*,#4995,.T.);
#5062 = ORIENTED_EDGE('',*,*,#4092,.F.);
#5063 = ADVANCED_FACE('',(#5064),#4081,.T.);
#5064 = FACE_BOUND('',#5065,.T.);
#5065 = EDGE_LOOP('',(#5066,#5067,#5086,#5087));
#5066 = ORIENTED_EDGE('',*,*,#4904,.F.);
#5067 = ORIENTED_EDGE('',*,*,#5068,.T.);
#5068 = EDGE_CURVE('',#4905,#5021,#5069,.T.);
#5069 = SURFACE_CURVE('',#5070,(#5074,#5080),.PCURVE_S1.);
#5070 = LINE('',#5071,#5072);
#5071 = CARTESIAN_POINT('',(-92.,42.5,54.25));
#5072 = VECTOR('',#5073,1.);
#5073 = DIRECTION('',(-0.,0.,-1.));
#5074 = PCURVE('',#4081,#5075);
#5075 = DEFINITIONAL_REPRESENTATION('',(#5076),#5079);
#5076 = B_SPLINE_CURVE_WITH_KNOTS('',1,(#5077,#5078),.UNSPECIFIED.,.F.,
  .F.,(2,2),(-7.75,-3.75),.PIECEWISE_BEZIER_KNOTS.);
#5077 = CARTESIAN_POINT('',(4.,-1.));
#5078 = CARTESIAN_POINT('',(0.,-1.));
#5079 = ( GEOMETRIC_REPRESENTATION_CONTEXT(2) 
PARAMETRIC_REPRESENTATION_CONTEXT() REPRESENTATION_CONTEXT('2D SPACE',''
  ) );
#5080 = PCURVE('',#4240,#5081);
#5081 = DEFINITIONAL_REPRESENTATION('',(#5082),#5085);
#5082 = B_SPLINE_CURVE_WITH_KNOTS('',1,(#5083,#5084),.UNSPECIFIED.,.F.,
  .F.,(2,2),(-7.75,-3.75),.PIECEWISE_BEZIER_KNOTS.);
#5083 = CARTESIAN_POINT('',(11.5,24.25));
#5084 = CARTESIAN_POINT('',(7.5,24.25));
#5085 = ( GEOMETRIC_REPRESENTATION_CONTEXT(2) 
PARAMETRIC_REPRESENTATION_CONTEXT() REPRESENTATION_CONTEXT('2D SPACE',''
  ) );
#5086 = ORIENTED_EDGE('',*,*,#5020,.T.);
#5087 = ORIENTED_EDGE('',*,*,#4066,.F.);
#5088 = ADVANCED_FACE('',(#5089,#5159,#5165),#4188,.T.);
#5089 = FACE_BOUND('',#5090,.T.);
#5090 = EDGE_LOOP('',(#5091,#5114,#5115,#5138));
#5091 = ORIENTED_EDGE('',*,*,#5092,.F.);
#5092 = EDGE_CURVE('',#4172,#5093,#5095,.T.);
#5093 = VERTEX_POINT('',#5094);
#5094 = CARTESIAN_POINT('',(36.25,-42.5,65.));
#5095 = SURFACE_CURVE('',#5096,(#5100,#5107),.PCURVE_S1.);
#5096 = LINE('',#5097,#5098);
#5097 = CARTESIAN_POINT('',(36.25,-42.5,50.5));
#5098 = VECTOR('',#5099,1.);
#5099 = DIRECTION('',(0.,0.,1.));
#5100 = PCURVE('',#4188,#5101);
#5101 = DEFINITIONAL_REPRESENTATION('',(#5102),#5106);
#5102 = LINE('',#5103,#5104);
#5103 = CARTESIAN_POINT('',(0.,152.5));
#5104 = VECTOR('',#5105,1.);
#5105 = DIRECTION('',(1.,0.));
#5106 = ( GEOMETRIC_REPRESENTATION_CONTEXT(2) 
PARAMETRIC_REPRESENTATION_CONTEXT() REPRESENTATION_CONTEXT('2D SPACE',''
  ) );
#5107 = PCURVE('',#4264,#5108);
#5108 = DEFINITIONAL_REPRESENTATION('',(#5109),#5113);
#5109 = LINE('',#5110,#5111);
#5110 = CARTESIAN_POINT('',(0.,0.));
#5111 = VECTOR('',#5112,1.);
#5112 = DIRECTION('',(1.,0.));
#5113 = ( GEOMETRIC_REPRESENTATION_CONTEXT(2) 
PARAMETRIC_REPRESENTATION_CONTEXT() REPRESENTATION_CONTEXT('2D SPACE',''
  ) );
#5114 = ORIENTED_EDGE('',*,*,#4171,.T.);
#5115 = ORIENTED_EDGE('',*,*,#5116,.T.);
#5116 = EDGE_CURVE('',#4174,#5117,#5119,.T.);
#5117 = VERTEX_POINT('',#5118);
#5118 = CARTESIAN_POINT('',(-116.25,-42.5,65.));
#5119 = SURFACE_CURVE('',#5120,(#5124,#5131),.PCURVE_S1.);
#5120 = LINE('',#5121,#5122);
#5121 = CARTESIAN_POINT('',(-116.25,-42.5,50.5));
#5122 = VECTOR('',#5123,1.);
#5123 = DIRECTION('',(0.,0.,1.));
#5124 = PCURVE('',#4188,#5125);
#5125 = DEFINITIONAL_REPRESENTATION('',(#5126),#5130);
#5126 = LINE('',#5127,#5128);
#5127 = CARTESIAN_POINT('',(0.,0.));
#5128 = VECTOR('',#5129,1.);
#5129 = DIRECTION('',(1.,0.));
#5130 = ( GEOMETRIC_REPRESENTATION_CONTEXT(2) 
PARAMETRIC_REPRESENTATION_CONTEXT() REPRESENTATION_CONTEXT('2D SPACE',''
  ) );
#5131 = PCURVE('',#4214,#5132);
#5132 = DEFINITIONAL_REPRESENTATION('',(#5133),#5137);
#5133 = LINE('',#5134,#5135);
#5134 = CARTESIAN_POINT('',(0.,0.));
#5135 = VECTOR('',#5136,1.);
#5136 = DIRECTION('',(1.,0.));
#5137 = ( GEOMETRIC_REPRESENTATION_CONTEXT(2) 
PARAMETRIC_REPRESENTATION_CONTEXT() REPRESENTATION_CONTEXT('2D SPACE',''
  ) );
#5138 = ORIENTED_EDGE('',*,*,#5139,.T.);
#5139 = EDGE_CURVE('',#5117,#5093,#5140,.T.);
#5140 = SURFACE_CURVE('',#5141,(#5145,#5152),.PCURVE_S1.);
#5141 = LINE('',#5142,#5143);
#5142 = CARTESIAN_POINT('',(-116.25,-42.5,65.));
#5143 = VECTOR('',#5144,1.);
#5144 = DIRECTION('',(1.,0.,-0.));
#5145 = PCURVE('',#4188,#5146);
#5146 = DEFINITIONAL_REPRESENTATION('',(#5147),#5151);
#5147 = LINE('',#5148,#5149);
#5148 = CARTESIAN_POINT('',(14.5,0.));
#5149 = VECTOR('',#5150,1.);
#5150 = DIRECTION('',(0.,1.));
#5151 = ( GEOMETRIC_REPRESENTATION_CONTEXT(2) 
PARAMETRIC_REPRESENTATION_CONTEXT() REPRESENTATION_CONTEXT('2D SPACE',''
  ) );
#5152 = PCURVE('',#4700,#5153);
#5153 = DEFINITIONAL_REPRESENTATION('',(#5154),#5158);
#5154 = LINE('',#5155,#5156);
#5155 = CARTESIAN_POINT('',(0.,0.));
#5156 = VECTOR('',#5157,1.);
#5157 = DIRECTION('',(1.,0.));
#5158 = ( GEOMETRIC_REPRESENTATION_CONTEXT(2) 
PARAMETRIC_REPRESENTATION_CONTEXT() REPRESENTATION_CONTEXT('2D SPACE',''
  ) );
#5159 = FACE_BOUND('',#5160,.T.);
#5160 = EDGE_LOOP('',(#5161,#5162,#5163,#5164));
#5161 = ORIENTED_EDGE('',*,*,#4332,.F.);
#5162 = ORIENTED_EDGE('',*,*,#4379,.T.);
#5163 = ORIENTED_EDGE('',*,*,#4451,.T.);
#5164 = ORIENTED_EDGE('',*,*,#4426,.F.);
#5165 = FACE_BOUND('',#5166,.T.);
#5166 = EDGE_LOOP('',(#5167,#5168,#5169,#5170));
#5167 = ORIENTED_EDGE('',*,*,#4520,.F.);
#5168 = ORIENTED_EDGE('',*,*,#4639,.T.);
#5169 = ORIENTED_EDGE('',*,*,#4614,.T.);
#5170 = ORIENTED_EDGE('',*,*,#4567,.F.);
#5171 = ADVANCED_FACE('',(#5172),#4264,.F.);
#5172 = FACE_BOUND('',#5173,.F.);
#5173 = EDGE_LOOP('',(#5174,#5175,#5176,#5199));
#5174 = ORIENTED_EDGE('',*,*,#5092,.F.);
#5175 = ORIENTED_EDGE('',*,*,#4251,.T.);
#5176 = ORIENTED_EDGE('',*,*,#5177,.T.);
#5177 = EDGE_CURVE('',#4226,#5178,#5180,.T.);
#5178 = VERTEX_POINT('',#5179);
#5179 = CARTESIAN_POINT('',(36.25,42.5,65.));
#5180 = SURFACE_CURVE('',#5181,(#5185,#5192),.PCURVE_S1.);
#5181 = LINE('',#5182,#5183);
#5182 = CARTESIAN_POINT('',(36.25,42.5,50.5));
#5183 = VECTOR('',#5184,1.);
#5184 = DIRECTION('',(0.,0.,1.));
#5185 = PCURVE('',#4264,#5186);
#5186 = DEFINITIONAL_REPRESENTATION('',(#5187),#5191);
#5187 = LINE('',#5188,#5189);
#5188 = CARTESIAN_POINT('',(0.,-85.));
#5189 = VECTOR('',#5190,1.);
#5190 = DIRECTION('',(1.,0.));
#5191 = ( GEOMETRIC_REPRESENTATION_CONTEXT(2) 
PARAMETRIC_REPRESENTATION_CONTEXT() REPRESENTATION_CONTEXT('2D SPACE',''
  ) );
#5192 = PCURVE('',#4240,#5193);
#5193 = DEFINITIONAL_REPRESENTATION('',(#5194),#5198);
#5194 = LINE('',#5195,#5196);
#5195 = CARTESIAN_POINT('',(0.,152.5));
#5196 = VECTOR('',#5197,1.);
#5197 = DIRECTION('',(1.,0.));
#5198 = ( GEOMETRIC_REPRESENTATION_CONTEXT(2) 
PARAMETRIC_REPRESENTATION_CONTEXT() REPRESENTATION_CONTEXT('2D SPACE',''
  ) );
#5199 = ORIENTED_EDGE('',*,*,#5200,.F.);
#5200 = EDGE_CURVE('',#5093,#5178,#5201,.T.);
#5201 = SURFACE_CURVE('',#5202,(#5206,#5213),.PCURVE_S1.);
#5202 = LINE('',#5203,#5204);
#5203 = CARTESIAN_POINT('',(36.25,-42.5,65.));
#5204 = VECTOR('',#5205,1.);
#5205 = DIRECTION('',(-0.,1.,0.));
#5206 = PCURVE('',#4264,#5207);
#5207 = DEFINITIONAL_REPRESENTATION('',(#5208),#5212);
#5208 = LINE('',#5209,#5210);
#5209 = CARTESIAN_POINT('',(14.5,0.));
#5210 = VECTOR('',#5211,1.);
#5211 = DIRECTION('',(0.,-1.));
#5212 = ( GEOMETRIC_REPRESENTATION_CONTEXT(2) 
PARAMETRIC_REPRESENTATION_CONTEXT() REPRESENTATION_CONTEXT('2D SPACE',''
  ) );
#5213 = PCURVE('',#4700,#5214);
#5214 = DEFINITIONAL_REPRESENTATION('',(#5215),#5219);
#5215 = LINE('',#5216,#5217);
#5216 = CARTESIAN_POINT('',(152.5,0.));
#5217 = VECTOR('',#5218,1.);
#5218 = DIRECTION('',(0.,1.));
#5219 = ( GEOMETRIC_REPRESENTATION_CONTEXT(2) 
PARAMETRIC_REPRESENTATION_CONTEXT() REPRESENTATION_CONTEXT('2D SPACE',''
  ) );
#5220 = ADVANCED_FACE('',(#5221,#5269,#5275),#4240,.F.);
#5221 = FACE_BOUND('',#5222,.F.);
#5222 = EDGE_LOOP('',(#5223,#5224,#5225,#5248));
#5223 = ORIENTED_EDGE('',*,*,#5177,.F.);
#5224 = ORIENTED_EDGE('',*,*,#4225,.T.);
#5225 = ORIENTED_EDGE('',*,*,#5226,.T.);
#5226 = EDGE_CURVE('',#4200,#5227,#5229,.T.);
#5227 = VERTEX_POINT('',#5228);
#5228 = CARTESIAN_POINT('',(-116.25,42.5,65.));
#5229 = SURFACE_CURVE('',#5230,(#5234,#5241),.PCURVE_S1.);
#5230 = LINE('',#5231,#5232);
#5231 = CARTESIAN_POINT('',(-116.25,42.5,50.5));
#5232 = VECTOR('',#5233,1.);
#5233 = DIRECTION('',(0.,0.,1.));
#5234 = PCURVE('',#4240,#5235);
#5235 = DEFINITIONAL_REPRESENTATION('',(#5236),#5240);
#5236 = LINE('',#5237,#5238);
#5237 = CARTESIAN_POINT('',(0.,0.));
#5238 = VECTOR('',#5239,1.);
#5239 = DIRECTION('',(1.,0.));
#5240 = ( GEOMETRIC_REPRESENTATION_CONTEXT(2) 
PARAMETRIC_REPRESENTATION_CONTEXT() REPRESENTATION_CONTEXT('2D SPACE',''
  ) );
#5241 = PCURVE('',#4214,#5242);
#5242 = DEFINITIONAL_REPRESENTATION('',(#5243),#5247);
#5243 = LINE('',#5244,#5245);
#5244 = CARTESIAN_POINT('',(0.,-85.));
#5245 = VECTOR('',#5246,1.);
#5246 = DIRECTION('',(1.,0.));
#5247 = ( GEOMETRIC_REPRESENTATION_CONTEXT(2) 
PARAMETRIC_REPRESENTATION_CONTEXT() REPRESENTATION_CONTEXT('2D SPACE',''
  ) );
#5248 = ORIENTED_EDGE('',*,*,#5249,.T.);
#5249 = EDGE_CURVE('',#5227,#5178,#5250,.T.);
#5250 = SURFACE_CURVE('',#5251,(#5255,#5262),.PCURVE_S1.);
#5251 = LINE('',#5252,#5253);
#5252 = CARTESIAN_POINT('',(-116.25,42.5,65.));
#5253 = VECTOR('',#5254,1.);
#5254 = DIRECTION('',(1.,0.,-0.));
#5255 = PCURVE('',#4240,#5256);
#5256 = DEFINITIONAL_REPRESENTATION('',(#5257),#5261);
#5257 = LINE('',#5258,#5259);
#5258 = CARTESIAN_POINT('',(14.5,0.));
#5259 = VECTOR('',#5260,1.);
#5260 = DIRECTION('',(0.,1.));
#5261 = ( GEOMETRIC_REPRESENTATION_CONTEXT(2) 
PARAMETRIC_REPRESENTATION_CONTEXT() REPRESENTATION_CONTEXT('2D SPACE',''
  ) );
#5262 = PCURVE('',#4700,#5263);
#5263 = DEFINITIONAL_REPRESENTATION('',(#5264),#5268);
#5264 = LINE('',#5265,#5266);
#5265 = CARTESIAN_POINT('',(0.,85.));
#5266 = VECTOR('',#5267,1.);
#5267 = DIRECTION('',(1.,0.));
#5268 = ( GEOMETRIC_REPRESENTATION_CONTEXT(2) 
PARAMETRIC_REPRESENTATION_CONTEXT() REPRESENTATION_CONTEXT('2D SPACE',''
  ) );
#5269 = FACE_BOUND('',#5270,.F.);
#5270 = EDGE_LOOP('',(#5271,#5272,#5273,#5274));
#5271 = ORIENTED_EDGE('',*,*,#4739,.F.);
#5272 = ORIENTED_EDGE('',*,*,#4786,.T.);
#5273 = ORIENTED_EDGE('',*,*,#4880,.T.);
#5274 = ORIENTED_EDGE('',*,*,#4833,.F.);
#5275 = FACE_BOUND('',#5276,.F.);
#5276 = EDGE_LOOP('',(#5277,#5278,#5279,#5280));
#5277 = ORIENTED_EDGE('',*,*,#4927,.F.);
#5278 = ORIENTED_EDGE('',*,*,#5068,.T.);
#5279 = ORIENTED_EDGE('',*,*,#5043,.T.);
#5280 = ORIENTED_EDGE('',*,*,#4974,.F.);
#5281 = ADVANCED_FACE('',(#5282),#4214,.T.);
#5282 = FACE_BOUND('',#5283,.T.);
#5283 = EDGE_LOOP('',(#5284,#5285,#5286,#5287));
#5284 = ORIENTED_EDGE('',*,*,#5116,.F.);
#5285 = ORIENTED_EDGE('',*,*,#4199,.T.);
#5286 = ORIENTED_EDGE('',*,*,#5226,.T.);
#5287 = ORIENTED_EDGE('',*,*,#5288,.F.);
#5288 = EDGE_CURVE('',#5117,#5227,#5289,.T.);
#5289 = SURFACE_CURVE('',#5290,(#5294,#5301),.PCURVE_S1.);
#5290 = LINE('',#5291,#5292);
#5291 = CARTESIAN_POINT('',(-116.25,-42.5,65.));
#5292 = VECTOR('',#5293,1.);
#5293 = DIRECTION('',(-0.,1.,0.));
#5294 = PCURVE('',#4214,#5295);
#5295 = DEFINITIONAL_REPRESENTATION('',(#5296),#5300);
#5296 = LINE('',#5297,#5298);
#5297 = CARTESIAN_POINT('',(14.5,0.));
#5298 = VECTOR('',#5299,1.);
#5299 = DIRECTION('',(0.,-1.));
#5300 = ( GEOMETRIC_REPRESENTATION_CONTEXT(2) 
PARAMETRIC_REPRESENTATION_CONTEXT() REPRESENTATION_CONTEXT('2D SPACE',''
  ) );
#5301 = PCURVE('',#4700,#5302);
#5302 = DEFINITIONAL_REPRESENTATION('',(#5303),#5307);
#5303 = LINE('',#5304,#5305);
#5304 = CARTESIAN_POINT('',(0.,0.));
#5305 = VECTOR('',#5306,1.);
#5306 = DIRECTION('',(0.,1.));
#5307 = ( GEOMETRIC_REPRESENTATION_CONTEXT(2) 
PARAMETRIC_REPRESENTATION_CONTEXT() REPRESENTATION_CONTEXT('2D SPACE',''
  ) );
#5308 = ADVANCED_FACE('',(#5309,#5315),#4700,.F.);
#5309 = FACE_BOUND('',#5310,.F.);
#5310 = EDGE_LOOP('',(#5311,#5312,#5313,#5314));
#5311 = ORIENTED_EDGE('',*,*,#5288,.F.);
#5312 = ORIENTED_EDGE('',*,*,#5139,.T.);
#5313 = ORIENTED_EDGE('',*,*,#5200,.T.);
#5314 = ORIENTED_EDGE('',*,*,#5249,.F.);
#5315 = FACE_BOUND('',#5316,.F.);
#5316 = EDGE_LOOP('',(#5317));
#5317 = ORIENTED_EDGE('',*,*,#4685,.F.);
#5318 = ( GEOMETRIC_REPRESENTATION_CONTEXT(3) 
GLOBAL_UNCERTAINTY_ASSIGNED_CONTEXT((#5322)) 
GLOBAL_UNIT_ASSIGNED_CONTEXT((#5319,#5320,#5321)) REPRESENTATION_CONTEXT
('Context #1','3D Context with UNIT and UNCERTAINTY') );
#5319 = ( LENGTH_UNIT() NAMED_UNIT(*) SI_UNIT(.MILLI.,.METRE.) );
#5320 = ( NAMED_UNIT(*) PLANE_ANGLE_UNIT() SI_UNIT($,.RADIAN.) );
#5321 = ( NAMED_UNIT(*) SI_UNIT($,.STERADIAN.) SOLID_ANGLE_UNIT() );
#5322 = UNCERTAINTY_MEASURE_WITH_UNIT(LENGTH_MEASURE(1.E-07),#5319,
  'distance_accuracy_value','confusion accuracy');
#5323 = CONTEXT_DEPENDENT_SHAPE_REPRESENTATION(#5324,#5326);
#5324 = ( REPRESENTATION_RELATIONSHIP('','',#3389,#10) 
REPRESENTATION_RELATIONSHIP_WITH_TRANSFORMATION(#5325) 
SHAPE_REPRESENTATION_RELATIONSHIP() );
#5325 = ITEM_DEFINED_TRANSFORMATION('','',#11,#19);
#5326 = PRODUCT_DEFINITION_SHAPE('Placement','Placement of an item',
  #5327);
#5327 = NEXT_ASSEMBLY_USAGE_OCCURRENCE('24','=>[0:1:1:3]','',#5,#3384,$
  );
#5328 = PRODUCT_RELATED_PRODUCT_CATEGORY('part',$,(#3386));
#5329 = SHAPE_DEFINITION_REPRESENTATION(#5330,#5336);
#5330 = PRODUCT_DEFINITION_SHAPE('','',#5331);
#5331 = PRODUCT_DEFINITION('design','',#5332,#5335);
#5332 = PRODUCT_DEFINITION_FORMATION('','',#5333);
#5333 = PRODUCT('COMPOUND','COMPOUND','',(#5334));
#5334 = PRODUCT_CONTEXT('',#2,'mechanical');
#5335 = PRODUCT_DEFINITION_CONTEXT('part definition',#2,'design');
#5336 = ADVANCED_BREP_SHAPE_REPRESENTATION('',(#11,#5337),#6325);
#5337 = MANIFOLD_SOLID_BREP('',#5338);
#5338 = CLOSED_SHELL('',(#5339,#5459,#5535,#5822,#5871,#6002,#6009,#6036
    ,#6063,#6090,#6166,#6215,#6264,#6291,#6318));
#5339 = ADVANCED_FACE('',(#5340),#5354,.F.);
#5340 = FACE_BOUND('',#5341,.F.);
#5341 = EDGE_LOOP('',(#5342,#5377,#5405,#5433));
#5342 = ORIENTED_EDGE('',*,*,#5343,.F.);
#5343 = EDGE_CURVE('',#5344,#5346,#5348,.T.);
#5344 = VERTEX_POINT('',#5345);
#5345 = CARTESIAN_POINT('',(-102.5,-28.,16.));
#5346 = VERTEX_POINT('',#5347);
#5347 = CARTESIAN_POINT('',(-102.5,-28.,17.6));
#5348 = SURFACE_CURVE('',#5349,(#5353,#5365),.PCURVE_S1.);
#5349 = LINE('',#5350,#5351);
#5350 = CARTESIAN_POINT('',(-102.5,-28.,16.));
#5351 = VECTOR('',#5352,1.);
#5352 = DIRECTION('',(0.,0.,1.));
#5353 = PCURVE('',#5354,#5359);
#5354 = PLANE('',#5355);
#5355 = AXIS2_PLACEMENT_3D('',#5356,#5357,#5358);
#5356 = CARTESIAN_POINT('',(-102.5,-28.,16.));
#5357 = DIRECTION('',(1.,0.,-0.));
#5358 = DIRECTION('',(0.,0.,1.));
#5359 = DEFINITIONAL_REPRESENTATION('',(#5360),#5364);
#5360 = LINE('',#5361,#5362);
#5361 = CARTESIAN_POINT('',(0.,0.));
#5362 = VECTOR('',#5363,1.);
#5363 = DIRECTION('',(1.,0.));
#5364 = ( GEOMETRIC_REPRESENTATION_CONTEXT(2) 
PARAMETRIC_REPRESENTATION_CONTEXT() REPRESENTATION_CONTEXT('2D SPACE',''
  ) );
#5365 = PCURVE('',#5366,#5371);
#5366 = PLANE('',#5367);
#5367 = AXIS2_PLACEMENT_3D('',#5368,#5369,#5370);
#5368 = CARTESIAN_POINT('',(-102.5,-28.,16.));
#5369 = DIRECTION('',(-0.,1.,0.));
#5370 = DIRECTION('',(0.,0.,1.));
#5371 = DEFINITIONAL_REPRESENTATION('',(#5372),#5376);
#5372 = LINE('',#5373,#5374);
#5373 = CARTESIAN_POINT('',(0.,0.));
#5374 = VECTOR('',#5375,1.);
#5375 = DIRECTION('',(1.,0.));
#5376 = ( GEOMETRIC_REPRESENTATION_CONTEXT(2) 
PARAMETRIC_REPRESENTATION_CONTEXT() REPRESENTATION_CONTEXT('2D SPACE',''
  ) );
#5377 = ORIENTED_EDGE('',*,*,#5378,.T.);
#5378 = EDGE_CURVE('',#5344,#5379,#5381,.T.);
#5379 = VERTEX_POINT('',#5380);
#5380 = CARTESIAN_POINT('',(-102.5,28.,16.));
#5381 = SURFACE_CURVE('',#5382,(#5386,#5393),.PCURVE_S1.);
#5382 = LINE('',#5383,#5384);
#5383 = CARTESIAN_POINT('',(-102.5,-28.,16.));
#5384 = VECTOR('',#5385,1.);
#5385 = DIRECTION('',(-0.,1.,0.));
#5386 = PCURVE('',#5354,#5387);
#5387 = DEFINITIONAL_REPRESENTATION('',(#5388),#5392);
#5388 = LINE('',#5389,#5390);
#5389 = CARTESIAN_POINT('',(0.,0.));
#5390 = VECTOR('',#5391,1.);
#5391 = DIRECTION('',(0.,-1.));
#5392 = ( GEOMETRIC_REPRESENTATION_CONTEXT(2) 
PARAMETRIC_REPRESENTATION_CONTEXT() REPRESENTATION_CONTEXT('2D SPACE',''
  ) );
#5393 = PCURVE('',#5394,#5399);
#5394 = PLANE('',#5395);
#5395 = AXIS2_PLACEMENT_3D('',#5396,#5397,#5398);
#5396 = CARTESIAN_POINT('',(-102.5,-28.,16.));
#5397 = DIRECTION('',(0.,0.,1.));
#5398 = DIRECTION('',(1.,0.,-0.));
#5399 = DEFINITIONAL_REPRESENTATION('',(#5400),#5404);
#5400 = LINE('',#5401,#5402);
#5401 = CARTESIAN_POINT('',(0.,0.));
#5402 = VECTOR('',#5403,1.);
#5403 = DIRECTION('',(0.,1.));
#5404 = ( GEOMETRIC_REPRESENTATION_CONTEXT(2) 
PARAMETRIC_REPRESENTATION_CONTEXT() REPRESENTATION_CONTEXT('2D SPACE',''
  ) );
#5405 = ORIENTED_EDGE('',*,*,#5406,.T.);
#5406 = EDGE_CURVE('',#5379,#5407,#5409,.T.);
#5407 = VERTEX_POINT('',#5408);
#5408 = CARTESIAN_POINT('',(-102.5,28.,17.6));
#5409 = SURFACE_CURVE('',#5410,(#5414,#5421),.PCURVE_S1.);
#5410 = LINE('',#5411,#5412);
#5411 = CARTESIAN_POINT('',(-102.5,28.,16.));
#5412 = VECTOR('',#5413,1.);
#5413 = DIRECTION('',(0.,0.,1.));
#5414 = PCURVE('',#5354,#5415);
#5415 = DEFINITIONAL_REPRESENTATION('',(#5416),#5420);
#5416 = LINE('',#5417,#5418);
#5417 = CARTESIAN_POINT('',(0.,-56.));
#5418 = VECTOR('',#5419,1.);
#5419 = DIRECTION('',(1.,0.));
#5420 = ( GEOMETRIC_REPRESENTATION_CONTEXT(2) 
PARAMETRIC_REPRESENTATION_CONTEXT() REPRESENTATION_CONTEXT('2D SPACE',''
  ) );
#5421 = PCURVE('',#5422,#5427);
#5422 = PLANE('',#5423);
#5423 = AXIS2_PLACEMENT_3D('',#5424,#5425,#5426);
#5424 = CARTESIAN_POINT('',(-102.5,28.,16.));
#5425 = DIRECTION('',(-0.,1.,0.));
#5426 = DIRECTION('',(0.,0.,1.));
#5427 = DEFINITIONAL_REPRESENTATION('',(#5428),#5432);
#5428 = LINE('',#5429,#5430);
#5429 = CARTESIAN_POINT('',(0.,0.));
#5430 = VECTOR('',#5431,1.);
#5431 = DIRECTION('',(1.,0.));
#5432 = ( GEOMETRIC_REPRESENTATION_CONTEXT(2) 
PARAMETRIC_REPRESENTATION_CONTEXT() REPRESENTATION_CONTEXT('2D SPACE',''
  ) );
#5433 = ORIENTED_EDGE('',*,*,#5434,.F.);
#5434 = EDGE_CURVE('',#5346,#5407,#5435,.T.);
#5435 = SURFACE_CURVE('',#5436,(#5440,#5447),.PCURVE_S1.);
#5436 = LINE('',#5437,#5438);
#5437 = CARTESIAN_POINT('',(-102.5,-28.,17.6));
#5438 = VECTOR('',#5439,1.);
#5439 = DIRECTION('',(-0.,1.,0.));
#5440 = PCURVE('',#5354,#5441);
#5441 = DEFINITIONAL_REPRESENTATION('',(#5442),#5446);
#5442 = LINE('',#5443,#5444);
#5443 = CARTESIAN_POINT('',(1.6,0.));
#5444 = VECTOR('',#5445,1.);
#5445 = DIRECTION('',(0.,-1.));
#5446 = ( GEOMETRIC_REPRESENTATION_CONTEXT(2) 
PARAMETRIC_REPRESENTATION_CONTEXT() REPRESENTATION_CONTEXT('2D SPACE',''
  ) );
#5447 = PCURVE('',#5448,#5453);
#5448 = PLANE('',#5449);
#5449 = AXIS2_PLACEMENT_3D('',#5450,#5451,#5452);
#5450 = CARTESIAN_POINT('',(-102.5,-28.,17.6));
#5451 = DIRECTION('',(0.,0.,1.));
#5452 = DIRECTION('',(1.,0.,-0.));
#5453 = DEFINITIONAL_REPRESENTATION('',(#5454),#5458);
#5454 = LINE('',#5455,#5456);
#5455 = CARTESIAN_POINT('',(0.,0.));
#5456 = VECTOR('',#5457,1.);
#5457 = DIRECTION('',(0.,1.));
#5458 = ( GEOMETRIC_REPRESENTATION_CONTEXT(2) 
PARAMETRIC_REPRESENTATION_CONTEXT() REPRESENTATION_CONTEXT('2D SPACE',''
  ) );
#5459 = ADVANCED_FACE('',(#5460),#5366,.F.);
#5460 = FACE_BOUND('',#5461,.F.);
#5461 = EDGE_LOOP('',(#5462,#5485,#5486,#5509));
#5462 = ORIENTED_EDGE('',*,*,#5463,.F.);
#5463 = EDGE_CURVE('',#5344,#5464,#5466,.T.);
#5464 = VERTEX_POINT('',#5465);
#5465 = CARTESIAN_POINT('',(-17.5,-28.,16.));
#5466 = SURFACE_CURVE('',#5467,(#5471,#5478),.PCURVE_S1.);
#5467 = LINE('',#5468,#5469);
#5468 = CARTESIAN_POINT('',(-102.5,-28.,16.));
#5469 = VECTOR('',#5470,1.);
#5470 = DIRECTION('',(1.,0.,-0.));
#5471 = PCURVE('',#5366,#5472);
#5472 = DEFINITIONAL_REPRESENTATION('',(#5473),#5477);
#5473 = LINE('',#5474,#5475);
#5474 = CARTESIAN_POINT('',(0.,0.));
#5475 = VECTOR('',#5476,1.);
#5476 = DIRECTION('',(0.,1.));
#5477 = ( GEOMETRIC_REPRESENTATION_CONTEXT(2) 
PARAMETRIC_REPRESENTATION_CONTEXT() REPRESENTATION_CONTEXT('2D SPACE',''
  ) );
#5478 = PCURVE('',#5394,#5479);
#5479 = DEFINITIONAL_REPRESENTATION('',(#5480),#5484);
#5480 = LINE('',#5481,#5482);
#5481 = CARTESIAN_POINT('',(0.,0.));
#5482 = VECTOR('',#5483,1.);
#5483 = DIRECTION('',(1.,0.));
#5484 = ( GEOMETRIC_REPRESENTATION_CONTEXT(2) 
PARAMETRIC_REPRESENTATION_CONTEXT() REPRESENTATION_CONTEXT('2D SPACE',''
  ) );
#5485 = ORIENTED_EDGE('',*,*,#5343,.T.);
#5486 = ORIENTED_EDGE('',*,*,#5487,.T.);
#5487 = EDGE_CURVE('',#5346,#5488,#5490,.T.);
#5488 = VERTEX_POINT('',#5489);
#5489 = CARTESIAN_POINT('',(-17.5,-28.,17.6));
#5490 = SURFACE_CURVE('',#5491,(#5495,#5502),.PCURVE_S1.);
#5491 = LINE('',#5492,#5493);
#5492 = CARTESIAN_POINT('',(-102.5,-28.,17.6));
#5493 = VECTOR('',#5494,1.);
#5494 = DIRECTION('',(1.,0.,-0.));
#5495 = PCURVE('',#5366,#5496);
#5496 = DEFINITIONAL_REPRESENTATION('',(#5497),#5501);
#5497 = LINE('',#5498,#5499);
#5498 = CARTESIAN_POINT('',(1.6,0.));
#5499 = VECTOR('',#5500,1.);
#5500 = DIRECTION('',(0.,1.));
#5501 = ( GEOMETRIC_REPRESENTATION_CONTEXT(2) 
PARAMETRIC_REPRESENTATION_CONTEXT() REPRESENTATION_CONTEXT('2D SPACE',''
  ) );
#5502 = PCURVE('',#5448,#5503);
#5503 = DEFINITIONAL_REPRESENTATION('',(#5504),#5508);
#5504 = LINE('',#5505,#5506);
#5505 = CARTESIAN_POINT('',(0.,0.));
#5506 = VECTOR('',#5507,1.);
#5507 = DIRECTION('',(1.,0.));
#5508 = ( GEOMETRIC_REPRESENTATION_CONTEXT(2) 
PARAMETRIC_REPRESENTATION_CONTEXT() REPRESENTATION_CONTEXT('2D SPACE',''
  ) );
#5509 = ORIENTED_EDGE('',*,*,#5510,.F.);
#5510 = EDGE_CURVE('',#5464,#5488,#5511,.T.);
#5511 = SURFACE_CURVE('',#5512,(#5516,#5523),.PCURVE_S1.);
#5512 = LINE('',#5513,#5514);
#5513 = CARTESIAN_POINT('',(-17.5,-28.,16.));
#5514 = VECTOR('',#5515,1.);
#5515 = DIRECTION('',(0.,0.,1.));
#5516 = PCURVE('',#5366,#5517);
#5517 = DEFINITIONAL_REPRESENTATION('',(#5518),#5522);
#5518 = LINE('',#5519,#5520);
#5519 = CARTESIAN_POINT('',(0.,85.));
#5520 = VECTOR('',#5521,1.);
#5521 = DIRECTION('',(1.,0.));
#5522 = ( GEOMETRIC_REPRESENTATION_CONTEXT(2) 
PARAMETRIC_REPRESENTATION_CONTEXT() REPRESENTATION_CONTEXT('2D SPACE',''
  ) );
#5523 = PCURVE('',#5524,#5529);
#5524 = PLANE('',#5525);
#5525 = AXIS2_PLACEMENT_3D('',#5526,#5527,#5528);
#5526 = CARTESIAN_POINT('',(-17.5,-28.,16.));
#5527 = DIRECTION('',(1.,0.,-0.));
#5528 = DIRECTION('',(0.,0.,1.));
#5529 = DEFINITIONAL_REPRESENTATION('',(#5530),#5534);
#5530 = LINE('',#5531,#5532);
#5531 = CARTESIAN_POINT('',(0.,0.));
#5532 = VECTOR('',#5533,1.);
#5533 = DIRECTION('',(1.,0.));
#5534 = ( GEOMETRIC_REPRESENTATION_CONTEXT(2) 
PARAMETRIC_REPRESENTATION_CONTEXT() REPRESENTATION_CONTEXT('2D SPACE',''
  ) );
#5535 = ADVANCED_FACE('',(#5536,#5584,#5615,#5646,#5677,#5791),#5448,.T.
  );
#5536 = FACE_BOUND('',#5537,.T.);
#5537 = EDGE_LOOP('',(#5538,#5539,#5540,#5563));
#5538 = ORIENTED_EDGE('',*,*,#5434,.F.);
#5539 = ORIENTED_EDGE('',*,*,#5487,.T.);
#5540 = ORIENTED_EDGE('',*,*,#5541,.T.);
#5541 = EDGE_CURVE('',#5488,#5542,#5544,.T.);
#5542 = VERTEX_POINT('',#5543);
#5543 = CARTESIAN_POINT('',(-17.5,28.,17.6));
#5544 = SURFACE_CURVE('',#5545,(#5549,#5556),.PCURVE_S1.);
#5545 = LINE('',#5546,#5547);
#5546 = CARTESIAN_POINT('',(-17.5,-28.,17.6));
#5547 = VECTOR('',#5548,1.);
#5548 = DIRECTION('',(-0.,1.,0.));
#5549 = PCURVE('',#5448,#5550);
#5550 = DEFINITIONAL_REPRESENTATION('',(#5551),#5555);
#5551 = LINE('',#5552,#5553);
#5552 = CARTESIAN_POINT('',(85.,0.));
#5553 = VECTOR('',#5554,1.);
#5554 = DIRECTION('',(0.,1.));
#5555 = ( GEOMETRIC_REPRESENTATION_CONTEXT(2) 
PARAMETRIC_REPRESENTATION_CONTEXT() REPRESENTATION_CONTEXT('2D SPACE',''
  ) );
#5556 = PCURVE('',#5524,#5557);
#5557 = DEFINITIONAL_REPRESENTATION('',(#5558),#5562);
#5558 = LINE('',#5559,#5560);
#5559 = CARTESIAN_POINT('',(1.6,0.));
#5560 = VECTOR('',#5561,1.);
#5561 = DIRECTION('',(0.,-1.));
#5562 = ( GEOMETRIC_REPRESENTATION_CONTEXT(2) 
PARAMETRIC_REPRESENTATION_CONTEXT() REPRESENTATION_CONTEXT('2D SPACE',''
  ) );
#5563 = ORIENTED_EDGE('',*,*,#5564,.F.);
#5564 = EDGE_CURVE('',#5407,#5542,#5565,.T.);
#5565 = SURFACE_CURVE('',#5566,(#5570,#5577),.PCURVE_S1.);
#5566 = LINE('',#5567,#5568);
#5567 = CARTESIAN_POINT('',(-102.5,28.,17.6));
#5568 = VECTOR('',#5569,1.);
#5569 = DIRECTION('',(1.,0.,-0.));
#5570 = PCURVE('',#5448,#5571);
#5571 = DEFINITIONAL_REPRESENTATION('',(#5572),#5576);
#5572 = LINE('',#5573,#5574);
#5573 = CARTESIAN_POINT('',(0.,56.));
#5574 = VECTOR('',#5575,1.);
#5575 = DIRECTION('',(1.,0.));
#5576 = ( GEOMETRIC_REPRESENTATION_CONTEXT(2) 
PARAMETRIC_REPRESENTATION_CONTEXT() REPRESENTATION_CONTEXT('2D SPACE',''
  ) );
#5577 = PCURVE('',#5422,#5578);
#5578 = DEFINITIONAL_REPRESENTATION('',(#5579),#5583);
#5579 = LINE('',#5580,#5581);
#5580 = CARTESIAN_POINT('',(1.6,0.));
#5581 = VECTOR('',#5582,1.);
#5582 = DIRECTION('',(0.,1.));
#5583 = ( GEOMETRIC_REPRESENTATION_CONTEXT(2) 
PARAMETRIC_REPRESENTATION_CONTEXT() REPRESENTATION_CONTEXT('2D SPACE',''
  ) );
#5584 = FACE_BOUND('',#5585,.T.);
#5585 = EDGE_LOOP('',(#5586));
#5586 = ORIENTED_EDGE('',*,*,#5587,.F.);
#5587 = EDGE_CURVE('',#5588,#5588,#5590,.T.);
#5588 = VERTEX_POINT('',#5589);
#5589 = CARTESIAN_POINT('',(-97.65,-24.5,17.6));
#5590 = SURFACE_CURVE('',#5591,(#5596,#5603),.PCURVE_S1.);
#5591 = CIRCLE('',#5592,1.35);
#5592 = AXIS2_PLACEMENT_3D('',#5593,#5594,#5595);
#5593 = CARTESIAN_POINT('',(-99.,-24.5,17.6));
#5594 = DIRECTION('',(0.,0.,1.));
#5595 = DIRECTION('',(1.,0.,-0.));
#5596 = PCURVE('',#5448,#5597);
#5597 = DEFINITIONAL_REPRESENTATION('',(#5598),#5602);
#5598 = CIRCLE('',#5599,1.35);
#5599 = AXIS2_PLACEMENT_2D('',#5600,#5601);
#5600 = CARTESIAN_POINT('',(3.5,3.5));
#5601 = DIRECTION('',(1.,0.));
#5602 = ( GEOMETRIC_REPRESENTATION_CONTEXT(2) 
PARAMETRIC_REPRESENTATION_CONTEXT() REPRESENTATION_CONTEXT('2D SPACE',''
  ) );
#5603 = PCURVE('',#5604,#5609);
#5604 = CYLINDRICAL_SURFACE('',#5605,1.35);
#5605 = AXIS2_PLACEMENT_3D('',#5606,#5607,#5608);
#5606 = CARTESIAN_POINT('',(-99.,-24.5,15.));
#5607 = DIRECTION('',(0.,0.,1.));
#5608 = DIRECTION('',(1.,0.,-0.));
#5609 = DEFINITIONAL_REPRESENTATION('',(#5610),#5614);
#5610 = LINE('',#5611,#5612);
#5611 = CARTESIAN_POINT('',(0.,2.6));
#5612 = VECTOR('',#5613,1.);
#5613 = DIRECTION('',(1.,0.));
#5614 = ( GEOMETRIC_REPRESENTATION_CONTEXT(2) 
PARAMETRIC_REPRESENTATION_CONTEXT() REPRESENTATION_CONTEXT('2D SPACE',''
  ) );
#5615 = FACE_BOUND('',#5616,.T.);
#5616 = EDGE_LOOP('',(#5617));
#5617 = ORIENTED_EDGE('',*,*,#5618,.F.);
#5618 = EDGE_CURVE('',#5619,#5619,#5621,.T.);
#5619 = VERTEX_POINT('',#5620);
#5620 = CARTESIAN_POINT('',(-39.65,-24.5,17.6));
#5621 = SURFACE_CURVE('',#5622,(#5627,#5634),.PCURVE_S1.);
#5622 = CIRCLE('',#5623,1.35);
#5623 = AXIS2_PLACEMENT_3D('',#5624,#5625,#5626);
#5624 = CARTESIAN_POINT('',(-41.,-24.5,17.6));
#5625 = DIRECTION('',(0.,0.,1.));
#5626 = DIRECTION('',(1.,0.,-0.));
#5627 = PCURVE('',#5448,#5628);
#5628 = DEFINITIONAL_REPRESENTATION('',(#5629),#5633);
#5629 = CIRCLE('',#5630,1.35);
#5630 = AXIS2_PLACEMENT_2D('',#5631,#5632);
#5631 = CARTESIAN_POINT('',(61.5,3.5));
#5632 = DIRECTION('',(1.,0.));
#5633 = ( GEOMETRIC_REPRESENTATION_CONTEXT(2) 
PARAMETRIC_REPRESENTATION_CONTEXT() REPRESENTATION_CONTEXT('2D SPACE',''
  ) );
#5634 = PCURVE('',#5635,#5640);
#5635 = CYLINDRICAL_SURFACE('',#5636,1.35);
#5636 = AXIS2_PLACEMENT_3D('',#5637,#5638,#5639);
#5637 = CARTESIAN_POINT('',(-41.,-24.5,15.));
#5638 = DIRECTION('',(0.,0.,1.));
#5639 = DIRECTION('',(1.,0.,-0.));
#5640 = DEFINITIONAL_REPRESENTATION('',(#5641),#5645);
#5641 = LINE('',#5642,#5643);
#5642 = CARTESIAN_POINT('',(0.,2.6));
#5643 = VECTOR('',#5644,1.);
#5644 = DIRECTION('',(1.,0.));
#5645 = ( GEOMETRIC_REPRESENTATION_CONTEXT(2) 
PARAMETRIC_REPRESENTATION_CONTEXT() REPRESENTATION_CONTEXT('2D SPACE',''
  ) );
#5646 = FACE_BOUND('',#5647,.T.);
#5647 = EDGE_LOOP('',(#5648));
#5648 = ORIENTED_EDGE('',*,*,#5649,.F.);
#5649 = EDGE_CURVE('',#5650,#5650,#5652,.T.);
#5650 = VERTEX_POINT('',#5651);
#5651 = CARTESIAN_POINT('',(-97.65,24.5,17.6));
#5652 = SURFACE_CURVE('',#5653,(#5658,#5665),.PCURVE_S1.);
#5653 = CIRCLE('',#5654,1.35);
#5654 = AXIS2_PLACEMENT_3D('',#5655,#5656,#5657);
#5655 = CARTESIAN_POINT('',(-99.,24.5,17.6));
#5656 = DIRECTION('',(0.,0.,1.));
#5657 = DIRECTION('',(1.,0.,-0.));
#5658 = PCURVE('',#5448,#5659);
#5659 = DEFINITIONAL_REPRESENTATION('',(#5660),#5664);
#5660 = CIRCLE('',#5661,1.35);
#5661 = AXIS2_PLACEMENT_2D('',#5662,#5663);
#5662 = CARTESIAN_POINT('',(3.5,52.5));
#5663 = DIRECTION('',(1.,0.));
#5664 = ( GEOMETRIC_REPRESENTATION_CONTEXT(2) 
PARAMETRIC_REPRESENTATION_CONTEXT() REPRESENTATION_CONTEXT('2D SPACE',''
  ) );
#5665 = PCURVE('',#5666,#5671);
#5666 = CYLINDRICAL_SURFACE('',#5667,1.35);
#5667 = AXIS2_PLACEMENT_3D('',#5668,#5669,#5670);
#5668 = CARTESIAN_POINT('',(-99.,24.5,15.));
#5669 = DIRECTION('',(0.,0.,1.));
#5670 = DIRECTION('',(1.,0.,-0.));
#5671 = DEFINITIONAL_REPRESENTATION('',(#5672),#5676);
#5672 = LINE('',#5673,#5674);
#5673 = CARTESIAN_POINT('',(0.,2.6));
#5674 = VECTOR('',#5675,1.);
#5675 = DIRECTION('',(1.,0.));
#5676 = ( GEOMETRIC_REPRESENTATION_CONTEXT(2) 
PARAMETRIC_REPRESENTATION_CONTEXT() REPRESENTATION_CONTEXT('2D SPACE',''
  ) );
#5677 = FACE_BOUND('',#5678,.T.);
#5678 = EDGE_LOOP('',(#5679,#5709,#5737,#5765));
#5679 = ORIENTED_EDGE('',*,*,#5680,.T.);
#5680 = EDGE_CURVE('',#5681,#5683,#5685,.T.);
#5681 = VERTEX_POINT('',#5682);
#5682 = CARTESIAN_POINT('',(-37.5,-25.,17.6));
#5683 = VERTEX_POINT('',#5684);
#5684 = CARTESIAN_POINT('',(-37.5,25.,17.6));
#5685 = SURFACE_CURVE('',#5686,(#5690,#5697),.PCURVE_S1.);
#5686 = LINE('',#5687,#5688);
#5687 = CARTESIAN_POINT('',(-37.5,-25.,17.6));
#5688 = VECTOR('',#5689,1.);
#5689 = DIRECTION('',(-0.,1.,0.));
#5690 = PCURVE('',#5448,#5691);
#5691 = DEFINITIONAL_REPRESENTATION('',(#5692),#5696);
#5692 = LINE('',#5693,#5694);
#5693 = CARTESIAN_POINT('',(65.,3.));
#5694 = VECTOR('',#5695,1.);
#5695 = DIRECTION('',(0.,1.));
#5696 = ( GEOMETRIC_REPRESENTATION_CONTEXT(2) 
PARAMETRIC_REPRESENTATION_CONTEXT() REPRESENTATION_CONTEXT('2D SPACE',''
  ) );
#5697 = PCURVE('',#5698,#5703);
#5698 = PLANE('',#5699);
#5699 = AXIS2_PLACEMENT_3D('',#5700,#5701,#5702);
#5700 = CARTESIAN_POINT('',(-37.5,-25.,17.6));
#5701 = DIRECTION('',(1.,0.,-0.));
#5702 = DIRECTION('',(0.,0.,1.));
#5703 = DEFINITIONAL_REPRESENTATION('',(#5704),#5708);
#5704 = LINE('',#5705,#5706);
#5705 = CARTESIAN_POINT('',(0.,0.));
#5706 = VECTOR('',#5707,1.);
#5707 = DIRECTION('',(0.,-1.));
#5708 = ( GEOMETRIC_REPRESENTATION_CONTEXT(2) 
PARAMETRIC_REPRESENTATION_CONTEXT() REPRESENTATION_CONTEXT('2D SPACE',''
  ) );
#5709 = ORIENTED_EDGE('',*,*,#5710,.T.);
#5710 = EDGE_CURVE('',#5683,#5711,#5713,.T.);
#5711 = VERTEX_POINT('',#5712);
#5712 = CARTESIAN_POINT('',(-19.5,25.,17.6));
#5713 = SURFACE_CURVE('',#5714,(#5718,#5725),.PCURVE_S1.);
#5714 = LINE('',#5715,#5716);
#5715 = CARTESIAN_POINT('',(-37.5,25.,17.6));
#5716 = VECTOR('',#5717,1.);
#5717 = DIRECTION('',(1.,0.,-0.));
#5718 = PCURVE('',#5448,#5719);
#5719 = DEFINITIONAL_REPRESENTATION('',(#5720),#5724);
#5720 = LINE('',#5721,#5722);
#5721 = CARTESIAN_POINT('',(65.,53.));
#5722 = VECTOR('',#5723,1.);
#5723 = DIRECTION('',(1.,0.));
#5724 = ( GEOMETRIC_REPRESENTATION_CONTEXT(2) 
PARAMETRIC_REPRESENTATION_CONTEXT() REPRESENTATION_CONTEXT('2D SPACE',''
  ) );
#5725 = PCURVE('',#5726,#5731);
#5726 = PLANE('',#5727);
#5727 = AXIS2_PLACEMENT_3D('',#5728,#5729,#5730);
#5728 = CARTESIAN_POINT('',(-37.5,25.,17.6));
#5729 = DIRECTION('',(-0.,1.,0.));
#5730 = DIRECTION('',(0.,0.,1.));
#5731 = DEFINITIONAL_REPRESENTATION('',(#5732),#5736);
#5732 = LINE('',#5733,#5734);
#5733 = CARTESIAN_POINT('',(0.,0.));
#5734 = VECTOR('',#5735,1.);
#5735 = DIRECTION('',(0.,1.));
#5736 = ( GEOMETRIC_REPRESENTATION_CONTEXT(2) 
PARAMETRIC_REPRESENTATION_CONTEXT() REPRESENTATION_CONTEXT('2D SPACE',''
  ) );
#5737 = ORIENTED_EDGE('',*,*,#5738,.F.);
#5738 = EDGE_CURVE('',#5739,#5711,#5741,.T.);
#5739 = VERTEX_POINT('',#5740);
#5740 = CARTESIAN_POINT('',(-19.5,-25.,17.6));
#5741 = SURFACE_CURVE('',#5742,(#5746,#5753),.PCURVE_S1.);
#5742 = LINE('',#5743,#5744);
#5743 = CARTESIAN_POINT('',(-19.5,-25.,17.6));
#5744 = VECTOR('',#5745,1.);
#5745 = DIRECTION('',(-0.,1.,0.));
#5746 = PCURVE('',#5448,#5747);
#5747 = DEFINITIONAL_REPRESENTATION('',(#5748),#5752);
#5748 = LINE('',#5749,#5750);
#5749 = CARTESIAN_POINT('',(83.,3.));
#5750 = VECTOR('',#5751,1.);
#5751 = DIRECTION('',(0.,1.));
#5752 = ( GEOMETRIC_REPRESENTATION_CONTEXT(2) 
PARAMETRIC_REPRESENTATION_CONTEXT() REPRESENTATION_CONTEXT('2D SPACE',''
  ) );
#5753 = PCURVE('',#5754,#5759);
#5754 = PLANE('',#5755);
#5755 = AXIS2_PLACEMENT_3D('',#5756,#5757,#5758);
#5756 = CARTESIAN_POINT('',(-19.5,-25.,17.6));
#5757 = DIRECTION('',(1.,0.,-0.));
#5758 = DIRECTION('',(0.,0.,1.));
#5759 = DEFINITIONAL_REPRESENTATION('',(#5760),#5764);
#5760 = LINE('',#5761,#5762);
#5761 = CARTESIAN_POINT('',(0.,0.));
#5762 = VECTOR('',#5763,1.);
#5763 = DIRECTION('',(0.,-1.));
#5764 = ( GEOMETRIC_REPRESENTATION_CONTEXT(2) 
PARAMETRIC_REPRESENTATION_CONTEXT() REPRESENTATION_CONTEXT('2D SPACE',''
  ) );
#5765 = ORIENTED_EDGE('',*,*,#5766,.F.);
#5766 = EDGE_CURVE('',#5681,#5739,#5767,.T.);
#5767 = SURFACE_CURVE('',#5768,(#5772,#5779),.PCURVE_S1.);
#5768 = LINE('',#5769,#5770);
#5769 = CARTESIAN_POINT('',(-37.5,-25.,17.6));
#5770 = VECTOR('',#5771,1.);
#5771 = DIRECTION('',(1.,0.,-0.));
#5772 = PCURVE('',#5448,#5773);
#5773 = DEFINITIONAL_REPRESENTATION('',(#5774),#5778);
#5774 = LINE('',#5775,#5776);
#5775 = CARTESIAN_POINT('',(65.,3.));
#5776 = VECTOR('',#5777,1.);
#5777 = DIRECTION('',(1.,0.));
#5778 = ( GEOMETRIC_REPRESENTATION_CONTEXT(2) 
PARAMETRIC_REPRESENTATION_CONTEXT() REPRESENTATION_CONTEXT('2D SPACE',''
  ) );
#5779 = PCURVE('',#5780,#5785);
#5780 = PLANE('',#5781);
#5781 = AXIS2_PLACEMENT_3D('',#5782,#5783,#5784);
#5782 = CARTESIAN_POINT('',(-37.5,-25.,17.6));
#5783 = DIRECTION('',(-0.,1.,0.));
#5784 = DIRECTION('',(0.,0.,1.));
#5785 = DEFINITIONAL_REPRESENTATION('',(#5786),#5790);
#5786 = LINE('',#5787,#5788);
#5787 = CARTESIAN_POINT('',(0.,0.));
#5788 = VECTOR('',#5789,1.);
#5789 = DIRECTION('',(0.,1.));
#5790 = ( GEOMETRIC_REPRESENTATION_CONTEXT(2) 
PARAMETRIC_REPRESENTATION_CONTEXT() REPRESENTATION_CONTEXT('2D SPACE',''
  ) );
#5791 = FACE_BOUND('',#5792,.T.);
#5792 = EDGE_LOOP('',(#5793));
#5793 = ORIENTED_EDGE('',*,*,#5794,.F.);
#5794 = EDGE_CURVE('',#5795,#5795,#5797,.T.);
#5795 = VERTEX_POINT('',#5796);
#5796 = CARTESIAN_POINT('',(-39.65,24.5,17.6));
#5797 = SURFACE_CURVE('',#5798,(#5803,#5810),.PCURVE_S1.);
#5798 = CIRCLE('',#5799,1.35);
#5799 = AXIS2_PLACEMENT_3D('',#5800,#5801,#5802);
#5800 = CARTESIAN_POINT('',(-41.,24.5,17.6));
#5801 = DIRECTION('',(0.,0.,1.));
#5802 = DIRECTION('',(1.,0.,-0.));
#5803 = PCURVE('',#5448,#5804);
#5804 = DEFINITIONAL_REPRESENTATION('',(#5805),#5809);
#5805 = CIRCLE('',#5806,1.35);
#5806 = AXIS2_PLACEMENT_2D('',#5807,#5808);
#5807 = CARTESIAN_POINT('',(61.5,52.5));
#5808 = DIRECTION('',(1.,0.));
#5809 = ( GEOMETRIC_REPRESENTATION_CONTEXT(2) 
PARAMETRIC_REPRESENTATION_CONTEXT() REPRESENTATION_CONTEXT('2D SPACE',''
  ) );
#5810 = PCURVE('',#5811,#5816);
#5811 = CYLINDRICAL_SURFACE('',#5812,1.35);
#5812 = AXIS2_PLACEMENT_3D('',#5813,#5814,#5815);
#5813 = CARTESIAN_POINT('',(-41.,24.5,15.));
#5814 = DIRECTION('',(0.,0.,1.));
#5815 = DIRECTION('',(1.,0.,-0.));
#5816 = DEFINITIONAL_REPRESENTATION('',(#5817),#5821);
#5817 = LINE('',#5818,#5819);
#5818 = CARTESIAN_POINT('',(0.,2.6));
#5819 = VECTOR('',#5820,1.);
#5820 = DIRECTION('',(1.,0.));
#5821 = ( GEOMETRIC_REPRESENTATION_CONTEXT(2) 
PARAMETRIC_REPRESENTATION_CONTEXT() REPRESENTATION_CONTEXT('2D SPACE',''
  ) );
#5822 = ADVANCED_FACE('',(#5823),#5422,.T.);
#5823 = FACE_BOUND('',#5824,.T.);
#5824 = EDGE_LOOP('',(#5825,#5848,#5849,#5850));
#5825 = ORIENTED_EDGE('',*,*,#5826,.F.);
#5826 = EDGE_CURVE('',#5379,#5827,#5829,.T.);
#5827 = VERTEX_POINT('',#5828);
#5828 = CARTESIAN_POINT('',(-17.5,28.,16.));
#5829 = SURFACE_CURVE('',#5830,(#5834,#5841),.PCURVE_S1.);
#5830 = LINE('',#5831,#5832);
#5831 = CARTESIAN_POINT('',(-102.5,28.,16.));
#5832 = VECTOR('',#5833,1.);
#5833 = DIRECTION('',(1.,0.,-0.));
#5834 = PCURVE('',#5422,#5835);
#5835 = DEFINITIONAL_REPRESENTATION('',(#5836),#5840);
#5836 = LINE('',#5837,#5838);
#5837 = CARTESIAN_POINT('',(0.,0.));
#5838 = VECTOR('',#5839,1.);
#5839 = DIRECTION('',(0.,1.));
#5840 = ( GEOMETRIC_REPRESENTATION_CONTEXT(2) 
PARAMETRIC_REPRESENTATION_CONTEXT() REPRESENTATION_CONTEXT('2D SPACE',''
  ) );
#5841 = PCURVE('',#5394,#5842);
#5842 = DEFINITIONAL_REPRESENTATION('',(#5843),#5847);
#5843 = LINE('',#5844,#5845);
#5844 = CARTESIAN_POINT('',(0.,56.));
#5845 = VECTOR('',#5846,1.);
#5846 = DIRECTION('',(1.,0.));
#5847 = ( GEOMETRIC_REPRESENTATION_CONTEXT(2) 
PARAMETRIC_REPRESENTATION_CONTEXT() REPRESENTATION_CONTEXT('2D SPACE',''
  ) );
#5848 = ORIENTED_EDGE('',*,*,#5406,.T.);
#5849 = ORIENTED_EDGE('',*,*,#5564,.T.);
#5850 = ORIENTED_EDGE('',*,*,#5851,.F.);
#5851 = EDGE_CURVE('',#5827,#5542,#5852,.T.);
#5852 = SURFACE_CURVE('',#5853,(#5857,#5864),.PCURVE_S1.);
#5853 = LINE('',#5854,#5855);
#5854 = CARTESIAN_POINT('',(-17.5,28.,16.));
#5855 = VECTOR('',#5856,1.);
#5856 = DIRECTION('',(0.,0.,1.));
#5857 = PCURVE('',#5422,#5858);
#5858 = DEFINITIONAL_REPRESENTATION('',(#5859),#5863);
#5859 = LINE('',#5860,#5861);
#5860 = CARTESIAN_POINT('',(0.,85.));
#5861 = VECTOR('',#5862,1.);
#5862 = DIRECTION('',(1.,0.));
#5863 = ( GEOMETRIC_REPRESENTATION_CONTEXT(2) 
PARAMETRIC_REPRESENTATION_CONTEXT() REPRESENTATION_CONTEXT('2D SPACE',''
  ) );
#5864 = PCURVE('',#5524,#5865);
#5865 = DEFINITIONAL_REPRESENTATION('',(#5866),#5870);
#5866 = LINE('',#5867,#5868);
#5867 = CARTESIAN_POINT('',(0.,-56.));
#5868 = VECTOR('',#5869,1.);
#5869 = DIRECTION('',(1.,0.));
#5870 = ( GEOMETRIC_REPRESENTATION_CONTEXT(2) 
PARAMETRIC_REPRESENTATION_CONTEXT() REPRESENTATION_CONTEXT('2D SPACE',''
  ) );
#5871 = ADVANCED_FACE('',(#5872,#5898,#5924,#5950,#5976),#5394,.F.);
#5872 = FACE_BOUND('',#5873,.F.);
#5873 = EDGE_LOOP('',(#5874,#5875,#5876,#5897));
#5874 = ORIENTED_EDGE('',*,*,#5378,.F.);
#5875 = ORIENTED_EDGE('',*,*,#5463,.T.);
#5876 = ORIENTED_EDGE('',*,*,#5877,.T.);
#5877 = EDGE_CURVE('',#5464,#5827,#5878,.T.);
#5878 = SURFACE_CURVE('',#5879,(#5883,#5890),.PCURVE_S1.);
#5879 = LINE('',#5880,#5881);
#5880 = CARTESIAN_POINT('',(-17.5,-28.,16.));
#5881 = VECTOR('',#5882,1.);
#5882 = DIRECTION('',(-0.,1.,0.));
#5883 = PCURVE('',#5394,#5884);
#5884 = DEFINITIONAL_REPRESENTATION('',(#5885),#5889);
#5885 = LINE('',#5886,#5887);
#5886 = CARTESIAN_POINT('',(85.,0.));
#5887 = VECTOR('',#5888,1.);
#5888 = DIRECTION('',(0.,1.));
#5889 = ( GEOMETRIC_REPRESENTATION_CONTEXT(2) 
PARAMETRIC_REPRESENTATION_CONTEXT() REPRESENTATION_CONTEXT('2D SPACE',''
  ) );
#5890 = PCURVE('',#5524,#5891);
#5891 = DEFINITIONAL_REPRESENTATION('',(#5892),#5896);
#5892 = LINE('',#5893,#5894);
#5893 = CARTESIAN_POINT('',(0.,0.));
#5894 = VECTOR('',#5895,1.);
#5895 = DIRECTION('',(0.,-1.));
#5896 = ( GEOMETRIC_REPRESENTATION_CONTEXT(2) 
PARAMETRIC_REPRESENTATION_CONTEXT() REPRESENTATION_CONTEXT('2D SPACE',''
  ) );
#5897 = ORIENTED_EDGE('',*,*,#5826,.F.);
#5898 = FACE_BOUND('',#5899,.F.);
#5899 = EDGE_LOOP('',(#5900));
#5900 = ORIENTED_EDGE('',*,*,#5901,.F.);
#5901 = EDGE_CURVE('',#5902,#5902,#5904,.T.);
#5902 = VERTEX_POINT('',#5903);
#5903 = CARTESIAN_POINT('',(-97.65,-24.5,16.));
#5904 = SURFACE_CURVE('',#5905,(#5910,#5917),.PCURVE_S1.);
#5905 = CIRCLE('',#5906,1.35);
#5906 = AXIS2_PLACEMENT_3D('',#5907,#5908,#5909);
#5907 = CARTESIAN_POINT('',(-99.,-24.5,16.));
#5908 = DIRECTION('',(0.,0.,1.));
#5909 = DIRECTION('',(1.,0.,-0.));
#5910 = PCURVE('',#5394,#5911);
#5911 = DEFINITIONAL_REPRESENTATION('',(#5912),#5916);
#5912 = CIRCLE('',#5913,1.35);
#5913 = AXIS2_PLACEMENT_2D('',#5914,#5915);
#5914 = CARTESIAN_POINT('',(3.5,3.5));
#5915 = DIRECTION('',(1.,0.));
#5916 = ( GEOMETRIC_REPRESENTATION_CONTEXT(2) 
PARAMETRIC_REPRESENTATION_CONTEXT() REPRESENTATION_CONTEXT('2D SPACE',''
  ) );
#5917 = PCURVE('',#5604,#5918);
#5918 = DEFINITIONAL_REPRESENTATION('',(#5919),#5923);
#5919 = LINE('',#5920,#5921);
#5920 = CARTESIAN_POINT('',(0.,1.));
#5921 = VECTOR('',#5922,1.);
#5922 = DIRECTION('',(1.,0.));
#5923 = ( GEOMETRIC_REPRESENTATION_CONTEXT(2) 
PARAMETRIC_REPRESENTATION_CONTEXT() REPRESENTATION_CONTEXT('2D SPACE',''
  ) );
#5924 = FACE_BOUND('',#5925,.F.);
#5925 = EDGE_LOOP('',(#5926));
#5926 = ORIENTED_EDGE('',*,*,#5927,.F.);
#5927 = EDGE_CURVE('',#5928,#5928,#5930,.T.);
#5928 = VERTEX_POINT('',#5929);
#5929 = CARTESIAN_POINT('',(-39.65,-24.5,16.));
#5930 = SURFACE_CURVE('',#5931,(#5936,#5943),.PCURVE_S1.);
#5931 = CIRCLE('',#5932,1.35);
#5932 = AXIS2_PLACEMENT_3D('',#5933,#5934,#5935);
#5933 = CARTESIAN_POINT('',(-41.,-24.5,16.));
#5934 = DIRECTION('',(0.,0.,1.));
#5935 = DIRECTION('',(1.,0.,-0.));
#5936 = PCURVE('',#5394,#5937);
#5937 = DEFINITIONAL_REPRESENTATION('',(#5938),#5942);
#5938 = CIRCLE('',#5939,1.35);
#5939 = AXIS2_PLACEMENT_2D('',#5940,#5941);
#5940 = CARTESIAN_POINT('',(61.5,3.5));
#5941 = DIRECTION('',(1.,0.));
#5942 = ( GEOMETRIC_REPRESENTATION_CONTEXT(2) 
PARAMETRIC_REPRESENTATION_CONTEXT() REPRESENTATION_CONTEXT('2D SPACE',''
  ) );
#5943 = PCURVE('',#5635,#5944);
#5944 = DEFINITIONAL_REPRESENTATION('',(#5945),#5949);
#5945 = LINE('',#5946,#5947);
#5946 = CARTESIAN_POINT('',(0.,1.));
#5947 = VECTOR('',#5948,1.);
#5948 = DIRECTION('',(1.,0.));
#5949 = ( GEOMETRIC_REPRESENTATION_CONTEXT(2) 
PARAMETRIC_REPRESENTATION_CONTEXT() REPRESENTATION_CONTEXT('2D SPACE',''
  ) );
#5950 = FACE_BOUND('',#5951,.F.);
#5951 = EDGE_LOOP('',(#5952));
#5952 = ORIENTED_EDGE('',*,*,#5953,.F.);
#5953 = EDGE_CURVE('',#5954,#5954,#5956,.T.);
#5954 = VERTEX_POINT('',#5955);
#5955 = CARTESIAN_POINT('',(-97.65,24.5,16.));
#5956 = SURFACE_CURVE('',#5957,(#5962,#5969),.PCURVE_S1.);
#5957 = CIRCLE('',#5958,1.35);
#5958 = AXIS2_PLACEMENT_3D('',#5959,#5960,#5961);
#5959 = CARTESIAN_POINT('',(-99.,24.5,16.));
#5960 = DIRECTION('',(0.,0.,1.));
#5961 = DIRECTION('',(1.,0.,-0.));
#5962 = PCURVE('',#5394,#5963);
#5963 = DEFINITIONAL_REPRESENTATION('',(#5964),#5968);
#5964 = CIRCLE('',#5965,1.35);
#5965 = AXIS2_PLACEMENT_2D('',#5966,#5967);
#5966 = CARTESIAN_POINT('',(3.5,52.5));
#5967 = DIRECTION('',(1.,0.));
#5968 = ( GEOMETRIC_REPRESENTATION_CONTEXT(2) 
PARAMETRIC_REPRESENTATION_CONTEXT() REPRESENTATION_CONTEXT('2D SPACE',''
  ) );
#5969 = PCURVE('',#5666,#5970);
#5970 = DEFINITIONAL_REPRESENTATION('',(#5971),#5975);
#5971 = LINE('',#5972,#5973);
#5972 = CARTESIAN_POINT('',(0.,1.));
#5973 = VECTOR('',#5974,1.);
#5974 = DIRECTION('',(1.,0.));
#5975 = ( GEOMETRIC_REPRESENTATION_CONTEXT(2) 
PARAMETRIC_REPRESENTATION_CONTEXT() REPRESENTATION_CONTEXT('2D SPACE',''
  ) );
#5976 = FACE_BOUND('',#5977,.F.);
#5977 = EDGE_LOOP('',(#5978));
#5978 = ORIENTED_EDGE('',*,*,#5979,.F.);
#5979 = EDGE_CURVE('',#5980,#5980,#5982,.T.);
#5980 = VERTEX_POINT('',#5981);
#5981 = CARTESIAN_POINT('',(-39.65,24.5,16.));
#5982 = SURFACE_CURVE('',#5983,(#5988,#5995),.PCURVE_S1.);
#5983 = CIRCLE('',#5984,1.35);
#5984 = AXIS2_PLACEMENT_3D('',#5985,#5986,#5987);
#5985 = CARTESIAN_POINT('',(-41.,24.5,16.));
#5986 = DIRECTION('',(0.,0.,1.));
#5987 = DIRECTION('',(1.,0.,-0.));
#5988 = PCURVE('',#5394,#5989);
#5989 = DEFINITIONAL_REPRESENTATION('',(#5990),#5994);
#5990 = CIRCLE('',#5991,1.35);
#5991 = AXIS2_PLACEMENT_2D('',#5992,#5993);
#5992 = CARTESIAN_POINT('',(61.5,52.5));
#5993 = DIRECTION('',(1.,0.));
#5994 = ( GEOMETRIC_REPRESENTATION_CONTEXT(2) 
PARAMETRIC_REPRESENTATION_CONTEXT() REPRESENTATION_CONTEXT('2D SPACE',''
  ) );
#5995 = PCURVE('',#5811,#5996);
#5996 = DEFINITIONAL_REPRESENTATION('',(#5997),#6001);
#5997 = LINE('',#5998,#5999);
#5998 = CARTESIAN_POINT('',(0.,1.));
#5999 = VECTOR('',#6000,1.);
#6000 = DIRECTION('',(1.,0.));
#6001 = ( GEOMETRIC_REPRESENTATION_CONTEXT(2) 
PARAMETRIC_REPRESENTATION_CONTEXT() REPRESENTATION_CONTEXT('2D SPACE',''
  ) );
#6002 = ADVANCED_FACE('',(#6003),#5524,.T.);
#6003 = FACE_BOUND('',#6004,.T.);
#6004 = EDGE_LOOP('',(#6005,#6006,#6007,#6008));
#6005 = ORIENTED_EDGE('',*,*,#5510,.F.);
#6006 = ORIENTED_EDGE('',*,*,#5877,.T.);
#6007 = ORIENTED_EDGE('',*,*,#5851,.T.);
#6008 = ORIENTED_EDGE('',*,*,#5541,.F.);
#6009 = ADVANCED_FACE('',(#6010),#5604,.F.);
#6010 = FACE_BOUND('',#6011,.F.);
#6011 = EDGE_LOOP('',(#6012,#6013,#6034,#6035));
#6012 = ORIENTED_EDGE('',*,*,#5587,.F.);
#6013 = ORIENTED_EDGE('',*,*,#6014,.F.);
#6014 = EDGE_CURVE('',#5902,#5588,#6015,.T.);
#6015 = SEAM_CURVE('',#6016,(#6020,#6027),.PCURVE_S1.);
#6016 = LINE('',#6017,#6018);
#6017 = CARTESIAN_POINT('',(-97.65,-24.5,15.));
#6018 = VECTOR('',#6019,1.);
#6019 = DIRECTION('',(0.,0.,1.));
#6020 = PCURVE('',#5604,#6021);
#6021 = DEFINITIONAL_REPRESENTATION('',(#6022),#6026);
#6022 = LINE('',#6023,#6024);
#6023 = CARTESIAN_POINT('',(6.28318530718,-0.));
#6024 = VECTOR('',#6025,1.);
#6025 = DIRECTION('',(0.,1.));
#6026 = ( GEOMETRIC_REPRESENTATION_CONTEXT(2) 
PARAMETRIC_REPRESENTATION_CONTEXT() REPRESENTATION_CONTEXT('2D SPACE',''
  ) );
#6027 = PCURVE('',#5604,#6028);
#6028 = DEFINITIONAL_REPRESENTATION('',(#6029),#6033);
#6029 = LINE('',#6030,#6031);
#6030 = CARTESIAN_POINT('',(0.,-0.));
#6031 = VECTOR('',#6032,1.);
#6032 = DIRECTION('',(0.,1.));
#6033 = ( GEOMETRIC_REPRESENTATION_CONTEXT(2) 
PARAMETRIC_REPRESENTATION_CONTEXT() REPRESENTATION_CONTEXT('2D SPACE',''
  ) );
#6034 = ORIENTED_EDGE('',*,*,#5901,.T.);
#6035 = ORIENTED_EDGE('',*,*,#6014,.T.);
#6036 = ADVANCED_FACE('',(#6037),#5635,.F.);
#6037 = FACE_BOUND('',#6038,.F.);
#6038 = EDGE_LOOP('',(#6039,#6040,#6061,#6062));
#6039 = ORIENTED_EDGE('',*,*,#5618,.F.);
#6040 = ORIENTED_EDGE('',*,*,#6041,.F.);
#6041 = EDGE_CURVE('',#5928,#5619,#6042,.T.);
#6042 = SEAM_CURVE('',#6043,(#6047,#6054),.PCURVE_S1.);
#6043 = LINE('',#6044,#6045);
#6044 = CARTESIAN_POINT('',(-39.65,-24.5,15.));
#6045 = VECTOR('',#6046,1.);
#6046 = DIRECTION('',(0.,0.,1.));
#6047 = PCURVE('',#5635,#6048);
#6048 = DEFINITIONAL_REPRESENTATION('',(#6049),#6053);
#6049 = LINE('',#6050,#6051);
#6050 = CARTESIAN_POINT('',(6.28318530718,-0.));
#6051 = VECTOR('',#6052,1.);
#6052 = DIRECTION('',(0.,1.));
#6053 = ( GEOMETRIC_REPRESENTATION_CONTEXT(2) 
PARAMETRIC_REPRESENTATION_CONTEXT() REPRESENTATION_CONTEXT('2D SPACE',''
  ) );
#6054 = PCURVE('',#5635,#6055);
#6055 = DEFINITIONAL_REPRESENTATION('',(#6056),#6060);
#6056 = LINE('',#6057,#6058);
#6057 = CARTESIAN_POINT('',(0.,-0.));
#6058 = VECTOR('',#6059,1.);
#6059 = DIRECTION('',(0.,1.));
#6060 = ( GEOMETRIC_REPRESENTATION_CONTEXT(2) 
PARAMETRIC_REPRESENTATION_CONTEXT() REPRESENTATION_CONTEXT('2D SPACE',''
  ) );
#6061 = ORIENTED_EDGE('',*,*,#5927,.T.);
#6062 = ORIENTED_EDGE('',*,*,#6041,.T.);
#6063 = ADVANCED_FACE('',(#6064),#5666,.F.);
#6064 = FACE_BOUND('',#6065,.F.);
#6065 = EDGE_LOOP('',(#6066,#6067,#6088,#6089));
#6066 = ORIENTED_EDGE('',*,*,#5649,.F.);
#6067 = ORIENTED_EDGE('',*,*,#6068,.F.);
#6068 = EDGE_CURVE('',#5954,#5650,#6069,.T.);
#6069 = SEAM_CURVE('',#6070,(#6074,#6081),.PCURVE_S1.);
#6070 = LINE('',#6071,#6072);
#6071 = CARTESIAN_POINT('',(-97.65,24.5,15.));
#6072 = VECTOR('',#6073,1.);
#6073 = DIRECTION('',(0.,0.,1.));
#6074 = PCURVE('',#5666,#6075);
#6075 = DEFINITIONAL_REPRESENTATION('',(#6076),#6080);
#6076 = LINE('',#6077,#6078);
#6077 = CARTESIAN_POINT('',(6.28318530718,-0.));
#6078 = VECTOR('',#6079,1.);
#6079 = DIRECTION('',(0.,1.));
#6080 = ( GEOMETRIC_REPRESENTATION_CONTEXT(2) 
PARAMETRIC_REPRESENTATION_CONTEXT() REPRESENTATION_CONTEXT('2D SPACE',''
  ) );
#6081 = PCURVE('',#5666,#6082);
#6082 = DEFINITIONAL_REPRESENTATION('',(#6083),#6087);
#6083 = LINE('',#6084,#6085);
#6084 = CARTESIAN_POINT('',(0.,-0.));
#6085 = VECTOR('',#6086,1.);
#6086 = DIRECTION('',(0.,1.));
#6087 = ( GEOMETRIC_REPRESENTATION_CONTEXT(2) 
PARAMETRIC_REPRESENTATION_CONTEXT() REPRESENTATION_CONTEXT('2D SPACE',''
  ) );
#6088 = ORIENTED_EDGE('',*,*,#5953,.T.);
#6089 = ORIENTED_EDGE('',*,*,#6068,.T.);
#6090 = ADVANCED_FACE('',(#6091),#5698,.F.);
#6091 = FACE_BOUND('',#6092,.F.);
#6092 = EDGE_LOOP('',(#6093,#6116,#6117,#6140));
#6093 = ORIENTED_EDGE('',*,*,#6094,.F.);
#6094 = EDGE_CURVE('',#5681,#6095,#6097,.T.);
#6095 = VERTEX_POINT('',#6096);
#6096 = CARTESIAN_POINT('',(-37.5,-25.,31.6));
#6097 = SURFACE_CURVE('',#6098,(#6102,#6109),.PCURVE_S1.);
#6098 = LINE('',#6099,#6100);
#6099 = CARTESIAN_POINT('',(-37.5,-25.,17.6));
#6100 = VECTOR('',#6101,1.);
#6101 = DIRECTION('',(0.,0.,1.));
#6102 = PCURVE('',#5698,#6103);
#6103 = DEFINITIONAL_REPRESENTATION('',(#6104),#6108);
#6104 = LINE('',#6105,#6106);
#6105 = CARTESIAN_POINT('',(0.,0.));
#6106 = VECTOR('',#6107,1.);
#6107 = DIRECTION('',(1.,0.));
#6108 = ( GEOMETRIC_REPRESENTATION_CONTEXT(2) 
PARAMETRIC_REPRESENTATION_CONTEXT() REPRESENTATION_CONTEXT('2D SPACE',''
  ) );
#6109 = PCURVE('',#5780,#6110);
#6110 = DEFINITIONAL_REPRESENTATION('',(#6111),#6115);
#6111 = LINE('',#6112,#6113);
#6112 = CARTESIAN_POINT('',(0.,0.));
#6113 = VECTOR('',#6114,1.);
#6114 = DIRECTION('',(1.,0.));
#6115 = ( GEOMETRIC_REPRESENTATION_CONTEXT(2) 
PARAMETRIC_REPRESENTATION_CONTEXT() REPRESENTATION_CONTEXT('2D SPACE',''
  ) );
#6116 = ORIENTED_EDGE('',*,*,#5680,.T.);
#6117 = ORIENTED_EDGE('',*,*,#6118,.T.);
#6118 = EDGE_CURVE('',#5683,#6119,#6121,.T.);
#6119 = VERTEX_POINT('',#6120);
#6120 = CARTESIAN_POINT('',(-37.5,25.,31.6));
#6121 = SURFACE_CURVE('',#6122,(#6126,#6133),.PCURVE_S1.);
#6122 = LINE('',#6123,#6124);
#6123 = CARTESIAN_POINT('',(-37.5,25.,17.6));
#6124 = VECTOR('',#6125,1.);
#6125 = DIRECTION('',(0.,0.,1.));
#6126 = PCURVE('',#5698,#6127);
#6127 = DEFINITIONAL_REPRESENTATION('',(#6128),#6132);
#6128 = LINE('',#6129,#6130);
#6129 = CARTESIAN_POINT('',(0.,-50.));
#6130 = VECTOR('',#6131,1.);
#6131 = DIRECTION('',(1.,0.));
#6132 = ( GEOMETRIC_REPRESENTATION_CONTEXT(2) 
PARAMETRIC_REPRESENTATION_CONTEXT() REPRESENTATION_CONTEXT('2D SPACE',''
  ) );
#6133 = PCURVE('',#5726,#6134);
#6134 = DEFINITIONAL_REPRESENTATION('',(#6135),#6139);
#6135 = LINE('',#6136,#6137);
#6136 = CARTESIAN_POINT('',(0.,0.));
#6137 = VECTOR('',#6138,1.);
#6138 = DIRECTION('',(1.,0.));
#6139 = ( GEOMETRIC_REPRESENTATION_CONTEXT(2) 
PARAMETRIC_REPRESENTATION_CONTEXT() REPRESENTATION_CONTEXT('2D SPACE',''
  ) );
#6140 = ORIENTED_EDGE('',*,*,#6141,.F.);
#6141 = EDGE_CURVE('',#6095,#6119,#6142,.T.);
#6142 = SURFACE_CURVE('',#6143,(#6147,#6154),.PCURVE_S1.);
#6143 = LINE('',#6144,#6145);
#6144 = CARTESIAN_POINT('',(-37.5,-25.,31.6));
#6145 = VECTOR('',#6146,1.);
#6146 = DIRECTION('',(-0.,1.,0.));
#6147 = PCURVE('',#5698,#6148);
#6148 = DEFINITIONAL_REPRESENTATION('',(#6149),#6153);
#6149 = LINE('',#6150,#6151);
#6150 = CARTESIAN_POINT('',(14.,0.));
#6151 = VECTOR('',#6152,1.);
#6152 = DIRECTION('',(0.,-1.));
#6153 = ( GEOMETRIC_REPRESENTATION_CONTEXT(2) 
PARAMETRIC_REPRESENTATION_CONTEXT() REPRESENTATION_CONTEXT('2D SPACE',''
  ) );
#6154 = PCURVE('',#6155,#6160);
#6155 = PLANE('',#6156);
#6156 = AXIS2_PLACEMENT_3D('',#6157,#6158,#6159);
#6157 = CARTESIAN_POINT('',(-37.5,-25.,31.6));
#6158 = DIRECTION('',(0.,0.,1.));
#6159 = DIRECTION('',(1.,0.,-0.));
#6160 = DEFINITIONAL_REPRESENTATION('',(#6161),#6165);
#6161 = LINE('',#6162,#6163);
#6162 = CARTESIAN_POINT('',(0.,0.));
#6163 = VECTOR('',#6164,1.);
#6164 = DIRECTION('',(0.,1.));
#6165 = ( GEOMETRIC_REPRESENTATION_CONTEXT(2) 
PARAMETRIC_REPRESENTATION_CONTEXT() REPRESENTATION_CONTEXT('2D SPACE',''
  ) );
#6166 = ADVANCED_FACE('',(#6167),#5780,.F.);
#6167 = FACE_BOUND('',#6168,.F.);
#6168 = EDGE_LOOP('',(#6169,#6170,#6171,#6194));
#6169 = ORIENTED_EDGE('',*,*,#5766,.F.);
#6170 = ORIENTED_EDGE('',*,*,#6094,.T.);
#6171 = ORIENTED_EDGE('',*,*,#6172,.T.);
#6172 = EDGE_CURVE('',#6095,#6173,#6175,.T.);
#6173 = VERTEX_POINT('',#6174);
#6174 = CARTESIAN_POINT('',(-19.5,-25.,31.6));
#6175 = SURFACE_CURVE('',#6176,(#6180,#6187),.PCURVE_S1.);
#6176 = LINE('',#6177,#6178);
#6177 = CARTESIAN_POINT('',(-37.5,-25.,31.6));
#6178 = VECTOR('',#6179,1.);
#6179 = DIRECTION('',(1.,0.,-0.));
#6180 = PCURVE('',#5780,#6181);
#6181 = DEFINITIONAL_REPRESENTATION('',(#6182),#6186);
#6182 = LINE('',#6183,#6184);
#6183 = CARTESIAN_POINT('',(14.,0.));
#6184 = VECTOR('',#6185,1.);
#6185 = DIRECTION('',(0.,1.));
#6186 = ( GEOMETRIC_REPRESENTATION_CONTEXT(2) 
PARAMETRIC_REPRESENTATION_CONTEXT() REPRESENTATION_CONTEXT('2D SPACE',''
  ) );
#6187 = PCURVE('',#6155,#6188);
#6188 = DEFINITIONAL_REPRESENTATION('',(#6189),#6193);
#6189 = LINE('',#6190,#6191);
#6190 = CARTESIAN_POINT('',(0.,0.));
#6191 = VECTOR('',#6192,1.);
#6192 = DIRECTION('',(1.,0.));
#6193 = ( GEOMETRIC_REPRESENTATION_CONTEXT(2) 
PARAMETRIC_REPRESENTATION_CONTEXT() REPRESENTATION_CONTEXT('2D SPACE',''
  ) );
#6194 = ORIENTED_EDGE('',*,*,#6195,.F.);
#6195 = EDGE_CURVE('',#5739,#6173,#6196,.T.);
#6196 = SURFACE_CURVE('',#6197,(#6201,#6208),.PCURVE_S1.);
#6197 = LINE('',#6198,#6199);
#6198 = CARTESIAN_POINT('',(-19.5,-25.,17.6));
#6199 = VECTOR('',#6200,1.);
#6200 = DIRECTION('',(0.,0.,1.));
#6201 = PCURVE('',#5780,#6202);
#6202 = DEFINITIONAL_REPRESENTATION('',(#6203),#6207);
#6203 = LINE('',#6204,#6205);
#6204 = CARTESIAN_POINT('',(0.,18.));
#6205 = VECTOR('',#6206,1.);
#6206 = DIRECTION('',(1.,0.));
#6207 = ( GEOMETRIC_REPRESENTATION_CONTEXT(2) 
PARAMETRIC_REPRESENTATION_CONTEXT() REPRESENTATION_CONTEXT('2D SPACE',''
  ) );
#6208 = PCURVE('',#5754,#6209);
#6209 = DEFINITIONAL_REPRESENTATION('',(#6210),#6214);
#6210 = LINE('',#6211,#6212);
#6211 = CARTESIAN_POINT('',(0.,0.));
#6212 = VECTOR('',#6213,1.);
#6213 = DIRECTION('',(1.,0.));
#6214 = ( GEOMETRIC_REPRESENTATION_CONTEXT(2) 
PARAMETRIC_REPRESENTATION_CONTEXT() REPRESENTATION_CONTEXT('2D SPACE',''
  ) );
#6215 = ADVANCED_FACE('',(#6216),#5754,.T.);
#6216 = FACE_BOUND('',#6217,.T.);
#6217 = EDGE_LOOP('',(#6218,#6219,#6220,#6243));
#6218 = ORIENTED_EDGE('',*,*,#6195,.F.);
#6219 = ORIENTED_EDGE('',*,*,#5738,.T.);
#6220 = ORIENTED_EDGE('',*,*,#6221,.T.);
#6221 = EDGE_CURVE('',#5711,#6222,#6224,.T.);
#6222 = VERTEX_POINT('',#6223);
#6223 = CARTESIAN_POINT('',(-19.5,25.,31.6));
#6224 = SURFACE_CURVE('',#6225,(#6229,#6236),.PCURVE_S1.);
#6225 = LINE('',#6226,#6227);
#6226 = CARTESIAN_POINT('',(-19.5,25.,17.6));
#6227 = VECTOR('',#6228,1.);
#6228 = DIRECTION('',(0.,0.,1.));
#6229 = PCURVE('',#5754,#6230);
#6230 = DEFINITIONAL_REPRESENTATION('',(#6231),#6235);
#6231 = LINE('',#6232,#6233);
#6232 = CARTESIAN_POINT('',(0.,-50.));
#6233 = VECTOR('',#6234,1.);
#6234 = DIRECTION('',(1.,0.));
#6235 = ( GEOMETRIC_REPRESENTATION_CONTEXT(2) 
PARAMETRIC_REPRESENTATION_CONTEXT() REPRESENTATION_CONTEXT('2D SPACE',''
  ) );
#6236 = PCURVE('',#5726,#6237);
#6237 = DEFINITIONAL_REPRESENTATION('',(#6238),#6242);
#6238 = LINE('',#6239,#6240);
#6239 = CARTESIAN_POINT('',(0.,18.));
#6240 = VECTOR('',#6241,1.);
#6241 = DIRECTION('',(1.,0.));
#6242 = ( GEOMETRIC_REPRESENTATION_CONTEXT(2) 
PARAMETRIC_REPRESENTATION_CONTEXT() REPRESENTATION_CONTEXT('2D SPACE',''
  ) );
#6243 = ORIENTED_EDGE('',*,*,#6244,.F.);
#6244 = EDGE_CURVE('',#6173,#6222,#6245,.T.);
#6245 = SURFACE_CURVE('',#6246,(#6250,#6257),.PCURVE_S1.);
#6246 = LINE('',#6247,#6248);
#6247 = CARTESIAN_POINT('',(-19.5,-25.,31.6));
#6248 = VECTOR('',#6249,1.);
#6249 = DIRECTION('',(-0.,1.,0.));
#6250 = PCURVE('',#5754,#6251);
#6251 = DEFINITIONAL_REPRESENTATION('',(#6252),#6256);
#6252 = LINE('',#6253,#6254);
#6253 = CARTESIAN_POINT('',(14.,0.));
#6254 = VECTOR('',#6255,1.);
#6255 = DIRECTION('',(0.,-1.));
#6256 = ( GEOMETRIC_REPRESENTATION_CONTEXT(2) 
PARAMETRIC_REPRESENTATION_CONTEXT() REPRESENTATION_CONTEXT('2D SPACE',''
  ) );
#6257 = PCURVE('',#6155,#6258);
#6258 = DEFINITIONAL_REPRESENTATION('',(#6259),#6263);
#6259 = LINE('',#6260,#6261);
#6260 = CARTESIAN_POINT('',(18.,0.));
#6261 = VECTOR('',#6262,1.);
#6262 = DIRECTION('',(0.,1.));
#6263 = ( GEOMETRIC_REPRESENTATION_CONTEXT(2) 
PARAMETRIC_REPRESENTATION_CONTEXT() REPRESENTATION_CONTEXT('2D SPACE',''
  ) );
#6264 = ADVANCED_FACE('',(#6265),#5726,.T.);
#6265 = FACE_BOUND('',#6266,.T.);
#6266 = EDGE_LOOP('',(#6267,#6268,#6269,#6290));
#6267 = ORIENTED_EDGE('',*,*,#5710,.F.);
#6268 = ORIENTED_EDGE('',*,*,#6118,.T.);
#6269 = ORIENTED_EDGE('',*,*,#6270,.T.);
#6270 = EDGE_CURVE('',#6119,#6222,#6271,.T.);
#6271 = SURFACE_CURVE('',#6272,(#6276,#6283),.PCURVE_S1.);
#6272 = LINE('',#6273,#6274);
#6273 = CARTESIAN_POINT('',(-37.5,25.,31.6));
#6274 = VECTOR('',#6275,1.);
#6275 = DIRECTION('',(1.,0.,-0.));
#6276 = PCURVE('',#5726,#6277);
#6277 = DEFINITIONAL_REPRESENTATION('',(#6278),#6282);
#6278 = LINE('',#6279,#6280);
#6279 = CARTESIAN_POINT('',(14.,0.));
#6280 = VECTOR('',#6281,1.);
#6281 = DIRECTION('',(0.,1.));
#6282 = ( GEOMETRIC_REPRESENTATION_CONTEXT(2) 
PARAMETRIC_REPRESENTATION_CONTEXT() REPRESENTATION_CONTEXT('2D SPACE',''
  ) );
#6283 = PCURVE('',#6155,#6284);
#6284 = DEFINITIONAL_REPRESENTATION('',(#6285),#6289);
#6285 = LINE('',#6286,#6287);
#6286 = CARTESIAN_POINT('',(0.,50.));
#6287 = VECTOR('',#6288,1.);
#6288 = DIRECTION('',(1.,0.));
#6289 = ( GEOMETRIC_REPRESENTATION_CONTEXT(2) 
PARAMETRIC_REPRESENTATION_CONTEXT() REPRESENTATION_CONTEXT('2D SPACE',''
  ) );
#6290 = ORIENTED_EDGE('',*,*,#6221,.F.);
#6291 = ADVANCED_FACE('',(#6292),#5811,.F.);
#6292 = FACE_BOUND('',#6293,.F.);
#6293 = EDGE_LOOP('',(#6294,#6295,#6316,#6317));
#6294 = ORIENTED_EDGE('',*,*,#5794,.F.);
#6295 = ORIENTED_EDGE('',*,*,#6296,.F.);
#6296 = EDGE_CURVE('',#5980,#5795,#6297,.T.);
#6297 = SEAM_CURVE('',#6298,(#6302,#6309),.PCURVE_S1.);
#6298 = LINE('',#6299,#6300);
#6299 = CARTESIAN_POINT('',(-39.65,24.5,15.));
#6300 = VECTOR('',#6301,1.);
#6301 = DIRECTION('',(0.,0.,1.));
#6302 = PCURVE('',#5811,#6303);
#6303 = DEFINITIONAL_REPRESENTATION('',(#6304),#6308);
#6304 = LINE('',#6305,#6306);
#6305 = CARTESIAN_POINT('',(6.28318530718,-0.));
#6306 = VECTOR('',#6307,1.);
#6307 = DIRECTION('',(0.,1.));
#6308 = ( GEOMETRIC_REPRESENTATION_CONTEXT(2) 
PARAMETRIC_REPRESENTATION_CONTEXT() REPRESENTATION_CONTEXT('2D SPACE',''
  ) );
#6309 = PCURVE('',#5811,#6310);
#6310 = DEFINITIONAL_REPRESENTATION('',(#6311),#6315);
#6311 = LINE('',#6312,#6313);
#6312 = CARTESIAN_POINT('',(0.,-0.));
#6313 = VECTOR('',#6314,1.);
#6314 = DIRECTION('',(0.,1.));
#6315 = ( GEOMETRIC_REPRESENTATION_CONTEXT(2) 
PARAMETRIC_REPRESENTATION_CONTEXT() REPRESENTATION_CONTEXT('2D SPACE',''
  ) );
#6316 = ORIENTED_EDGE('',*,*,#5979,.T.);
#6317 = ORIENTED_EDGE('',*,*,#6296,.T.);
#6318 = ADVANCED_FACE('',(#6319),#6155,.T.);
#6319 = FACE_BOUND('',#6320,.T.);
#6320 = EDGE_LOOP('',(#6321,#6322,#6323,#6324));
#6321 = ORIENTED_EDGE('',*,*,#6141,.F.);
#6322 = ORIENTED_EDGE('',*,*,#6172,.T.);
#6323 = ORIENTED_EDGE('',*,*,#6244,.T.);
#6324 = ORIENTED_EDGE('',*,*,#6270,.F.);
#6325 = ( GEOMETRIC_REPRESENTATION_CONTEXT(3) 
GLOBAL_UNCERTAINTY_ASSIGNED_CONTEXT((#6329)) 
GLOBAL_UNIT_ASSIGNED_CONTEXT((#6326,#6327,#6328)) REPRESENTATION_CONTEXT
('Context #1','3D Context with UNIT and UNCERTAINTY') );
#6326 = ( LENGTH_UNIT() NAMED_UNIT(*) SI_UNIT(.MILLI.,.METRE.) );
#6327 = ( NAMED_UNIT(*) PLANE_ANGLE_UNIT() SI_UNIT($,.RADIAN.) );
#6328 = ( NAMED_UNIT(*) SI_UNIT($,.STERADIAN.) SOLID_ANGLE_UNIT() );
#6329 = UNCERTAINTY_MEASURE_WITH_UNIT(LENGTH_MEASURE(1.E-07),#6326,
  'distance_accuracy_value','confusion accuracy');
#6330 = CONTEXT_DEPENDENT_SHAPE_REPRESENTATION(#6331,#6333);
#6331 = ( REPRESENTATION_RELATIONSHIP('','',#5336,#10) 
REPRESENTATION_RELATIONSHIP_WITH_TRANSFORMATION(#6332) 
SHAPE_REPRESENTATION_RELATIONSHIP() );
#6332 = ITEM_DEFINED_TRANSFORMATION('','',#11,#23);
#6333 = PRODUCT_DEFINITION_SHAPE('Placement','Placement of an item',
  #6334);
#6334 = NEXT_ASSEMBLY_USAGE_OCCURRENCE('25','=>[0:1:1:4]','',#5,#5331,$
  );
#6335 = PRODUCT_RELATED_PRODUCT_CATEGORY('part',$,(#5333));
#6336 = SHAPE_DEFINITION_REPRESENTATION(#6337,#6343);
#6337 = PRODUCT_DEFINITION_SHAPE('','',#6338);
#6338 = PRODUCT_DEFINITION('design','',#6339,#6342);
#6339 = PRODUCT_DEFINITION_FORMATION('','',#6340);
#6340 = PRODUCT('COMPOUND','COMPOUND','',(#6341));
#6341 = PRODUCT_CONTEXT('',#2,'mechanical');
#6342 = PRODUCT_DEFINITION_CONTEXT('part definition',#2,'design');
#6343 = ADVANCED_BREP_SHAPE_REPRESENTATION('',(#11,#6344),#6674);
#6344 = MANIFOLD_SOLID_BREP('',#6345);
#6345 = CLOSED_SHELL('',(#6346,#6466,#6566,#6613,#6660,#6667));
#6346 = ADVANCED_FACE('',(#6347),#6361,.F.);
#6347 = FACE_BOUND('',#6348,.F.);
#6348 = EDGE_LOOP('',(#6349,#6384,#6412,#6440));
#6349 = ORIENTED_EDGE('',*,*,#6350,.F.);
#6350 = EDGE_CURVE('',#6351,#6353,#6355,.T.);
#6351 = VERTEX_POINT('',#6352);
#6352 = CARTESIAN_POINT('',(-20.,-20.,-4.));
#6353 = VERTEX_POINT('',#6354);
#6354 = CARTESIAN_POINT('',(-20.,-20.,4.));
#6355 = SURFACE_CURVE('',#6356,(#6360,#6372),.PCURVE_S1.);
#6356 = LINE('',#6357,#6358);
#6357 = CARTESIAN_POINT('',(-20.,-20.,-4.));
#6358 = VECTOR('',#6359,1.);
#6359 = DIRECTION('',(0.,0.,1.));
#6360 = PCURVE('',#6361,#6366);
#6361 = PLANE('',#6362);
#6362 = AXIS2_PLACEMENT_3D('',#6363,#6364,#6365);
#6363 = CARTESIAN_POINT('',(-20.,-20.,-4.));
#6364 = DIRECTION('',(1.,0.,-0.));
#6365 = DIRECTION('',(0.,0.,1.));
#6366 = DEFINITIONAL_REPRESENTATION('',(#6367),#6371);
#6367 = LINE('',#6368,#6369);
#6368 = CARTESIAN_POINT('',(0.,0.));
#6369 = VECTOR('',#6370,1.);
#6370 = DIRECTION('',(1.,0.));
#6371 = ( GEOMETRIC_REPRESENTATION_CONTEXT(2) 
PARAMETRIC_REPRESENTATION_CONTEXT() REPRESENTATION_CONTEXT('2D SPACE',''
  ) );
#6372 = PCURVE('',#6373,#6378);
#6373 = PLANE('',#6374);
#6374 = AXIS2_PLACEMENT_3D('',#6375,#6376,#6377);
#6375 = CARTESIAN_POINT('',(-20.,-20.,-4.));
#6376 = DIRECTION('',(-0.,1.,0.));
#6377 = DIRECTION('',(0.,0.,1.));
#6378 = DEFINITIONAL_REPRESENTATION('',(#6379),#6383);
#6379 = LINE('',#6380,#6381);
#6380 = CARTESIAN_POINT('',(0.,0.));
#6381 = VECTOR('',#6382,1.);
#6382 = DIRECTION('',(1.,0.));
#6383 = ( GEOMETRIC_REPRESENTATION_CONTEXT(2) 
PARAMETRIC_REPRESENTATION_CONTEXT() REPRESENTATION_CONTEXT('2D SPACE',''
  ) );
#6384 = ORIENTED_EDGE('',*,*,#6385,.T.);
#6385 = EDGE_CURVE('',#6351,#6386,#6388,.T.);
#6386 = VERTEX_POINT('',#6387);
#6387 = CARTESIAN_POINT('',(-20.,20.,-4.));
#6388 = SURFACE_CURVE('',#6389,(#6393,#6400),.PCURVE_S1.);
#6389 = LINE('',#6390,#6391);
#6390 = CARTESIAN_POINT('',(-20.,-20.,-4.));
#6391 = VECTOR('',#6392,1.);
#6392 = DIRECTION('',(-0.,1.,0.));
#6393 = PCURVE('',#6361,#6394);
#6394 = DEFINITIONAL_REPRESENTATION('',(#6395),#6399);
#6395 = LINE('',#6396,#6397);
#6396 = CARTESIAN_POINT('',(0.,0.));
#6397 = VECTOR('',#6398,1.);
#6398 = DIRECTION('',(0.,-1.));
#6399 = ( GEOMETRIC_REPRESENTATION_CONTEXT(2) 
PARAMETRIC_REPRESENTATION_CONTEXT() REPRESENTATION_CONTEXT('2D SPACE',''
  ) );
#6400 = PCURVE('',#6401,#6406);
#6401 = PLANE('',#6402);
#6402 = AXIS2_PLACEMENT_3D('',#6403,#6404,#6405);
#6403 = CARTESIAN_POINT('',(-20.,-20.,-4.));
#6404 = DIRECTION('',(0.,0.,1.));
#6405 = DIRECTION('',(1.,0.,-0.));
#6406 = DEFINITIONAL_REPRESENTATION('',(#6407),#6411);
#6407 = LINE('',#6408,#6409);
#6408 = CARTESIAN_POINT('',(0.,0.));
#6409 = VECTOR('',#6410,1.);
#6410 = DIRECTION('',(0.,1.));
#6411 = ( GEOMETRIC_REPRESENTATION_CONTEXT(2) 
PARAMETRIC_REPRESENTATION_CONTEXT() REPRESENTATION_CONTEXT('2D SPACE',''
  ) );
#6412 = ORIENTED_EDGE('',*,*,#6413,.T.);
#6413 = EDGE_CURVE('',#6386,#6414,#6416,.T.);
#6414 = VERTEX_POINT('',#6415);
#6415 = CARTESIAN_POINT('',(-20.,20.,4.));
#6416 = SURFACE_CURVE('',#6417,(#6421,#6428),.PCURVE_S1.);
#6417 = LINE('',#6418,#6419);
#6418 = CARTESIAN_POINT('',(-20.,20.,-4.));
#6419 = VECTOR('',#6420,1.);
#6420 = DIRECTION('',(0.,0.,1.));
#6421 = PCURVE('',#6361,#6422);
#6422 = DEFINITIONAL_REPRESENTATION('',(#6423),#6427);
#6423 = LINE('',#6424,#6425);
#6424 = CARTESIAN_POINT('',(0.,-40.));
#6425 = VECTOR('',#6426,1.);
#6426 = DIRECTION('',(1.,0.));
#6427 = ( GEOMETRIC_REPRESENTATION_CONTEXT(2) 
PARAMETRIC_REPRESENTATION_CONTEXT() REPRESENTATION_CONTEXT('2D SPACE',''
  ) );
#6428 = PCURVE('',#6429,#6434);
#6429 = PLANE('',#6430);
#6430 = AXIS2_PLACEMENT_3D('',#6431,#6432,#6433);
#6431 = CARTESIAN_POINT('',(-20.,20.,-4.));
#6432 = DIRECTION('',(-0.,1.,0.));
#6433 = DIRECTION('',(0.,0.,1.));
#6434 = DEFINITIONAL_REPRESENTATION('',(#6435),#6439);
#6435 = LINE('',#6436,#6437);
#6436 = CARTESIAN_POINT('',(0.,0.));
#6437 = VECTOR('',#6438,1.);
#6438 = DIRECTION('',(1.,0.));
#6439 = ( GEOMETRIC_REPRESENTATION_CONTEXT(2) 
PARAMETRIC_REPRESENTATION_CONTEXT() REPRESENTATION_CONTEXT('2D SPACE',''
  ) );
#6440 = ORIENTED_EDGE('',*,*,#6441,.F.);
#6441 = EDGE_CURVE('',#6353,#6414,#6442,.T.);
#6442 = SURFACE_CURVE('',#6443,(#6447,#6454),.PCURVE_S1.);
#6443 = LINE('',#6444,#6445);
#6444 = CARTESIAN_POINT('',(-20.,-20.,4.));
#6445 = VECTOR('',#6446,1.);
#6446 = DIRECTION('',(-0.,1.,0.));
#6447 = PCURVE('',#6361,#6448);
#6448 = DEFINITIONAL_REPRESENTATION('',(#6449),#6453);
#6449 = LINE('',#6450,#6451);
#6450 = CARTESIAN_POINT('',(8.,0.));
#6451 = VECTOR('',#6452,1.);
#6452 = DIRECTION('',(0.,-1.));
#6453 = ( GEOMETRIC_REPRESENTATION_CONTEXT(2) 
PARAMETRIC_REPRESENTATION_CONTEXT() REPRESENTATION_CONTEXT('2D SPACE',''
  ) );
#6454 = PCURVE('',#6455,#6460);
#6455 = PLANE('',#6456);
#6456 = AXIS2_PLACEMENT_3D('',#6457,#6458,#6459);
#6457 = CARTESIAN_POINT('',(-20.,-20.,4.));
#6458 = DIRECTION('',(0.,0.,1.));
#6459 = DIRECTION('',(1.,0.,-0.));
#6460 = DEFINITIONAL_REPRESENTATION('',(#6461),#6465);
#6461 = LINE('',#6462,#6463);
#6462 = CARTESIAN_POINT('',(0.,0.));
#6463 = VECTOR('',#6464,1.);
#6464 = DIRECTION('',(0.,1.));
#6465 = ( GEOMETRIC_REPRESENTATION_CONTEXT(2) 
PARAMETRIC_REPRESENTATION_CONTEXT() REPRESENTATION_CONTEXT('2D SPACE',''
  ) );
#6466 = ADVANCED_FACE('',(#6467),#6481,.T.);
#6467 = FACE_BOUND('',#6468,.T.);
#6468 = EDGE_LOOP('',(#6469,#6499,#6522,#6545));
#6469 = ORIENTED_EDGE('',*,*,#6470,.F.);
#6470 = EDGE_CURVE('',#6471,#6473,#6475,.T.);
#6471 = VERTEX_POINT('',#6472);
#6472 = CARTESIAN_POINT('',(20.,-20.,-4.));
#6473 = VERTEX_POINT('',#6474);
#6474 = CARTESIAN_POINT('',(20.,-20.,4.));
#6475 = SURFACE_CURVE('',#6476,(#6480,#6492),.PCURVE_S1.);
#6476 = LINE('',#6477,#6478);
#6477 = CARTESIAN_POINT('',(20.,-20.,-4.));
#6478 = VECTOR('',#6479,1.);
#6479 = DIRECTION('',(0.,0.,1.));
#6480 = PCURVE('',#6481,#6486);
#6481 = PLANE('',#6482);
#6482 = AXIS2_PLACEMENT_3D('',#6483,#6484,#6485);
#6483 = CARTESIAN_POINT('',(20.,-20.,-4.));
#6484 = DIRECTION('',(1.,0.,-0.));
#6485 = DIRECTION('',(0.,0.,1.));
#6486 = DEFINITIONAL_REPRESENTATION('',(#6487),#6491);
#6487 = LINE('',#6488,#6489);
#6488 = CARTESIAN_POINT('',(0.,0.));
#6489 = VECTOR('',#6490,1.);
#6490 = DIRECTION('',(1.,0.));
#6491 = ( GEOMETRIC_REPRESENTATION_CONTEXT(2) 
PARAMETRIC_REPRESENTATION_CONTEXT() REPRESENTATION_CONTEXT('2D SPACE',''
  ) );
#6492 = PCURVE('',#6373,#6493);
#6493 = DEFINITIONAL_REPRESENTATION('',(#6494),#6498);
#6494 = LINE('',#6495,#6496);
#6495 = CARTESIAN_POINT('',(0.,40.));
#6496 = VECTOR('',#6497,1.);
#6497 = DIRECTION('',(1.,0.));
#6498 = ( GEOMETRIC_REPRESENTATION_CONTEXT(2) 
PARAMETRIC_REPRESENTATION_CONTEXT() REPRESENTATION_CONTEXT('2D SPACE',''
  ) );
#6499 = ORIENTED_EDGE('',*,*,#6500,.T.);
#6500 = EDGE_CURVE('',#6471,#6501,#6503,.T.);
#6501 = VERTEX_POINT('',#6502);
#6502 = CARTESIAN_POINT('',(20.,20.,-4.));
#6503 = SURFACE_CURVE('',#6504,(#6508,#6515),.PCURVE_S1.);
#6504 = LINE('',#6505,#6506);
#6505 = CARTESIAN_POINT('',(20.,-20.,-4.));
#6506 = VECTOR('',#6507,1.);
#6507 = DIRECTION('',(-0.,1.,0.));
#6508 = PCURVE('',#6481,#6509);
#6509 = DEFINITIONAL_REPRESENTATION('',(#6510),#6514);
#6510 = LINE('',#6511,#6512);
#6511 = CARTESIAN_POINT('',(0.,0.));
#6512 = VECTOR('',#6513,1.);
#6513 = DIRECTION('',(0.,-1.));
#6514 = ( GEOMETRIC_REPRESENTATION_CONTEXT(2) 
PARAMETRIC_REPRESENTATION_CONTEXT() REPRESENTATION_CONTEXT('2D SPACE',''
  ) );
#6515 = PCURVE('',#6401,#6516);
#6516 = DEFINITIONAL_REPRESENTATION('',(#6517),#6521);
#6517 = LINE('',#6518,#6519);
#6518 = CARTESIAN_POINT('',(40.,0.));
#6519 = VECTOR('',#6520,1.);
#6520 = DIRECTION('',(0.,1.));
#6521 = ( GEOMETRIC_REPRESENTATION_CONTEXT(2) 
PARAMETRIC_REPRESENTATION_CONTEXT() REPRESENTATION_CONTEXT('2D SPACE',''
  ) );
#6522 = ORIENTED_EDGE('',*,*,#6523,.T.);
#6523 = EDGE_CURVE('',#6501,#6524,#6526,.T.);
#6524 = VERTEX_POINT('',#6525);
#6525 = CARTESIAN_POINT('',(20.,20.,4.));
#6526 = SURFACE_CURVE('',#6527,(#6531,#6538),.PCURVE_S1.);
#6527 = LINE('',#6528,#6529);
#6528 = CARTESIAN_POINT('',(20.,20.,-4.));
#6529 = VECTOR('',#6530,1.);
#6530 = DIRECTION('',(0.,0.,1.));
#6531 = PCURVE('',#6481,#6532);
#6532 = DEFINITIONAL_REPRESENTATION('',(#6533),#6537);
#6533 = LINE('',#6534,#6535);
#6534 = CARTESIAN_POINT('',(0.,-40.));
#6535 = VECTOR('',#6536,1.);
#6536 = DIRECTION('',(1.,0.));
#6537 = ( GEOMETRIC_REPRESENTATION_CONTEXT(2) 
PARAMETRIC_REPRESENTATION_CONTEXT() REPRESENTATION_CONTEXT('2D SPACE',''
  ) );
#6538 = PCURVE('',#6429,#6539);
#6539 = DEFINITIONAL_REPRESENTATION('',(#6540),#6544);
#6540 = LINE('',#6541,#6542);
#6541 = CARTESIAN_POINT('',(0.,40.));
#6542 = VECTOR('',#6543,1.);
#6543 = DIRECTION('',(1.,0.));
#6544 = ( GEOMETRIC_REPRESENTATION_CONTEXT(2) 
PARAMETRIC_REPRESENTATION_CONTEXT() REPRESENTATION_CONTEXT('2D SPACE',''
  ) );
#6545 = ORIENTED_EDGE('',*,*,#6546,.F.);
#6546 = EDGE_CURVE('',#6473,#6524,#6547,.T.);
#6547 = SURFACE_CURVE('',#6548,(#6552,#6559),.PCURVE_S1.);
#6548 = LINE('',#6549,#6550);
#6549 = CARTESIAN_POINT('',(20.,-20.,4.));
#6550 = VECTOR('',#6551,1.);
#6551 = DIRECTION('',(-0.,1.,0.));
#6552 = PCURVE('',#6481,#6553);
#6553 = DEFINITIONAL_REPRESENTATION('',(#6554),#6558);
#6554 = LINE('',#6555,#6556);
#6555 = CARTESIAN_POINT('',(8.,0.));
#6556 = VECTOR('',#6557,1.);
#6557 = DIRECTION('',(0.,-1.));
#6558 = ( GEOMETRIC_REPRESENTATION_CONTEXT(2) 
PARAMETRIC_REPRESENTATION_CONTEXT() REPRESENTATION_CONTEXT('2D SPACE',''
  ) );
#6559 = PCURVE('',#6455,#6560);
#6560 = DEFINITIONAL_REPRESENTATION('',(#6561),#6565);
#6561 = LINE('',#6562,#6563);
#6562 = CARTESIAN_POINT('',(40.,0.));
#6563 = VECTOR('',#6564,1.);
#6564 = DIRECTION('',(0.,1.));
#6565 = ( GEOMETRIC_REPRESENTATION_CONTEXT(2) 
PARAMETRIC_REPRESENTATION_CONTEXT() REPRESENTATION_CONTEXT('2D SPACE',''
  ) );
#6566 = ADVANCED_FACE('',(#6567),#6373,.F.);
#6567 = FACE_BOUND('',#6568,.F.);
#6568 = EDGE_LOOP('',(#6569,#6590,#6591,#6612));
#6569 = ORIENTED_EDGE('',*,*,#6570,.F.);
#6570 = EDGE_CURVE('',#6351,#6471,#6571,.T.);
#6571 = SURFACE_CURVE('',#6572,(#6576,#6583),.PCURVE_S1.);
#6572 = LINE('',#6573,#6574);
#6573 = CARTESIAN_POINT('',(-20.,-20.,-4.));
#6574 = VECTOR('',#6575,1.);
#6575 = DIRECTION('',(1.,0.,-0.));
#6576 = PCURVE('',#6373,#6577);
#6577 = DEFINITIONAL_REPRESENTATION('',(#6578),#6582);
#6578 = LINE('',#6579,#6580);
#6579 = CARTESIAN_POINT('',(0.,0.));
#6580 = VECTOR('',#6581,1.);
#6581 = DIRECTION('',(0.,1.));
#6582 = ( GEOMETRIC_REPRESENTATION_CONTEXT(2) 
PARAMETRIC_REPRESENTATION_CONTEXT() REPRESENTATION_CONTEXT('2D SPACE',''
  ) );
#6583 = PCURVE('',#6401,#6584);
#6584 = DEFINITIONAL_REPRESENTATION('',(#6585),#6589);
#6585 = LINE('',#6586,#6587);
#6586 = CARTESIAN_POINT('',(0.,0.));
#6587 = VECTOR('',#6588,1.);
#6588 = DIRECTION('',(1.,0.));
#6589 = ( GEOMETRIC_REPRESENTATION_CONTEXT(2) 
PARAMETRIC_REPRESENTATION_CONTEXT() REPRESENTATION_CONTEXT('2D SPACE',''
  ) );
#6590 = ORIENTED_EDGE('',*,*,#6350,.T.);
#6591 = ORIENTED_EDGE('',*,*,#6592,.T.);
#6592 = EDGE_CURVE('',#6353,#6473,#6593,.T.);
#6593 = SURFACE_CURVE('',#6594,(#6598,#6605),.PCURVE_S1.);
#6594 = LINE('',#6595,#6596);
#6595 = CARTESIAN_POINT('',(-20.,-20.,4.));
#6596 = VECTOR('',#6597,1.);
#6597 = DIRECTION('',(1.,0.,-0.));
#6598 = PCURVE('',#6373,#6599);
#6599 = DEFINITIONAL_REPRESENTATION('',(#6600),#6604);
#6600 = LINE('',#6601,#6602);
#6601 = CARTESIAN_POINT('',(8.,0.));
#6602 = VECTOR('',#6603,1.);
#6603 = DIRECTION('',(0.,1.));
#6604 = ( GEOMETRIC_REPRESENTATION_CONTEXT(2) 
PARAMETRIC_REPRESENTATION_CONTEXT() REPRESENTATION_CONTEXT('2D SPACE',''
  ) );
#6605 = PCURVE('',#6455,#6606);
#6606 = DEFINITIONAL_REPRESENTATION('',(#6607),#6611);
#6607 = LINE('',#6608,#6609);
#6608 = CARTESIAN_POINT('',(0.,0.));
#6609 = VECTOR('',#6610,1.);
#6610 = DIRECTION('',(1.,0.));
#6611 = ( GEOMETRIC_REPRESENTATION_CONTEXT(2) 
PARAMETRIC_REPRESENTATION_CONTEXT() REPRESENTATION_CONTEXT('2D SPACE',''
  ) );
#6612 = ORIENTED_EDGE('',*,*,#6470,.F.);
#6613 = ADVANCED_FACE('',(#6614),#6429,.T.);
#6614 = FACE_BOUND('',#6615,.T.);
#6615 = EDGE_LOOP('',(#6616,#6637,#6638,#6659));
#6616 = ORIENTED_EDGE('',*,*,#6617,.F.);
#6617 = EDGE_CURVE('',#6386,#6501,#6618,.T.);
#6618 = SURFACE_CURVE('',#6619,(#6623,#6630),.PCURVE_S1.);
#6619 = LINE('',#6620,#6621);
#6620 = CARTESIAN_POINT('',(-20.,20.,-4.));
#6621 = VECTOR('',#6622,1.);
#6622 = DIRECTION('',(1.,0.,-0.));
#6623 = PCURVE('',#6429,#6624);
#6624 = DEFINITIONAL_REPRESENTATION('',(#6625),#6629);
#6625 = LINE('',#6626,#6627);
#6626 = CARTESIAN_POINT('',(0.,0.));
#6627 = VECTOR('',#6628,1.);
#6628 = DIRECTION('',(0.,1.));
#6629 = ( GEOMETRIC_REPRESENTATION_CONTEXT(2) 
PARAMETRIC_REPRESENTATION_CONTEXT() REPRESENTATION_CONTEXT('2D SPACE',''
  ) );
#6630 = PCURVE('',#6401,#6631);
#6631 = DEFINITIONAL_REPRESENTATION('',(#6632),#6636);
#6632 = LINE('',#6633,#6634);
#6633 = CARTESIAN_POINT('',(0.,40.));
#6634 = VECTOR('',#6635,1.);
#6635 = DIRECTION('',(1.,0.));
#6636 = ( GEOMETRIC_REPRESENTATION_CONTEXT(2) 
PARAMETRIC_REPRESENTATION_CONTEXT() REPRESENTATION_CONTEXT('2D SPACE',''
  ) );
#6637 = ORIENTED_EDGE('',*,*,#6413,.T.);
#6638 = ORIENTED_EDGE('',*,*,#6639,.T.);
#6639 = EDGE_CURVE('',#6414,#6524,#6640,.T.);
#6640 = SURFACE_CURVE('',#6641,(#6645,#6652),.PCURVE_S1.);
#6641 = LINE('',#6642,#6643);
#6642 = CARTESIAN_POINT('',(-20.,20.,4.));
#6643 = VECTOR('',#6644,1.);
#6644 = DIRECTION('',(1.,0.,-0.));
#6645 = PCURVE('',#6429,#6646);
#6646 = DEFINITIONAL_REPRESENTATION('',(#6647),#6651);
#6647 = LINE('',#6648,#6649);
#6648 = CARTESIAN_POINT('',(8.,0.));
#6649 = VECTOR('',#6650,1.);
#6650 = DIRECTION('',(0.,1.));
#6651 = ( GEOMETRIC_REPRESENTATION_CONTEXT(2) 
PARAMETRIC_REPRESENTATION_CONTEXT() REPRESENTATION_CONTEXT('2D SPACE',''
  ) );
#6652 = PCURVE('',#6455,#6653);
#6653 = DEFINITIONAL_REPRESENTATION('',(#6654),#6658);
#6654 = LINE('',#6655,#6656);
#6655 = CARTESIAN_POINT('',(0.,40.));
#6656 = VECTOR('',#6657,1.);
#6657 = DIRECTION('',(1.,0.));
#6658 = ( GEOMETRIC_REPRESENTATION_CONTEXT(2) 
PARAMETRIC_REPRESENTATION_CONTEXT() REPRESENTATION_CONTEXT('2D SPACE',''
  ) );
#6659 = ORIENTED_EDGE('',*,*,#6523,.F.);
#6660 = ADVANCED_FACE('',(#6661),#6401,.F.);
#6661 = FACE_BOUND('',#6662,.F.);
#6662 = EDGE_LOOP('',(#6663,#6664,#6665,#6666));
#6663 = ORIENTED_EDGE('',*,*,#6385,.F.);
#6664 = ORIENTED_EDGE('',*,*,#6570,.T.);
#6665 = ORIENTED_EDGE('',*,*,#6500,.T.);
#6666 = ORIENTED_EDGE('',*,*,#6617,.F.);
#6667 = ADVANCED_FACE('',(#6668),#6455,.T.);
#6668 = FACE_BOUND('',#6669,.T.);
#6669 = EDGE_LOOP('',(#6670,#6671,#6672,#6673));
#6670 = ORIENTED_EDGE('',*,*,#6441,.F.);
#6671 = ORIENTED_EDGE('',*,*,#6592,.T.);
#6672 = ORIENTED_EDGE('',*,*,#6546,.T.);
#6673 = ORIENTED_EDGE('',*,*,#6639,.F.);
#6674 = ( GEOMETRIC_REPRESENTATION_CONTEXT(3) 
GLOBAL_UNCERTAINTY_ASSIGNED_CONTEXT((#6678)) 
GLOBAL_UNIT_ASSIGNED_CONTEXT((#6675,#6676,#6677)) REPRESENTATION_CONTEXT
('Context #1','3D Context with UNIT and UNCERTAINTY') );
#6675 = ( LENGTH_UNIT() NAMED_UNIT(*) SI_UNIT(.MILLI.,.METRE.) );
#6676 = ( NAMED_UNIT(*) PLANE_ANGLE_UNIT() SI_UNIT($,.RADIAN.) );
#6677 = ( NAMED_UNIT(*) SI_UNIT($,.STERADIAN.) SOLID_ANGLE_UNIT() );
#6678 = UNCERTAINTY_MEASURE_WITH_UNIT(LENGTH_MEASURE(1.E-07),#6675,
  'distance_accuracy_value','confusion accuracy');
#6679 = CONTEXT_DEPENDENT_SHAPE_REPRESENTATION(#6680,#6682);
#6680 = ( REPRESENTATION_RELATIONSHIP('','',#6343,#10) 
REPRESENTATION_RELATIONSHIP_WITH_TRANSFORMATION(#6681) 
SHAPE_REPRESENTATION_RELATIONSHIP() );
#6681 = ITEM_DEFINED_TRANSFORMATION('','',#11,#27);
#6682 = PRODUCT_DEFINITION_SHAPE('Placement','Placement of an item',
  #6683);
#6683 = NEXT_ASSEMBLY_USAGE_OCCURRENCE('26','=>[0:1:1:5]','',#5,#6338,$
  );
#6684 = PRODUCT_RELATED_PRODUCT_CATEGORY('part',$,(#6340));
#6685 = SHAPE_DEFINITION_REPRESENTATION(#6686,#6692);
#6686 = PRODUCT_DEFINITION_SHAPE('','',#6687);
#6687 = PRODUCT_DEFINITION('design','',#6688,#6691);
#6688 = PRODUCT_DEFINITION_FORMATION('','',#6689);
#6689 = PRODUCT('COMPOUND','COMPOUND','',(#6690));
#6690 = PRODUCT_CONTEXT('',#2,'mechanical');
#6691 = PRODUCT_DEFINITION_CONTEXT('part definition',#2,'design');
#6692 = ADVANCED_BREP_SHAPE_REPRESENTATION('',(#11,#6693),#7681);
#6693 = MANIFOLD_SOLID_BREP('',#6694);
#6694 = CLOSED_SHELL('',(#6695,#6815,#6891,#7178,#7227,#7358,#7365,#7392
    ,#7419,#7446,#7522,#7571,#7620,#7647,#7674));
#6695 = ADVANCED_FACE('',(#6696),#6710,.F.);
#6696 = FACE_BOUND('',#6697,.F.);
#6697 = EDGE_LOOP('',(#6698,#6733,#6761,#6789));
#6698 = ORIENTED_EDGE('',*,*,#6699,.F.);
#6699 = EDGE_CURVE('',#6700,#6702,#6704,.T.);
#6700 = VERTEX_POINT('',#6701);
#6701 = CARTESIAN_POINT('',(-102.5,-28.,33.6));
#6702 = VERTEX_POINT('',#6703);
#6703 = CARTESIAN_POINT('',(-102.5,-28.,35.2));
#6704 = SURFACE_CURVE('',#6705,(#6709,#6721),.PCURVE_S1.);
#6705 = LINE('',#6706,#6707);
#6706 = CARTESIAN_POINT('',(-102.5,-28.,33.6));
#6707 = VECTOR('',#6708,1.);
#6708 = DIRECTION('',(0.,0.,1.));
#6709 = PCURVE('',#6710,#6715);
#6710 = PLANE('',#6711);
#6711 = AXIS2_PLACEMENT_3D('',#6712,#6713,#6714);
#6712 = CARTESIAN_POINT('',(-102.5,-28.,33.6));
#6713 = DIRECTION('',(1.,0.,-0.));
#6714 = DIRECTION('',(0.,0.,1.));
#6715 = DEFINITIONAL_REPRESENTATION('',(#6716),#6720);
#6716 = LINE('',#6717,#6718);
#6717 = CARTESIAN_POINT('',(0.,0.));
#6718 = VECTOR('',#6719,1.);
#6719 = DIRECTION('',(1.,0.));
#6720 = ( GEOMETRIC_REPRESENTATION_CONTEXT(2) 
PARAMETRIC_REPRESENTATION_CONTEXT() REPRESENTATION_CONTEXT('2D SPACE',''
  ) );
#6721 = PCURVE('',#6722,#6727);
#6722 = PLANE('',#6723);
#6723 = AXIS2_PLACEMENT_3D('',#6724,#6725,#6726);
#6724 = CARTESIAN_POINT('',(-102.5,-28.,33.6));
#6725 = DIRECTION('',(-0.,1.,0.));
#6726 = DIRECTION('',(0.,0.,1.));
#6727 = DEFINITIONAL_REPRESENTATION('',(#6728),#6732);
#6728 = LINE('',#6729,#6730);
#6729 = CARTESIAN_POINT('',(0.,0.));
#6730 = VECTOR('',#6731,1.);
#6731 = DIRECTION('',(1.,0.));
#6732 = ( GEOMETRIC_REPRESENTATION_CONTEXT(2) 
PARAMETRIC_REPRESENTATION_CONTEXT() REPRESENTATION_CONTEXT('2D SPACE',''
  ) );
#6733 = ORIENTED_EDGE('',*,*,#6734,.T.);
#6734 = EDGE_CURVE('',#6700,#6735,#6737,.T.);
#6735 = VERTEX_POINT('',#6736);
#6736 = CARTESIAN_POINT('',(-102.5,28.,33.6));
#6737 = SURFACE_CURVE('',#6738,(#6742,#6749),.PCURVE_S1.);
#6738 = LINE('',#6739,#6740);
#6739 = CARTESIAN_POINT('',(-102.5,-28.,33.6));
#6740 = VECTOR('',#6741,1.);
#6741 = DIRECTION('',(-0.,1.,0.));
#6742 = PCURVE('',#6710,#6743);
#6743 = DEFINITIONAL_REPRESENTATION('',(#6744),#6748);
#6744 = LINE('',#6745,#6746);
#6745 = CARTESIAN_POINT('',(0.,0.));
#6746 = VECTOR('',#6747,1.);
#6747 = DIRECTION('',(0.,-1.));
#6748 = ( GEOMETRIC_REPRESENTATION_CONTEXT(2) 
PARAMETRIC_REPRESENTATION_CONTEXT() REPRESENTATION_CONTEXT('2D SPACE',''
  ) );
#6749 = PCURVE('',#6750,#6755);
#6750 = PLANE('',#6751);
#6751 = AXIS2_PLACEMENT_3D('',#6752,#6753,#6754);
#6752 = CARTESIAN_POINT('',(-102.5,-28.,33.6));
#6753 = DIRECTION('',(0.,0.,1.));
#6754 = DIRECTION('',(1.,0.,-0.));
#6755 = DEFINITIONAL_REPRESENTATION('',(#6756),#6760);
#6756 = LINE('',#6757,#6758);
#6757 = CARTESIAN_POINT('',(0.,0.));
#6758 = VECTOR('',#6759,1.);
#6759 = DIRECTION('',(0.,1.));
#6760 = ( GEOMETRIC_REPRESENTATION_CONTEXT(2) 
PARAMETRIC_REPRESENTATION_CONTEXT() REPRESENTATION_CONTEXT('2D SPACE',''
  ) );
#6761 = ORIENTED_EDGE('',*,*,#6762,.T.);
#6762 = EDGE_CURVE('',#6735,#6763,#6765,.T.);
#6763 = VERTEX_POINT('',#6764);
#6764 = CARTESIAN_POINT('',(-102.5,28.,35.2));
#6765 = SURFACE_CURVE('',#6766,(#6770,#6777),.PCURVE_S1.);
#6766 = LINE('',#6767,#6768);
#6767 = CARTESIAN_POINT('',(-102.5,28.,33.6));
#6768 = VECTOR('',#6769,1.);
#6769 = DIRECTION('',(0.,0.,1.));
#6770 = PCURVE('',#6710,#6771);
#6771 = DEFINITIONAL_REPRESENTATION('',(#6772),#6776);
#6772 = LINE('',#6773,#6774);
#6773 = CARTESIAN_POINT('',(0.,-56.));
#6774 = VECTOR('',#6775,1.);
#6775 = DIRECTION('',(1.,0.));
#6776 = ( GEOMETRIC_REPRESENTATION_CONTEXT(2) 
PARAMETRIC_REPRESENTATION_CONTEXT() REPRESENTATION_CONTEXT('2D SPACE',''
  ) );
#6777 = PCURVE('',#6778,#6783);
#6778 = PLANE('',#6779);
#6779 = AXIS2_PLACEMENT_3D('',#6780,#6781,#6782);
#6780 = CARTESIAN_POINT('',(-102.5,28.,33.6));
#6781 = DIRECTION('',(-0.,1.,0.));
#6782 = DIRECTION('',(0.,0.,1.));
#6783 = DEFINITIONAL_REPRESENTATION('',(#6784),#6788);
#6784 = LINE('',#6785,#6786);
#6785 = CARTESIAN_POINT('',(0.,0.));
#6786 = VECTOR('',#6787,1.);
#6787 = DIRECTION('',(1.,0.));
#6788 = ( GEOMETRIC_REPRESENTATION_CONTEXT(2) 
PARAMETRIC_REPRESENTATION_CONTEXT() REPRESENTATION_CONTEXT('2D SPACE',''
  ) );
#6789 = ORIENTED_EDGE('',*,*,#6790,.F.);
#6790 = EDGE_CURVE('',#6702,#6763,#6791,.T.);
#6791 = SURFACE_CURVE('',#6792,(#6796,#6803),.PCURVE_S1.);
#6792 = LINE('',#6793,#6794);
#6793 = CARTESIAN_POINT('',(-102.5,-28.,35.2));
#6794 = VECTOR('',#6795,1.);
#6795 = DIRECTION('',(-0.,1.,0.));
#6796 = PCURVE('',#6710,#6797);
#6797 = DEFINITIONAL_REPRESENTATION('',(#6798),#6802);
#6798 = LINE('',#6799,#6800);
#6799 = CARTESIAN_POINT('',(1.6,0.));
#6800 = VECTOR('',#6801,1.);
#6801 = DIRECTION('',(0.,-1.));
#6802 = ( GEOMETRIC_REPRESENTATION_CONTEXT(2) 
PARAMETRIC_REPRESENTATION_CONTEXT() REPRESENTATION_CONTEXT('2D SPACE',''
  ) );
#6803 = PCURVE('',#6804,#6809);
#6804 = PLANE('',#6805);
#6805 = AXIS2_PLACEMENT_3D('',#6806,#6807,#6808);
#6806 = CARTESIAN_POINT('',(-102.5,-28.,35.2));
#6807 = DIRECTION('',(0.,0.,1.));
#6808 = DIRECTION('',(1.,0.,-0.));
#6809 = DEFINITIONAL_REPRESENTATION('',(#6810),#6814);
#6810 = LINE('',#6811,#6812);
#6811 = CARTESIAN_POINT('',(0.,0.));
#6812 = VECTOR('',#6813,1.);
#6813 = DIRECTION('',(0.,1.));
#6814 = ( GEOMETRIC_REPRESENTATION_CONTEXT(2) 
PARAMETRIC_REPRESENTATION_CONTEXT() REPRESENTATION_CONTEXT('2D SPACE',''
  ) );
#6815 = ADVANCED_FACE('',(#6816),#6722,.F.);
#6816 = FACE_BOUND('',#6817,.F.);
#6817 = EDGE_LOOP('',(#6818,#6841,#6842,#6865));
#6818 = ORIENTED_EDGE('',*,*,#6819,.F.);
#6819 = EDGE_CURVE('',#6700,#6820,#6822,.T.);
#6820 = VERTEX_POINT('',#6821);
#6821 = CARTESIAN_POINT('',(-37.5,-28.,33.6));
#6822 = SURFACE_CURVE('',#6823,(#6827,#6834),.PCURVE_S1.);
#6823 = LINE('',#6824,#6825);
#6824 = CARTESIAN_POINT('',(-102.5,-28.,33.6));
#6825 = VECTOR('',#6826,1.);
#6826 = DIRECTION('',(1.,0.,-0.));
#6827 = PCURVE('',#6722,#6828);
#6828 = DEFINITIONAL_REPRESENTATION('',(#6829),#6833);
#6829 = LINE('',#6830,#6831);
#6830 = CARTESIAN_POINT('',(0.,0.));
#6831 = VECTOR('',#6832,1.);
#6832 = DIRECTION('',(0.,1.));
#6833 = ( GEOMETRIC_REPRESENTATION_CONTEXT(2) 
PARAMETRIC_REPRESENTATION_CONTEXT() REPRESENTATION_CONTEXT('2D SPACE',''
  ) );
#6834 = PCURVE('',#6750,#6835);
#6835 = DEFINITIONAL_REPRESENTATION('',(#6836),#6840);
#6836 = LINE('',#6837,#6838);
#6837 = CARTESIAN_POINT('',(0.,0.));
#6838 = VECTOR('',#6839,1.);
#6839 = DIRECTION('',(1.,0.));
#6840 = ( GEOMETRIC_REPRESENTATION_CONTEXT(2) 
PARAMETRIC_REPRESENTATION_CONTEXT() REPRESENTATION_CONTEXT('2D SPACE',''
  ) );
#6841 = ORIENTED_EDGE('',*,*,#6699,.T.);
#6842 = ORIENTED_EDGE('',*,*,#6843,.T.);
#6843 = EDGE_CURVE('',#6702,#6844,#6846,.T.);
#6844 = VERTEX_POINT('',#6845);
#6845 = CARTESIAN_POINT('',(-37.5,-28.,35.2));
#6846 = SURFACE_CURVE('',#6847,(#6851,#6858),.PCURVE_S1.);
#6847 = LINE('',#6848,#6849);
#6848 = CARTESIAN_POINT('',(-102.5,-28.,35.2));
#6849 = VECTOR('',#6850,1.);
#6850 = DIRECTION('',(1.,0.,-0.));
#6851 = PCURVE('',#6722,#6852);
#6852 = DEFINITIONAL_REPRESENTATION('',(#6853),#6857);
#6853 = LINE('',#6854,#6855);
#6854 = CARTESIAN_POINT('',(1.6,0.));
#6855 = VECTOR('',#6856,1.);
#6856 = DIRECTION('',(0.,1.));
#6857 = ( GEOMETRIC_REPRESENTATION_CONTEXT(2) 
PARAMETRIC_REPRESENTATION_CONTEXT() REPRESENTATION_CONTEXT('2D SPACE',''
  ) );
#6858 = PCURVE('',#6804,#6859);
#6859 = DEFINITIONAL_REPRESENTATION('',(#6860),#6864);
#6860 = LINE('',#6861,#6862);
#6861 = CARTESIAN_POINT('',(0.,0.));
#6862 = VECTOR('',#6863,1.);
#6863 = DIRECTION('',(1.,0.));
#6864 = ( GEOMETRIC_REPRESENTATION_CONTEXT(2) 
PARAMETRIC_REPRESENTATION_CONTEXT() REPRESENTATION_CONTEXT('2D SPACE',''
  ) );
#6865 = ORIENTED_EDGE('',*,*,#6866,.F.);
#6866 = EDGE_CURVE('',#6820,#6844,#6867,.T.);
#6867 = SURFACE_CURVE('',#6868,(#6872,#6879),.PCURVE_S1.);
#6868 = LINE('',#6869,#6870);
#6869 = CARTESIAN_POINT('',(-37.5,-28.,33.6));
#6870 = VECTOR('',#6871,1.);
#6871 = DIRECTION('',(0.,0.,1.));
#6872 = PCURVE('',#6722,#6873);
#6873 = DEFINITIONAL_REPRESENTATION('',(#6874),#6878);
#6874 = LINE('',#6875,#6876);
#6875 = CARTESIAN_POINT('',(0.,65.));
#6876 = VECTOR('',#6877,1.);
#6877 = DIRECTION('',(1.,0.));
#6878 = ( GEOMETRIC_REPRESENTATION_CONTEXT(2) 
PARAMETRIC_REPRESENTATION_CONTEXT() REPRESENTATION_CONTEXT('2D SPACE',''
  ) );
#6879 = PCURVE('',#6880,#6885);
#6880 = PLANE('',#6881);
#6881 = AXIS2_PLACEMENT_3D('',#6882,#6883,#6884);
#6882 = CARTESIAN_POINT('',(-37.5,-28.,33.6));
#6883 = DIRECTION('',(1.,0.,-0.));
#6884 = DIRECTION('',(0.,0.,1.));
#6885 = DEFINITIONAL_REPRESENTATION('',(#6886),#6890);
#6886 = LINE('',#6887,#6888);
#6887 = CARTESIAN_POINT('',(0.,0.));
#6888 = VECTOR('',#6889,1.);
#6889 = DIRECTION('',(1.,0.));
#6890 = ( GEOMETRIC_REPRESENTATION_CONTEXT(2) 
PARAMETRIC_REPRESENTATION_CONTEXT() REPRESENTATION_CONTEXT('2D SPACE',''
  ) );
#6891 = ADVANCED_FACE('',(#6892,#6940,#6971,#7002,#7033,#7147),#6804,.T.
  );
#6892 = FACE_BOUND('',#6893,.T.);
#6893 = EDGE_LOOP('',(#6894,#6895,#6896,#6919));
#6894 = ORIENTED_EDGE('',*,*,#6790,.F.);
#6895 = ORIENTED_EDGE('',*,*,#6843,.T.);
#6896 = ORIENTED_EDGE('',*,*,#6897,.T.);
#6897 = EDGE_CURVE('',#6844,#6898,#6900,.T.);
#6898 = VERTEX_POINT('',#6899);
#6899 = CARTESIAN_POINT('',(-37.5,28.,35.2));
#6900 = SURFACE_CURVE('',#6901,(#6905,#6912),.PCURVE_S1.);
#6901 = LINE('',#6902,#6903);
#6902 = CARTESIAN_POINT('',(-37.5,-28.,35.2));
#6903 = VECTOR('',#6904,1.);
#6904 = DIRECTION('',(-0.,1.,0.));
#6905 = PCURVE('',#6804,#6906);
#6906 = DEFINITIONAL_REPRESENTATION('',(#6907),#6911);
#6907 = LINE('',#6908,#6909);
#6908 = CARTESIAN_POINT('',(65.,0.));
#6909 = VECTOR('',#6910,1.);
#6910 = DIRECTION('',(0.,1.));
#6911 = ( GEOMETRIC_REPRESENTATION_CONTEXT(2) 
PARAMETRIC_REPRESENTATION_CONTEXT() REPRESENTATION_CONTEXT('2D SPACE',''
  ) );
#6912 = PCURVE('',#6880,#6913);
#6913 = DEFINITIONAL_REPRESENTATION('',(#6914),#6918);
#6914 = LINE('',#6915,#6916);
#6915 = CARTESIAN_POINT('',(1.6,0.));
#6916 = VECTOR('',#6917,1.);
#6917 = DIRECTION('',(0.,-1.));
#6918 = ( GEOMETRIC_REPRESENTATION_CONTEXT(2) 
PARAMETRIC_REPRESENTATION_CONTEXT() REPRESENTATION_CONTEXT('2D SPACE',''
  ) );
#6919 = ORIENTED_EDGE('',*,*,#6920,.F.);
#6920 = EDGE_CURVE('',#6763,#6898,#6921,.T.);
#6921 = SURFACE_CURVE('',#6922,(#6926,#6933),.PCURVE_S1.);
#6922 = LINE('',#6923,#6924);
#6923 = CARTESIAN_POINT('',(-102.5,28.,35.2));
#6924 = VECTOR('',#6925,1.);
#6925 = DIRECTION('',(1.,0.,-0.));
#6926 = PCURVE('',#6804,#6927);
#6927 = DEFINITIONAL_REPRESENTATION('',(#6928),#6932);
#6928 = LINE('',#6929,#6930);
#6929 = CARTESIAN_POINT('',(0.,56.));
#6930 = VECTOR('',#6931,1.);
#6931 = DIRECTION('',(1.,0.));
#6932 = ( GEOMETRIC_REPRESENTATION_CONTEXT(2) 
PARAMETRIC_REPRESENTATION_CONTEXT() REPRESENTATION_CONTEXT('2D SPACE',''
  ) );
#6933 = PCURVE('',#6778,#6934);
#6934 = DEFINITIONAL_REPRESENTATION('',(#6935),#6939);
#6935 = LINE('',#6936,#6937);
#6936 = CARTESIAN_POINT('',(1.6,0.));
#6937 = VECTOR('',#6938,1.);
#6938 = DIRECTION('',(0.,1.));
#6939 = ( GEOMETRIC_REPRESENTATION_CONTEXT(2) 
PARAMETRIC_REPRESENTATION_CONTEXT() REPRESENTATION_CONTEXT('2D SPACE',''
  ) );
#6940 = FACE_BOUND('',#6941,.T.);
#6941 = EDGE_LOOP('',(#6942));
#6942 = ORIENTED_EDGE('',*,*,#6943,.F.);
#6943 = EDGE_CURVE('',#6944,#6944,#6946,.T.);
#6944 = VERTEX_POINT('',#6945);
#6945 = CARTESIAN_POINT('',(-97.65,-24.5,35.2));
#6946 = SURFACE_CURVE('',#6947,(#6952,#6959),.PCURVE_S1.);
#6947 = CIRCLE('',#6948,1.35);
#6948 = AXIS2_PLACEMENT_3D('',#6949,#6950,#6951);
#6949 = CARTESIAN_POINT('',(-99.,-24.5,35.2));
#6950 = DIRECTION('',(0.,0.,1.));
#6951 = DIRECTION('',(1.,0.,-0.));
#6952 = PCURVE('',#6804,#6953);
#6953 = DEFINITIONAL_REPRESENTATION('',(#6954),#6958);
#6954 = CIRCLE('',#6955,1.35);
#6955 = AXIS2_PLACEMENT_2D('',#6956,#6957);
#6956 = CARTESIAN_POINT('',(3.5,3.5));
#6957 = DIRECTION('',(1.,0.));
#6958 = ( GEOMETRIC_REPRESENTATION_CONTEXT(2) 
PARAMETRIC_REPRESENTATION_CONTEXT() REPRESENTATION_CONTEXT('2D SPACE',''
  ) );
#6959 = PCURVE('',#6960,#6965);
#6960 = CYLINDRICAL_SURFACE('',#6961,1.35);
#6961 = AXIS2_PLACEMENT_3D('',#6962,#6963,#6964);
#6962 = CARTESIAN_POINT('',(-99.,-24.5,32.6));
#6963 = DIRECTION('',(0.,0.,1.));
#6964 = DIRECTION('',(1.,0.,-0.));
#6965 = DEFINITIONAL_REPRESENTATION('',(#6966),#6970);
#6966 = LINE('',#6967,#6968);
#6967 = CARTESIAN_POINT('',(0.,2.6));
#6968 = VECTOR('',#6969,1.);
#6969 = DIRECTION('',(1.,0.));
#6970 = ( GEOMETRIC_REPRESENTATION_CONTEXT(2) 
PARAMETRIC_REPRESENTATION_CONTEXT() REPRESENTATION_CONTEXT('2D SPACE',''
  ) );
#6971 = FACE_BOUND('',#6972,.T.);
#6972 = EDGE_LOOP('',(#6973));
#6973 = ORIENTED_EDGE('',*,*,#6974,.F.);
#6974 = EDGE_CURVE('',#6975,#6975,#6977,.T.);
#6975 = VERTEX_POINT('',#6976);
#6976 = CARTESIAN_POINT('',(-39.65,-24.5,35.2));
#6977 = SURFACE_CURVE('',#6978,(#6983,#6990),.PCURVE_S1.);
#6978 = CIRCLE('',#6979,1.35);
#6979 = AXIS2_PLACEMENT_3D('',#6980,#6981,#6982);
#6980 = CARTESIAN_POINT('',(-41.,-24.5,35.2));
#6981 = DIRECTION('',(0.,0.,1.));
#6982 = DIRECTION('',(1.,0.,-0.));
#6983 = PCURVE('',#6804,#6984);
#6984 = DEFINITIONAL_REPRESENTATION('',(#6985),#6989);
#6985 = CIRCLE('',#6986,1.35);
#6986 = AXIS2_PLACEMENT_2D('',#6987,#6988);
#6987 = CARTESIAN_POINT('',(61.5,3.5));
#6988 = DIRECTION('',(1.,0.));
#6989 = ( GEOMETRIC_REPRESENTATION_CONTEXT(2) 
PARAMETRIC_REPRESENTATION_CONTEXT() REPRESENTATION_CONTEXT('2D SPACE',''
  ) );
#6990 = PCURVE('',#6991,#6996);
#6991 = CYLINDRICAL_SURFACE('',#6992,1.35);
#6992 = AXIS2_PLACEMENT_3D('',#6993,#6994,#6995);
#6993 = CARTESIAN_POINT('',(-41.,-24.5,32.6));
#6994 = DIRECTION('',(0.,0.,1.));
#6995 = DIRECTION('',(1.,0.,-0.));
#6996 = DEFINITIONAL_REPRESENTATION('',(#6997),#7001);
#6997 = LINE('',#6998,#6999);
#6998 = CARTESIAN_POINT('',(0.,2.6));
#6999 = VECTOR('',#7000,1.);
#7000 = DIRECTION('',(1.,0.));
#7001 = ( GEOMETRIC_REPRESENTATION_CONTEXT(2) 
PARAMETRIC_REPRESENTATION_CONTEXT() REPRESENTATION_CONTEXT('2D SPACE',''
  ) );
#7002 = FACE_BOUND('',#7003,.T.);
#7003 = EDGE_LOOP('',(#7004));
#7004 = ORIENTED_EDGE('',*,*,#7005,.F.);
#7005 = EDGE_CURVE('',#7006,#7006,#7008,.T.);
#7006 = VERTEX_POINT('',#7007);
#7007 = CARTESIAN_POINT('',(-97.65,24.5,35.2));
#7008 = SURFACE_CURVE('',#7009,(#7014,#7021),.PCURVE_S1.);
#7009 = CIRCLE('',#7010,1.35);
#7010 = AXIS2_PLACEMENT_3D('',#7011,#7012,#7013);
#7011 = CARTESIAN_POINT('',(-99.,24.5,35.2));
#7012 = DIRECTION('',(0.,0.,1.));
#7013 = DIRECTION('',(1.,0.,-0.));
#7014 = PCURVE('',#6804,#7015);
#7015 = DEFINITIONAL_REPRESENTATION('',(#7016),#7020);
#7016 = CIRCLE('',#7017,1.35);
#7017 = AXIS2_PLACEMENT_2D('',#7018,#7019);
#7018 = CARTESIAN_POINT('',(3.5,52.5));
#7019 = DIRECTION('',(1.,0.));
#7020 = ( GEOMETRIC_REPRESENTATION_CONTEXT(2) 
PARAMETRIC_REPRESENTATION_CONTEXT() REPRESENTATION_CONTEXT('2D SPACE',''
  ) );
#7021 = PCURVE('',#7022,#7027);
#7022 = CYLINDRICAL_SURFACE('',#7023,1.35);
#7023 = AXIS2_PLACEMENT_3D('',#7024,#7025,#7026);
#7024 = CARTESIAN_POINT('',(-99.,24.5,32.6));
#7025 = DIRECTION('',(0.,0.,1.));
#7026 = DIRECTION('',(1.,0.,-0.));
#7027 = DEFINITIONAL_REPRESENTATION('',(#7028),#7032);
#7028 = LINE('',#7029,#7030);
#7029 = CARTESIAN_POINT('',(0.,2.6));
#7030 = VECTOR('',#7031,1.);
#7031 = DIRECTION('',(1.,0.));
#7032 = ( GEOMETRIC_REPRESENTATION_CONTEXT(2) 
PARAMETRIC_REPRESENTATION_CONTEXT() REPRESENTATION_CONTEXT('2D SPACE',''
  ) );
#7033 = FACE_BOUND('',#7034,.T.);
#7034 = EDGE_LOOP('',(#7035,#7065,#7093,#7121));
#7035 = ORIENTED_EDGE('',*,*,#7036,.T.);
#7036 = EDGE_CURVE('',#7037,#7039,#7041,.T.);
#7037 = VERTEX_POINT('',#7038);
#7038 = CARTESIAN_POINT('',(-96.,-15.,35.2));
#7039 = VERTEX_POINT('',#7040);
#7040 = CARTESIAN_POINT('',(-96.,15.,35.2));
#7041 = SURFACE_CURVE('',#7042,(#7046,#7053),.PCURVE_S1.);
#7042 = LINE('',#7043,#7044);
#7043 = CARTESIAN_POINT('',(-96.,-15.,35.2));
#7044 = VECTOR('',#7045,1.);
#7045 = DIRECTION('',(-0.,1.,0.));
#7046 = PCURVE('',#6804,#7047);
#7047 = DEFINITIONAL_REPRESENTATION('',(#7048),#7052);
#7048 = LINE('',#7049,#7050);
#7049 = CARTESIAN_POINT('',(6.5,13.));
#7050 = VECTOR('',#7051,1.);
#7051 = DIRECTION('',(0.,1.));
#7052 = ( GEOMETRIC_REPRESENTATION_CONTEXT(2) 
PARAMETRIC_REPRESENTATION_CONTEXT() REPRESENTATION_CONTEXT('2D SPACE',''
  ) );
#7053 = PCURVE('',#7054,#7059);
#7054 = PLANE('',#7055);
#7055 = AXIS2_PLACEMENT_3D('',#7056,#7057,#7058);
#7056 = CARTESIAN_POINT('',(-96.,-15.,35.2));
#7057 = DIRECTION('',(1.,0.,-0.));
#7058 = DIRECTION('',(0.,0.,1.));
#7059 = DEFINITIONAL_REPRESENTATION('',(#7060),#7064);
#7060 = LINE('',#7061,#7062);
#7061 = CARTESIAN_POINT('',(0.,0.));
#7062 = VECTOR('',#7063,1.);
#7063 = DIRECTION('',(0.,-1.));
#7064 = ( GEOMETRIC_REPRESENTATION_CONTEXT(2) 
PARAMETRIC_REPRESENTATION_CONTEXT() REPRESENTATION_CONTEXT('2D SPACE',''
  ) );
#7065 = ORIENTED_EDGE('',*,*,#7066,.T.);
#7066 = EDGE_CURVE('',#7039,#7067,#7069,.T.);
#7067 = VERTEX_POINT('',#7068);
#7068 = CARTESIAN_POINT('',(-44.,15.,35.2));
#7069 = SURFACE_CURVE('',#7070,(#7074,#7081),.PCURVE_S1.);
#7070 = LINE('',#7071,#7072);
#7071 = CARTESIAN_POINT('',(-96.,15.,35.2));
#7072 = VECTOR('',#7073,1.);
#7073 = DIRECTION('',(1.,0.,-0.));
#7074 = PCURVE('',#6804,#7075);
#7075 = DEFINITIONAL_REPRESENTATION('',(#7076),#7080);
#7076 = LINE('',#7077,#7078);
#7077 = CARTESIAN_POINT('',(6.5,43.));
#7078 = VECTOR('',#7079,1.);
#7079 = DIRECTION('',(1.,0.));
#7080 = ( GEOMETRIC_REPRESENTATION_CONTEXT(2) 
PARAMETRIC_REPRESENTATION_CONTEXT() REPRESENTATION_CONTEXT('2D SPACE',''
  ) );
#7081 = PCURVE('',#7082,#7087);
#7082 = PLANE('',#7083);
#7083 = AXIS2_PLACEMENT_3D('',#7084,#7085,#7086);
#7084 = CARTESIAN_POINT('',(-96.,15.,35.2));
#7085 = DIRECTION('',(-0.,1.,0.));
#7086 = DIRECTION('',(0.,0.,1.));
#7087 = DEFINITIONAL_REPRESENTATION('',(#7088),#7092);
#7088 = LINE('',#7089,#7090);
#7089 = CARTESIAN_POINT('',(0.,0.));
#7090 = VECTOR('',#7091,1.);
#7091 = DIRECTION('',(0.,1.));
#7092 = ( GEOMETRIC_REPRESENTATION_CONTEXT(2) 
PARAMETRIC_REPRESENTATION_CONTEXT() REPRESENTATION_CONTEXT('2D SPACE',''
  ) );
#7093 = ORIENTED_EDGE('',*,*,#7094,.F.);
#7094 = EDGE_CURVE('',#7095,#7067,#7097,.T.);
#7095 = VERTEX_POINT('',#7096);
#7096 = CARTESIAN_POINT('',(-44.,-15.,35.2));
#7097 = SURFACE_CURVE('',#7098,(#7102,#7109),.PCURVE_S1.);
#7098 = LINE('',#7099,#7100);
#7099 = CARTESIAN_POINT('',(-44.,-15.,35.2));
#7100 = VECTOR('',#7101,1.);
#7101 = DIRECTION('',(-0.,1.,0.));
#7102 = PCURVE('',#6804,#7103);
#7103 = DEFINITIONAL_REPRESENTATION('',(#7104),#7108);
#7104 = LINE('',#7105,#7106);
#7105 = CARTESIAN_POINT('',(58.5,13.));
#7106 = VECTOR('',#7107,1.);
#7107 = DIRECTION('',(0.,1.));
#7108 = ( GEOMETRIC_REPRESENTATION_CONTEXT(2) 
PARAMETRIC_REPRESENTATION_CONTEXT() REPRESENTATION_CONTEXT('2D SPACE',''
  ) );
#7109 = PCURVE('',#7110,#7115);
#7110 = PLANE('',#7111);
#7111 = AXIS2_PLACEMENT_3D('',#7112,#7113,#7114);
#7112 = CARTESIAN_POINT('',(-44.,-15.,35.2));
#7113 = DIRECTION('',(1.,0.,-0.));
#7114 = DIRECTION('',(0.,0.,1.));
#7115 = DEFINITIONAL_REPRESENTATION('',(#7116),#7120);
#7116 = LINE('',#7117,#7118);
#7117 = CARTESIAN_POINT('',(0.,0.));
#7118 = VECTOR('',#7119,1.);
#7119 = DIRECTION('',(0.,-1.));
#7120 = ( GEOMETRIC_REPRESENTATION_CONTEXT(2) 
PARAMETRIC_REPRESENTATION_CONTEXT() REPRESENTATION_CONTEXT('2D SPACE',''
  ) );
#7121 = ORIENTED_EDGE('',*,*,#7122,.F.);
#7122 = EDGE_CURVE('',#7037,#7095,#7123,.T.);
#7123 = SURFACE_CURVE('',#7124,(#7128,#7135),.PCURVE_S1.);
#7124 = LINE('',#7125,#7126);
#7125 = CARTESIAN_POINT('',(-96.,-15.,35.2));
#7126 = VECTOR('',#7127,1.);
#7127 = DIRECTION('',(1.,0.,-0.));
#7128 = PCURVE('',#6804,#7129);
#7129 = DEFINITIONAL_REPRESENTATION('',(#7130),#7134);
#7130 = LINE('',#7131,#7132);
#7131 = CARTESIAN_POINT('',(6.5,13.));
#7132 = VECTOR('',#7133,1.);
#7133 = DIRECTION('',(1.,0.));
#7134 = ( GEOMETRIC_REPRESENTATION_CONTEXT(2) 
PARAMETRIC_REPRESENTATION_CONTEXT() REPRESENTATION_CONTEXT('2D SPACE',''
  ) );
#7135 = PCURVE('',#7136,#7141);
#7136 = PLANE('',#7137);
#7137 = AXIS2_PLACEMENT_3D('',#7138,#7139,#7140);
#7138 = CARTESIAN_POINT('',(-96.,-15.,35.2));
#7139 = DIRECTION('',(-0.,1.,0.));
#7140 = DIRECTION('',(0.,0.,1.));
#7141 = DEFINITIONAL_REPRESENTATION('',(#7142),#7146);
#7142 = LINE('',#7143,#7144);
#7143 = CARTESIAN_POINT('',(0.,0.));
#7144 = VECTOR('',#7145,1.);
#7145 = DIRECTION('',(0.,1.));
#7146 = ( GEOMETRIC_REPRESENTATION_CONTEXT(2) 
PARAMETRIC_REPRESENTATION_CONTEXT() REPRESENTATION_CONTEXT('2D SPACE',''
  ) );
#7147 = FACE_BOUND('',#7148,.T.);
#7148 = EDGE_LOOP('',(#7149));
#7149 = ORIENTED_EDGE('',*,*,#7150,.F.);
#7150 = EDGE_CURVE('',#7151,#7151,#7153,.T.);
#7151 = VERTEX_POINT('',#7152);
#7152 = CARTESIAN_POINT('',(-39.65,24.5,35.2));
#7153 = SURFACE_CURVE('',#7154,(#7159,#7166),.PCURVE_S1.);
#7154 = CIRCLE('',#7155,1.35);
#7155 = AXIS2_PLACEMENT_3D('',#7156,#7157,#7158);
#7156 = CARTESIAN_POINT('',(-41.,24.5,35.2));
#7157 = DIRECTION('',(0.,0.,1.));
#7158 = DIRECTION('',(1.,0.,-0.));
#7159 = PCURVE('',#6804,#7160);
#7160 = DEFINITIONAL_REPRESENTATION('',(#7161),#7165);
#7161 = CIRCLE('',#7162,1.35);
#7162 = AXIS2_PLACEMENT_2D('',#7163,#7164);
#7163 = CARTESIAN_POINT('',(61.5,52.5));
#7164 = DIRECTION('',(1.,0.));
#7165 = ( GEOMETRIC_REPRESENTATION_CONTEXT(2) 
PARAMETRIC_REPRESENTATION_CONTEXT() REPRESENTATION_CONTEXT('2D SPACE',''
  ) );
#7166 = PCURVE('',#7167,#7172);
#7167 = CYLINDRICAL_SURFACE('',#7168,1.35);
#7168 = AXIS2_PLACEMENT_3D('',#7169,#7170,#7171);
#7169 = CARTESIAN_POINT('',(-41.,24.5,32.6));
#7170 = DIRECTION('',(0.,0.,1.));
#7171 = DIRECTION('',(1.,0.,-0.));
#7172 = DEFINITIONAL_REPRESENTATION('',(#7173),#7177);
#7173 = LINE('',#7174,#7175);
#7174 = CARTESIAN_POINT('',(0.,2.6));
#7175 = VECTOR('',#7176,1.);
#7176 = DIRECTION('',(1.,0.));
#7177 = ( GEOMETRIC_REPRESENTATION_CONTEXT(2) 
PARAMETRIC_REPRESENTATION_CONTEXT() REPRESENTATION_CONTEXT('2D SPACE',''
  ) );
#7178 = ADVANCED_FACE('',(#7179),#6778,.T.);
#7179 = FACE_BOUND('',#7180,.T.);
#7180 = EDGE_LOOP('',(#7181,#7204,#7205,#7206));
#7181 = ORIENTED_EDGE('',*,*,#7182,.F.);
#7182 = EDGE_CURVE('',#6735,#7183,#7185,.T.);
#7183 = VERTEX_POINT('',#7184);
#7184 = CARTESIAN_POINT('',(-37.5,28.,33.6));
#7185 = SURFACE_CURVE('',#7186,(#7190,#7197),.PCURVE_S1.);
#7186 = LINE('',#7187,#7188);
#7187 = CARTESIAN_POINT('',(-102.5,28.,33.6));
#7188 = VECTOR('',#7189,1.);
#7189 = DIRECTION('',(1.,0.,-0.));
#7190 = PCURVE('',#6778,#7191);
#7191 = DEFINITIONAL_REPRESENTATION('',(#7192),#7196);
#7192 = LINE('',#7193,#7194);
#7193 = CARTESIAN_POINT('',(0.,0.));
#7194 = VECTOR('',#7195,1.);
#7195 = DIRECTION('',(0.,1.));
#7196 = ( GEOMETRIC_REPRESENTATION_CONTEXT(2) 
PARAMETRIC_REPRESENTATION_CONTEXT() REPRESENTATION_CONTEXT('2D SPACE',''
  ) );
#7197 = PCURVE('',#6750,#7198);
#7198 = DEFINITIONAL_REPRESENTATION('',(#7199),#7203);
#7199 = LINE('',#7200,#7201);
#7200 = CARTESIAN_POINT('',(0.,56.));
#7201 = VECTOR('',#7202,1.);
#7202 = DIRECTION('',(1.,0.));
#7203 = ( GEOMETRIC_REPRESENTATION_CONTEXT(2) 
PARAMETRIC_REPRESENTATION_CONTEXT() REPRESENTATION_CONTEXT('2D SPACE',''
  ) );
#7204 = ORIENTED_EDGE('',*,*,#6762,.T.);
#7205 = ORIENTED_EDGE('',*,*,#6920,.T.);
#7206 = ORIENTED_EDGE('',*,*,#7207,.F.);
#7207 = EDGE_CURVE('',#7183,#6898,#7208,.T.);
#7208 = SURFACE_CURVE('',#7209,(#7213,#7220),.PCURVE_S1.);
#7209 = LINE('',#7210,#7211);
#7210 = CARTESIAN_POINT('',(-37.5,28.,33.6));
#7211 = VECTOR('',#7212,1.);
#7212 = DIRECTION('',(0.,0.,1.));
#7213 = PCURVE('',#6778,#7214);
#7214 = DEFINITIONAL_REPRESENTATION('',(#7215),#7219);
#7215 = LINE('',#7216,#7217);
#7216 = CARTESIAN_POINT('',(0.,65.));
#7217 = VECTOR('',#7218,1.);
#7218 = DIRECTION('',(1.,0.));
#7219 = ( GEOMETRIC_REPRESENTATION_CONTEXT(2) 
PARAMETRIC_REPRESENTATION_CONTEXT() REPRESENTATION_CONTEXT('2D SPACE',''
  ) );
#7220 = PCURVE('',#6880,#7221);
#7221 = DEFINITIONAL_REPRESENTATION('',(#7222),#7226);
#7222 = LINE('',#7223,#7224);
#7223 = CARTESIAN_POINT('',(0.,-56.));
#7224 = VECTOR('',#7225,1.);
#7225 = DIRECTION('',(1.,0.));
#7226 = ( GEOMETRIC_REPRESENTATION_CONTEXT(2) 
PARAMETRIC_REPRESENTATION_CONTEXT() REPRESENTATION_CONTEXT('2D SPACE',''
  ) );
#7227 = ADVANCED_FACE('',(#7228,#7254,#7280,#7306,#7332),#6750,.F.);
#7228 = FACE_BOUND('',#7229,.F.);
#7229 = EDGE_LOOP('',(#7230,#7231,#7232,#7253));
#7230 = ORIENTED_EDGE('',*,*,#6734,.F.);
#7231 = ORIENTED_EDGE('',*,*,#6819,.T.);
#7232 = ORIENTED_EDGE('',*,*,#7233,.T.);
#7233 = EDGE_CURVE('',#6820,#7183,#7234,.T.);
#7234 = SURFACE_CURVE('',#7235,(#7239,#7246),.PCURVE_S1.);
#7235 = LINE('',#7236,#7237);
#7236 = CARTESIAN_POINT('',(-37.5,-28.,33.6));
#7237 = VECTOR('',#7238,1.);
#7238 = DIRECTION('',(-0.,1.,0.));
#7239 = PCURVE('',#6750,#7240);
#7240 = DEFINITIONAL_REPRESENTATION('',(#7241),#7245);
#7241 = LINE('',#7242,#7243);
#7242 = CARTESIAN_POINT('',(65.,0.));
#7243 = VECTOR('',#7244,1.);
#7244 = DIRECTION('',(0.,1.));
#7245 = ( GEOMETRIC_REPRESENTATION_CONTEXT(2) 
PARAMETRIC_REPRESENTATION_CONTEXT() REPRESENTATION_CONTEXT('2D SPACE',''
  ) );
#7246 = PCURVE('',#6880,#7247);
#7247 = DEFINITIONAL_REPRESENTATION('',(#7248),#7252);
#7248 = LINE('',#7249,#7250);
#7249 = CARTESIAN_POINT('',(0.,0.));
#7250 = VECTOR('',#7251,1.);
#7251 = DIRECTION('',(0.,-1.));
#7252 = ( GEOMETRIC_REPRESENTATION_CONTEXT(2) 
PARAMETRIC_REPRESENTATION_CONTEXT() REPRESENTATION_CONTEXT('2D SPACE',''
  ) );
#7253 = ORIENTED_EDGE('',*,*,#7182,.F.);
#7254 = FACE_BOUND('',#7255,.F.);
#7255 = EDGE_LOOP('',(#7256));
#7256 = ORIENTED_EDGE('',*,*,#7257,.F.);
#7257 = EDGE_CURVE('',#7258,#7258,#7260,.T.);
#7258 = VERTEX_POINT('',#7259);
#7259 = CARTESIAN_POINT('',(-97.65,-24.5,33.6));
#7260 = SURFACE_CURVE('',#7261,(#7266,#7273),.PCURVE_S1.);
#7261 = CIRCLE('',#7262,1.35);
#7262 = AXIS2_PLACEMENT_3D('',#7263,#7264,#7265);
#7263 = CARTESIAN_POINT('',(-99.,-24.5,33.6));
#7264 = DIRECTION('',(0.,0.,1.));
#7265 = DIRECTION('',(1.,0.,-0.));
#7266 = PCURVE('',#6750,#7267);
#7267 = DEFINITIONAL_REPRESENTATION('',(#7268),#7272);
#7268 = CIRCLE('',#7269,1.35);
#7269 = AXIS2_PLACEMENT_2D('',#7270,#7271);
#7270 = CARTESIAN_POINT('',(3.5,3.5));
#7271 = DIRECTION('',(1.,0.));
#7272 = ( GEOMETRIC_REPRESENTATION_CONTEXT(2) 
PARAMETRIC_REPRESENTATION_CONTEXT() REPRESENTATION_CONTEXT('2D SPACE',''
  ) );
#7273 = PCURVE('',#6960,#7274);
#7274 = DEFINITIONAL_REPRESENTATION('',(#7275),#7279);
#7275 = LINE('',#7276,#7277);
#7276 = CARTESIAN_POINT('',(0.,1.));
#7277 = VECTOR('',#7278,1.);
#7278 = DIRECTION('',(1.,0.));
#7279 = ( GEOMETRIC_REPRESENTATION_CONTEXT(2) 
PARAMETRIC_REPRESENTATION_CONTEXT() REPRESENTATION_CONTEXT('2D SPACE',''
  ) );
#7280 = FACE_BOUND('',#7281,.F.);
#7281 = EDGE_LOOP('',(#7282));
#7282 = ORIENTED_EDGE('',*,*,#7283,.F.);
#7283 = EDGE_CURVE('',#7284,#7284,#7286,.T.);
#7284 = VERTEX_POINT('',#7285);
#7285 = CARTESIAN_POINT('',(-39.65,-24.5,33.6));
#7286 = SURFACE_CURVE('',#7287,(#7292,#7299),.PCURVE_S1.);
#7287 = CIRCLE('',#7288,1.35);
#7288 = AXIS2_PLACEMENT_3D('',#7289,#7290,#7291);
#7289 = CARTESIAN_POINT('',(-41.,-24.5,33.6));
#7290 = DIRECTION('',(0.,0.,1.));
#7291 = DIRECTION('',(1.,0.,-0.));
#7292 = PCURVE('',#6750,#7293);
#7293 = DEFINITIONAL_REPRESENTATION('',(#7294),#7298);
#7294 = CIRCLE('',#7295,1.35);
#7295 = AXIS2_PLACEMENT_2D('',#7296,#7297);
#7296 = CARTESIAN_POINT('',(61.5,3.5));
#7297 = DIRECTION('',(1.,0.));
#7298 = ( GEOMETRIC_REPRESENTATION_CONTEXT(2) 
PARAMETRIC_REPRESENTATION_CONTEXT() REPRESENTATION_CONTEXT('2D SPACE',''
  ) );
#7299 = PCURVE('',#6991,#7300);
#7300 = DEFINITIONAL_REPRESENTATION('',(#7301),#7305);
#7301 = LINE('',#7302,#7303);
#7302 = CARTESIAN_POINT('',(0.,1.));
#7303 = VECTOR('',#7304,1.);
#7304 = DIRECTION('',(1.,0.));
#7305 = ( GEOMETRIC_REPRESENTATION_CONTEXT(2) 
PARAMETRIC_REPRESENTATION_CONTEXT() REPRESENTATION_CONTEXT('2D SPACE',''
  ) );
#7306 = FACE_BOUND('',#7307,.F.);
#7307 = EDGE_LOOP('',(#7308));
#7308 = ORIENTED_EDGE('',*,*,#7309,.F.);
#7309 = EDGE_CURVE('',#7310,#7310,#7312,.T.);
#7310 = VERTEX_POINT('',#7311);
#7311 = CARTESIAN_POINT('',(-97.65,24.5,33.6));
#7312 = SURFACE_CURVE('',#7313,(#7318,#7325),.PCURVE_S1.);
#7313 = CIRCLE('',#7314,1.35);
#7314 = AXIS2_PLACEMENT_3D('',#7315,#7316,#7317);
#7315 = CARTESIAN_POINT('',(-99.,24.5,33.6));
#7316 = DIRECTION('',(0.,0.,1.));
#7317 = DIRECTION('',(1.,0.,-0.));
#7318 = PCURVE('',#6750,#7319);
#7319 = DEFINITIONAL_REPRESENTATION('',(#7320),#7324);
#7320 = CIRCLE('',#7321,1.35);
#7321 = AXIS2_PLACEMENT_2D('',#7322,#7323);
#7322 = CARTESIAN_POINT('',(3.5,52.5));
#7323 = DIRECTION('',(1.,0.));
#7324 = ( GEOMETRIC_REPRESENTATION_CONTEXT(2) 
PARAMETRIC_REPRESENTATION_CONTEXT() REPRESENTATION_CONTEXT('2D SPACE',''
  ) );
#7325 = PCURVE('',#7022,#7326);
#7326 = DEFINITIONAL_REPRESENTATION('',(#7327),#7331);
#7327 = LINE('',#7328,#7329);
#7328 = CARTESIAN_POINT('',(0.,1.));
#7329 = VECTOR('',#7330,1.);
#7330 = DIRECTION('',(1.,0.));
#7331 = ( GEOMETRIC_REPRESENTATION_CONTEXT(2) 
PARAMETRIC_REPRESENTATION_CONTEXT() REPRESENTATION_CONTEXT('2D SPACE',''
  ) );
#7332 = FACE_BOUND('',#7333,.F.);
#7333 = EDGE_LOOP('',(#7334));
#7334 = ORIENTED_EDGE('',*,*,#7335,.F.);
#7335 = EDGE_CURVE('',#7336,#7336,#7338,.T.);
#7336 = VERTEX_POINT('',#7337);
#7337 = CARTESIAN_POINT('',(-39.65,24.5,33.6));
#7338 = SURFACE_CURVE('',#7339,(#7344,#7351),.PCURVE_S1.);
#7339 = CIRCLE('',#7340,1.35);
#7340 = AXIS2_PLACEMENT_3D('',#7341,#7342,#7343);
#7341 = CARTESIAN_POINT('',(-41.,24.5,33.6));
#7342 = DIRECTION('',(0.,0.,1.));
#7343 = DIRECTION('',(1.,0.,-0.));
#7344 = PCURVE('',#6750,#7345);
#7345 = DEFINITIONAL_REPRESENTATION('',(#7346),#7350);
#7346 = CIRCLE('',#7347,1.35);
#7347 = AXIS2_PLACEMENT_2D('',#7348,#7349);
#7348 = CARTESIAN_POINT('',(61.5,52.5));
#7349 = DIRECTION('',(1.,0.));
#7350 = ( GEOMETRIC_REPRESENTATION_CONTEXT(2) 
PARAMETRIC_REPRESENTATION_CONTEXT() REPRESENTATION_CONTEXT('2D SPACE',''
  ) );
#7351 = PCURVE('',#7167,#7352);
#7352 = DEFINITIONAL_REPRESENTATION('',(#7353),#7357);
#7353 = LINE('',#7354,#7355);
#7354 = CARTESIAN_POINT('',(0.,1.));
#7355 = VECTOR('',#7356,1.);
#7356 = DIRECTION('',(1.,0.));
#7357 = ( GEOMETRIC_REPRESENTATION_CONTEXT(2) 
PARAMETRIC_REPRESENTATION_CONTEXT() REPRESENTATION_CONTEXT('2D SPACE',''
  ) );
#7358 = ADVANCED_FACE('',(#7359),#6880,.T.);
#7359 = FACE_BOUND('',#7360,.T.);
#7360 = EDGE_LOOP('',(#7361,#7362,#7363,#7364));
#7361 = ORIENTED_EDGE('',*,*,#6866,.F.);
#7362 = ORIENTED_EDGE('',*,*,#7233,.T.);
#7363 = ORIENTED_EDGE('',*,*,#7207,.T.);
#7364 = ORIENTED_EDGE('',*,*,#6897,.F.);
#7365 = ADVANCED_FACE('',(#7366),#6960,.F.);
#7366 = FACE_BOUND('',#7367,.F.);
#7367 = EDGE_LOOP('',(#7368,#7369,#7390,#7391));
#7368 = ORIENTED_EDGE('',*,*,#6943,.F.);
#7369 = ORIENTED_EDGE('',*,*,#7370,.F.);
#7370 = EDGE_CURVE('',#7258,#6944,#7371,.T.);
#7371 = SEAM_CURVE('',#7372,(#7376,#7383),.PCURVE_S1.);
#7372 = LINE('',#7373,#7374);
#7373 = CARTESIAN_POINT('',(-97.65,-24.5,32.6));
#7374 = VECTOR('',#7375,1.);
#7375 = DIRECTION('',(0.,0.,1.));
#7376 = PCURVE('',#6960,#7377);
#7377 = DEFINITIONAL_REPRESENTATION('',(#7378),#7382);
#7378 = LINE('',#7379,#7380);
#7379 = CARTESIAN_POINT('',(6.28318530718,-0.));
#7380 = VECTOR('',#7381,1.);
#7381 = DIRECTION('',(0.,1.));
#7382 = ( GEOMETRIC_REPRESENTATION_CONTEXT(2) 
PARAMETRIC_REPRESENTATION_CONTEXT() REPRESENTATION_CONTEXT('2D SPACE',''
  ) );
#7383 = PCURVE('',#6960,#7384);
#7384 = DEFINITIONAL_REPRESENTATION('',(#7385),#7389);
#7385 = LINE('',#7386,#7387);
#7386 = CARTESIAN_POINT('',(0.,-0.));
#7387 = VECTOR('',#7388,1.);
#7388 = DIRECTION('',(0.,1.));
#7389 = ( GEOMETRIC_REPRESENTATION_CONTEXT(2) 
PARAMETRIC_REPRESENTATION_CONTEXT() REPRESENTATION_CONTEXT('2D SPACE',''
  ) );
#7390 = ORIENTED_EDGE('',*,*,#7257,.T.);
#7391 = ORIENTED_EDGE('',*,*,#7370,.T.);
#7392 = ADVANCED_FACE('',(#7393),#6991,.F.);
#7393 = FACE_BOUND('',#7394,.F.);
#7394 = EDGE_LOOP('',(#7395,#7396,#7417,#7418));
#7395 = ORIENTED_EDGE('',*,*,#6974,.F.);
#7396 = ORIENTED_EDGE('',*,*,#7397,.F.);
#7397 = EDGE_CURVE('',#7284,#6975,#7398,.T.);
#7398 = SEAM_CURVE('',#7399,(#7403,#7410),.PCURVE_S1.);
#7399 = LINE('',#7400,#7401);
#7400 = CARTESIAN_POINT('',(-39.65,-24.5,32.6));
#7401 = VECTOR('',#7402,1.);
#7402 = DIRECTION('',(0.,0.,1.));
#7403 = PCURVE('',#6991,#7404);
#7404 = DEFINITIONAL_REPRESENTATION('',(#7405),#7409);
#7405 = LINE('',#7406,#7407);
#7406 = CARTESIAN_POINT('',(6.28318530718,-0.));
#7407 = VECTOR('',#7408,1.);
#7408 = DIRECTION('',(0.,1.));
#7409 = ( GEOMETRIC_REPRESENTATION_CONTEXT(2) 
PARAMETRIC_REPRESENTATION_CONTEXT() REPRESENTATION_CONTEXT('2D SPACE',''
  ) );
#7410 = PCURVE('',#6991,#7411);
#7411 = DEFINITIONAL_REPRESENTATION('',(#7412),#7416);
#7412 = LINE('',#7413,#7414);
#7413 = CARTESIAN_POINT('',(0.,-0.));
#7414 = VECTOR('',#7415,1.);
#7415 = DIRECTION('',(0.,1.));
#7416 = ( GEOMETRIC_REPRESENTATION_CONTEXT(2) 
PARAMETRIC_REPRESENTATION_CONTEXT() REPRESENTATION_CONTEXT('2D SPACE',''
  ) );
#7417 = ORIENTED_EDGE('',*,*,#7283,.T.);
#7418 = ORIENTED_EDGE('',*,*,#7397,.T.);
#7419 = ADVANCED_FACE('',(#7420),#7022,.F.);
#7420 = FACE_BOUND('',#7421,.F.);
#7421 = EDGE_LOOP('',(#7422,#7423,#7444,#7445));
#7422 = ORIENTED_EDGE('',*,*,#7005,.F.);
#7423 = ORIENTED_EDGE('',*,*,#7424,.F.);
#7424 = EDGE_CURVE('',#7310,#7006,#7425,.T.);
#7425 = SEAM_CURVE('',#7426,(#7430,#7437),.PCURVE_S1.);
#7426 = LINE('',#7427,#7428);
#7427 = CARTESIAN_POINT('',(-97.65,24.5,32.6));
#7428 = VECTOR('',#7429,1.);
#7429 = DIRECTION('',(0.,0.,1.));
#7430 = PCURVE('',#7022,#7431);
#7431 = DEFINITIONAL_REPRESENTATION('',(#7432),#7436);
#7432 = LINE('',#7433,#7434);
#7433 = CARTESIAN_POINT('',(6.28318530718,-0.));
#7434 = VECTOR('',#7435,1.);
#7435 = DIRECTION('',(0.,1.));
#7436 = ( GEOMETRIC_REPRESENTATION_CONTEXT(2) 
PARAMETRIC_REPRESENTATION_CONTEXT() REPRESENTATION_CONTEXT('2D SPACE',''
  ) );
#7437 = PCURVE('',#7022,#7438);
#7438 = DEFINITIONAL_REPRESENTATION('',(#7439),#7443);
#7439 = LINE('',#7440,#7441);
#7440 = CARTESIAN_POINT('',(0.,-0.));
#7441 = VECTOR('',#7442,1.);
#7442 = DIRECTION('',(0.,1.));
#7443 = ( GEOMETRIC_REPRESENTATION_CONTEXT(2) 
PARAMETRIC_REPRESENTATION_CONTEXT() REPRESENTATION_CONTEXT('2D SPACE',''
  ) );
#7444 = ORIENTED_EDGE('',*,*,#7309,.T.);
#7445 = ORIENTED_EDGE('',*,*,#7424,.T.);
#7446 = ADVANCED_FACE('',(#7447),#7054,.F.);
#7447 = FACE_BOUND('',#7448,.F.);
#7448 = EDGE_LOOP('',(#7449,#7472,#7473,#7496));
#7449 = ORIENTED_EDGE('',*,*,#7450,.F.);
#7450 = EDGE_CURVE('',#7037,#7451,#7453,.T.);
#7451 = VERTEX_POINT('',#7452);
#7452 = CARTESIAN_POINT('',(-96.,-15.,40.2));
#7453 = SURFACE_CURVE('',#7454,(#7458,#7465),.PCURVE_S1.);
#7454 = LINE('',#7455,#7456);
#7455 = CARTESIAN_POINT('',(-96.,-15.,35.2));
#7456 = VECTOR('',#7457,1.);
#7457 = DIRECTION('',(0.,0.,1.));
#7458 = PCURVE('',#7054,#7459);
#7459 = DEFINITIONAL_REPRESENTATION('',(#7460),#7464);
#7460 = LINE('',#7461,#7462);
#7461 = CARTESIAN_POINT('',(0.,0.));
#7462 = VECTOR('',#7463,1.);
#7463 = DIRECTION('',(1.,0.));
#7464 = ( GEOMETRIC_REPRESENTATION_CONTEXT(2) 
PARAMETRIC_REPRESENTATION_CONTEXT() REPRESENTATION_CONTEXT('2D SPACE',''
  ) );
#7465 = PCURVE('',#7136,#7466);
#7466 = DEFINITIONAL_REPRESENTATION('',(#7467),#7471);
#7467 = LINE('',#7468,#7469);
#7468 = CARTESIAN_POINT('',(0.,0.));
#7469 = VECTOR('',#7470,1.);
#7470 = DIRECTION('',(1.,0.));
#7471 = ( GEOMETRIC_REPRESENTATION_CONTEXT(2) 
PARAMETRIC_REPRESENTATION_CONTEXT() REPRESENTATION_CONTEXT('2D SPACE',''
  ) );
#7472 = ORIENTED_EDGE('',*,*,#7036,.T.);
#7473 = ORIENTED_EDGE('',*,*,#7474,.T.);
#7474 = EDGE_CURVE('',#7039,#7475,#7477,.T.);
#7475 = VERTEX_POINT('',#7476);
#7476 = CARTESIAN_POINT('',(-96.,15.,40.2));
#7477 = SURFACE_CURVE('',#7478,(#7482,#7489),.PCURVE_S1.);
#7478 = LINE('',#7479,#7480);
#7479 = CARTESIAN_POINT('',(-96.,15.,35.2));
#7480 = VECTOR('',#7481,1.);
#7481 = DIRECTION('',(0.,0.,1.));
#7482 = PCURVE('',#7054,#7483);
#7483 = DEFINITIONAL_REPRESENTATION('',(#7484),#7488);
#7484 = LINE('',#7485,#7486);
#7485 = CARTESIAN_POINT('',(0.,-30.));
#7486 = VECTOR('',#7487,1.);
#7487 = DIRECTION('',(1.,0.));
#7488 = ( GEOMETRIC_REPRESENTATION_CONTEXT(2) 
PARAMETRIC_REPRESENTATION_CONTEXT() REPRESENTATION_CONTEXT('2D SPACE',''
  ) );
#7489 = PCURVE('',#7082,#7490);
#7490 = DEFINITIONAL_REPRESENTATION('',(#7491),#7495);
#7491 = LINE('',#7492,#7493);
#7492 = CARTESIAN_POINT('',(0.,0.));
#7493 = VECTOR('',#7494,1.);
#7494 = DIRECTION('',(1.,0.));
#7495 = ( GEOMETRIC_REPRESENTATION_CONTEXT(2) 
PARAMETRIC_REPRESENTATION_CONTEXT() REPRESENTATION_CONTEXT('2D SPACE',''
  ) );
#7496 = ORIENTED_EDGE('',*,*,#7497,.F.);
#7497 = EDGE_CURVE('',#7451,#7475,#7498,.T.);
#7498 = SURFACE_CURVE('',#7499,(#7503,#7510),.PCURVE_S1.);
#7499 = LINE('',#7500,#7501);
#7500 = CARTESIAN_POINT('',(-96.,-15.,40.2));
#7501 = VECTOR('',#7502,1.);
#7502 = DIRECTION('',(-0.,1.,0.));
#7503 = PCURVE('',#7054,#7504);
#7504 = DEFINITIONAL_REPRESENTATION('',(#7505),#7509);
#7505 = LINE('',#7506,#7507);
#7506 = CARTESIAN_POINT('',(5.,0.));
#7507 = VECTOR('',#7508,1.);
#7508 = DIRECTION('',(0.,-1.));
#7509 = ( GEOMETRIC_REPRESENTATION_CONTEXT(2) 
PARAMETRIC_REPRESENTATION_CONTEXT() REPRESENTATION_CONTEXT('2D SPACE',''
  ) );
#7510 = PCURVE('',#7511,#7516);
#7511 = PLANE('',#7512);
#7512 = AXIS2_PLACEMENT_3D('',#7513,#7514,#7515);
#7513 = CARTESIAN_POINT('',(-96.,-15.,40.2));
#7514 = DIRECTION('',(0.,0.,1.));
#7515 = DIRECTION('',(1.,0.,-0.));
#7516 = DEFINITIONAL_REPRESENTATION('',(#7517),#7521);
#7517 = LINE('',#7518,#7519);
#7518 = CARTESIAN_POINT('',(0.,0.));
#7519 = VECTOR('',#7520,1.);
#7520 = DIRECTION('',(0.,1.));
#7521 = ( GEOMETRIC_REPRESENTATION_CONTEXT(2) 
PARAMETRIC_REPRESENTATION_CONTEXT() REPRESENTATION_CONTEXT('2D SPACE',''
  ) );
#7522 = ADVANCED_FACE('',(#7523),#7136,.F.);
#7523 = FACE_BOUND('',#7524,.F.);
#7524 = EDGE_LOOP('',(#7525,#7526,#7527,#7550));
#7525 = ORIENTED_EDGE('',*,*,#7122,.F.);
#7526 = ORIENTED_EDGE('',*,*,#7450,.T.);
#7527 = ORIENTED_EDGE('',*,*,#7528,.T.);
#7528 = EDGE_CURVE('',#7451,#7529,#7531,.T.);
#7529 = VERTEX_POINT('',#7530);
#7530 = CARTESIAN_POINT('',(-44.,-15.,40.2));
#7531 = SURFACE_CURVE('',#7532,(#7536,#7543),.PCURVE_S1.);
#7532 = LINE('',#7533,#7534);
#7533 = CARTESIAN_POINT('',(-96.,-15.,40.2));
#7534 = VECTOR('',#7535,1.);
#7535 = DIRECTION('',(1.,0.,-0.));
#7536 = PCURVE('',#7136,#7537);
#7537 = DEFINITIONAL_REPRESENTATION('',(#7538),#7542);
#7538 = LINE('',#7539,#7540);
#7539 = CARTESIAN_POINT('',(5.,0.));
#7540 = VECTOR('',#7541,1.);
#7541 = DIRECTION('',(0.,1.));
#7542 = ( GEOMETRIC_REPRESENTATION_CONTEXT(2) 
PARAMETRIC_REPRESENTATION_CONTEXT() REPRESENTATION_CONTEXT('2D SPACE',''
  ) );
#7543 = PCURVE('',#7511,#7544);
#7544 = DEFINITIONAL_REPRESENTATION('',(#7545),#7549);
#7545 = LINE('',#7546,#7547);
#7546 = CARTESIAN_POINT('',(0.,0.));
#7547 = VECTOR('',#7548,1.);
#7548 = DIRECTION('',(1.,0.));
#7549 = ( GEOMETRIC_REPRESENTATION_CONTEXT(2) 
PARAMETRIC_REPRESENTATION_CONTEXT() REPRESENTATION_CONTEXT('2D SPACE',''
  ) );
#7550 = ORIENTED_EDGE('',*,*,#7551,.F.);
#7551 = EDGE_CURVE('',#7095,#7529,#7552,.T.);
#7552 = SURFACE_CURVE('',#7553,(#7557,#7564),.PCURVE_S1.);
#7553 = LINE('',#7554,#7555);
#7554 = CARTESIAN_POINT('',(-44.,-15.,35.2));
#7555 = VECTOR('',#7556,1.);
#7556 = DIRECTION('',(0.,0.,1.));
#7557 = PCURVE('',#7136,#7558);
#7558 = DEFINITIONAL_REPRESENTATION('',(#7559),#7563);
#7559 = LINE('',#7560,#7561);
#7560 = CARTESIAN_POINT('',(0.,52.));
#7561 = VECTOR('',#7562,1.);
#7562 = DIRECTION('',(1.,0.));
#7563 = ( GEOMETRIC_REPRESENTATION_CONTEXT(2) 
PARAMETRIC_REPRESENTATION_CONTEXT() REPRESENTATION_CONTEXT('2D SPACE',''
  ) );
#7564 = PCURVE('',#7110,#7565);
#7565 = DEFINITIONAL_REPRESENTATION('',(#7566),#7570);
#7566 = LINE('',#7567,#7568);
#7567 = CARTESIAN_POINT('',(0.,0.));
#7568 = VECTOR('',#7569,1.);
#7569 = DIRECTION('',(1.,0.));
#7570 = ( GEOMETRIC_REPRESENTATION_CONTEXT(2) 
PARAMETRIC_REPRESENTATION_CONTEXT() REPRESENTATION_CONTEXT('2D SPACE',''
  ) );
#7571 = ADVANCED_FACE('',(#7572),#7110,.T.);
#7572 = FACE_BOUND('',#7573,.T.);
#7573 = EDGE_LOOP('',(#7574,#7575,#7576,#7599));
#7574 = ORIENTED_EDGE('',*,*,#7551,.F.);
#7575 = ORIENTED_EDGE('',*,*,#7094,.T.);
#7576 = ORIENTED_EDGE('',*,*,#7577,.T.);
#7577 = EDGE_CURVE('',#7067,#7578,#7580,.T.);
#7578 = VERTEX_POINT('',#7579);
#7579 = CARTESIAN_POINT('',(-44.,15.,40.2));
#7580 = SURFACE_CURVE('',#7581,(#7585,#7592),.PCURVE_S1.);
#7581 = LINE('',#7582,#7583);
#7582 = CARTESIAN_POINT('',(-44.,15.,35.2));
#7583 = VECTOR('',#7584,1.);
#7584 = DIRECTION('',(0.,0.,1.));
#7585 = PCURVE('',#7110,#7586);
#7586 = DEFINITIONAL_REPRESENTATION('',(#7587),#7591);
#7587 = LINE('',#7588,#7589);
#7588 = CARTESIAN_POINT('',(0.,-30.));
#7589 = VECTOR('',#7590,1.);
#7590 = DIRECTION('',(1.,0.));
#7591 = ( GEOMETRIC_REPRESENTATION_CONTEXT(2) 
PARAMETRIC_REPRESENTATION_CONTEXT() REPRESENTATION_CONTEXT('2D SPACE',''
  ) );
#7592 = PCURVE('',#7082,#7593);
#7593 = DEFINITIONAL_REPRESENTATION('',(#7594),#7598);
#7594 = LINE('',#7595,#7596);
#7595 = CARTESIAN_POINT('',(0.,52.));
#7596 = VECTOR('',#7597,1.);
#7597 = DIRECTION('',(1.,0.));
#7598 = ( GEOMETRIC_REPRESENTATION_CONTEXT(2) 
PARAMETRIC_REPRESENTATION_CONTEXT() REPRESENTATION_CONTEXT('2D SPACE',''
  ) );
#7599 = ORIENTED_EDGE('',*,*,#7600,.F.);
#7600 = EDGE_CURVE('',#7529,#7578,#7601,.T.);
#7601 = SURFACE_CURVE('',#7602,(#7606,#7613),.PCURVE_S1.);
#7602 = LINE('',#7603,#7604);
#7603 = CARTESIAN_POINT('',(-44.,-15.,40.2));
#7604 = VECTOR('',#7605,1.);
#7605 = DIRECTION('',(-0.,1.,0.));
#7606 = PCURVE('',#7110,#7607);
#7607 = DEFINITIONAL_REPRESENTATION('',(#7608),#7612);
#7608 = LINE('',#7609,#7610);
#7609 = CARTESIAN_POINT('',(5.,0.));
#7610 = VECTOR('',#7611,1.);
#7611 = DIRECTION('',(0.,-1.));
#7612 = ( GEOMETRIC_REPRESENTATION_CONTEXT(2) 
PARAMETRIC_REPRESENTATION_CONTEXT() REPRESENTATION_CONTEXT('2D SPACE',''
  ) );
#7613 = PCURVE('',#7511,#7614);
#7614 = DEFINITIONAL_REPRESENTATION('',(#7615),#7619);
#7615 = LINE('',#7616,#7617);
#7616 = CARTESIAN_POINT('',(52.,0.));
#7617 = VECTOR('',#7618,1.);
#7618 = DIRECTION('',(0.,1.));
#7619 = ( GEOMETRIC_REPRESENTATION_CONTEXT(2) 
PARAMETRIC_REPRESENTATION_CONTEXT() REPRESENTATION_CONTEXT('2D SPACE',''
  ) );
#7620 = ADVANCED_FACE('',(#7621),#7082,.T.);
#7621 = FACE_BOUND('',#7622,.T.);
#7622 = EDGE_LOOP('',(#7623,#7624,#7625,#7646));
#7623 = ORIENTED_EDGE('',*,*,#7066,.F.);
#7624 = ORIENTED_EDGE('',*,*,#7474,.T.);
#7625 = ORIENTED_EDGE('',*,*,#7626,.T.);
#7626 = EDGE_CURVE('',#7475,#7578,#7627,.T.);
#7627 = SURFACE_CURVE('',#7628,(#7632,#7639),.PCURVE_S1.);
#7628 = LINE('',#7629,#7630);
#7629 = CARTESIAN_POINT('',(-96.,15.,40.2));
#7630 = VECTOR('',#7631,1.);
#7631 = DIRECTION('',(1.,0.,-0.));
#7632 = PCURVE('',#7082,#7633);
#7633 = DEFINITIONAL_REPRESENTATION('',(#7634),#7638);
#7634 = LINE('',#7635,#7636);
#7635 = CARTESIAN_POINT('',(5.,0.));
#7636 = VECTOR('',#7637,1.);
#7637 = DIRECTION('',(0.,1.));
#7638 = ( GEOMETRIC_REPRESENTATION_CONTEXT(2) 
PARAMETRIC_REPRESENTATION_CONTEXT() REPRESENTATION_CONTEXT('2D SPACE',''
  ) );
#7639 = PCURVE('',#7511,#7640);
#7640 = DEFINITIONAL_REPRESENTATION('',(#7641),#7645);
#7641 = LINE('',#7642,#7643);
#7642 = CARTESIAN_POINT('',(0.,30.));
#7643 = VECTOR('',#7644,1.);
#7644 = DIRECTION('',(1.,0.));
#7645 = ( GEOMETRIC_REPRESENTATION_CONTEXT(2) 
PARAMETRIC_REPRESENTATION_CONTEXT() REPRESENTATION_CONTEXT('2D SPACE',''
  ) );
#7646 = ORIENTED_EDGE('',*,*,#7577,.F.);
#7647 = ADVANCED_FACE('',(#7648),#7167,.F.);
#7648 = FACE_BOUND('',#7649,.F.);
#7649 = EDGE_LOOP('',(#7650,#7651,#7672,#7673));
#7650 = ORIENTED_EDGE('',*,*,#7150,.F.);
#7651 = ORIENTED_EDGE('',*,*,#7652,.F.);
#7652 = EDGE_CURVE('',#7336,#7151,#7653,.T.);
#7653 = SEAM_CURVE('',#7654,(#7658,#7665),.PCURVE_S1.);
#7654 = LINE('',#7655,#7656);
#7655 = CARTESIAN_POINT('',(-39.65,24.5,32.6));
#7656 = VECTOR('',#7657,1.);
#7657 = DIRECTION('',(0.,0.,1.));
#7658 = PCURVE('',#7167,#7659);
#7659 = DEFINITIONAL_REPRESENTATION('',(#7660),#7664);
#7660 = LINE('',#7661,#7662);
#7661 = CARTESIAN_POINT('',(6.28318530718,-0.));
#7662 = VECTOR('',#7663,1.);
#7663 = DIRECTION('',(0.,1.));
#7664 = ( GEOMETRIC_REPRESENTATION_CONTEXT(2) 
PARAMETRIC_REPRESENTATION_CONTEXT() REPRESENTATION_CONTEXT('2D SPACE',''
  ) );
#7665 = PCURVE('',#7167,#7666);
#7666 = DEFINITIONAL_REPRESENTATION('',(#7667),#7671);
#7667 = LINE('',#7668,#7669);
#7668 = CARTESIAN_POINT('',(0.,-0.));
#7669 = VECTOR('',#7670,1.);
#7670 = DIRECTION('',(0.,1.));
#7671 = ( GEOMETRIC_REPRESENTATION_CONTEXT(2) 
PARAMETRIC_REPRESENTATION_CONTEXT() REPRESENTATION_CONTEXT('2D SPACE',''
  ) );
#7672 = ORIENTED_EDGE('',*,*,#7335,.T.);
#7673 = ORIENTED_EDGE('',*,*,#7652,.T.);
#7674 = ADVANCED_FACE('',(#7675),#7511,.T.);
#7675 = FACE_BOUND('',#7676,.T.);
#7676 = EDGE_LOOP('',(#7677,#7678,#7679,#7680));
#7677 = ORIENTED_EDGE('',*,*,#7497,.F.);
#7678 = ORIENTED_EDGE('',*,*,#7528,.T.);
#7679 = ORIENTED_EDGE('',*,*,#7600,.T.);
#7680 = ORIENTED_EDGE('',*,*,#7626,.F.);
#7681 = ( GEOMETRIC_REPRESENTATION_CONTEXT(3) 
GLOBAL_UNCERTAINTY_ASSIGNED_CONTEXT((#7685)) 
GLOBAL_UNIT_ASSIGNED_CONTEXT((#7682,#7683,#7684)) REPRESENTATION_CONTEXT
('Context #1','3D Context with UNIT and UNCERTAINTY') );
#7682 = ( LENGTH_UNIT() NAMED_UNIT(*) SI_UNIT(.MILLI.,.METRE.) );
#7683 = ( NAMED_UNIT(*) PLANE_ANGLE_UNIT() SI_UNIT($,.RADIAN.) );
#7684 = ( NAMED_UNIT(*) SI_UNIT($,.STERADIAN.) SOLID_ANGLE_UNIT() );
#7685 = UNCERTAINTY_MEASURE_WITH_UNIT(LENGTH_MEASURE(1.E-07),#7682,
  'distance_accuracy_value','confusion accuracy');
#7686 = CONTEXT_DEPENDENT_SHAPE_REPRESENTATION(#7687,#7689);
#7687 = ( REPRESENTATION_RELATIONSHIP('','',#6692,#10) 
REPRESENTATION_RELATIONSHIP_WITH_TRANSFORMATION(#7688) 
SHAPE_REPRESENTATION_RELATIONSHIP() );
#7688 = ITEM_DEFINED_TRANSFORMATION('','',#11,#31);
#7689 = PRODUCT_DEFINITION_SHAPE('Placement','Placement of an item',
  #7690);
#7690 = NEXT_ASSEMBLY_USAGE_OCCURRENCE('27','=>[0:1:1:6]','',#5,#6687,$
  );
#7691 = PRODUCT_RELATED_PRODUCT_CATEGORY('part',$,(#6689));
#7692 = SHAPE_DEFINITION_REPRESENTATION(#7693,#7699);
#7693 = PRODUCT_DEFINITION_SHAPE('','',#7694);
#7694 = PRODUCT_DEFINITION('design','',#7695,#7698);
#7695 = PRODUCT_DEFINITION_FORMATION('','',#7696);
#7696 = PRODUCT('COMPOUND','COMPOUND','',(#7697));
#7697 = PRODUCT_CONTEXT('',#2,'mechanical');
#7698 = PRODUCT_DEFINITION_CONTEXT('part definition',#2,'design');
#7699 = ADVANCED_BREP_SHAPE_REPRESENTATION('',(#11,#7700),#8030);
#7700 = MANIFOLD_SOLID_BREP('',#7701);
#7701 = CLOSED_SHELL('',(#7702,#7822,#7922,#7969,#8016,#8023));
#7702 = ADVANCED_FACE('',(#7703),#7717,.F.);
#7703 = FACE_BOUND('',#7704,.F.);
#7704 = EDGE_LOOP('',(#7705,#7740,#7768,#7796));
#7705 = ORIENTED_EDGE('',*,*,#7706,.F.);
#7706 = EDGE_CURVE('',#7707,#7709,#7711,.T.);
#7707 = VERTEX_POINT('',#7708);
#7708 = CARTESIAN_POINT('',(-7.5,-5.5,-0.6));
#7709 = VERTEX_POINT('',#7710);
#7710 = CARTESIAN_POINT('',(-7.5,-5.5,0.6));
#7711 = SURFACE_CURVE('',#7712,(#7716,#7728),.PCURVE_S1.);
#7712 = LINE('',#7713,#7714);
#7713 = CARTESIAN_POINT('',(-7.5,-5.5,-0.6));
#7714 = VECTOR('',#7715,1.);
#7715 = DIRECTION('',(0.,0.,1.));
#7716 = PCURVE('',#7717,#7722);
#7717 = PLANE('',#7718);
#7718 = AXIS2_PLACEMENT_3D('',#7719,#7720,#7721);
#7719 = CARTESIAN_POINT('',(-7.5,-5.5,-0.6));
#7720 = DIRECTION('',(1.,0.,-0.));
#7721 = DIRECTION('',(0.,0.,1.));
#7722 = DEFINITIONAL_REPRESENTATION('',(#7723),#7727);
#7723 = LINE('',#7724,#7725);
#7724 = CARTESIAN_POINT('',(0.,0.));
#7725 = VECTOR('',#7726,1.);
#7726 = DIRECTION('',(1.,0.));
#7727 = ( GEOMETRIC_REPRESENTATION_CONTEXT(2) 
PARAMETRIC_REPRESENTATION_CONTEXT() REPRESENTATION_CONTEXT('2D SPACE',''
  ) );
#7728 = PCURVE('',#7729,#7734);
#7729 = PLANE('',#7730);
#7730 = AXIS2_PLACEMENT_3D('',#7731,#7732,#7733);
#7731 = CARTESIAN_POINT('',(-7.5,-5.5,-0.6));
#7732 = DIRECTION('',(-0.,1.,0.));
#7733 = DIRECTION('',(0.,0.,1.));
#7734 = DEFINITIONAL_REPRESENTATION('',(#7735),#7739);
#7735 = LINE('',#7736,#7737);
#7736 = CARTESIAN_POINT('',(0.,0.));
#7737 = VECTOR('',#7738,1.);
#7738 = DIRECTION('',(1.,0.));
#7739 = ( GEOMETRIC_REPRESENTATION_CONTEXT(2) 
PARAMETRIC_REPRESENTATION_CONTEXT() REPRESENTATION_CONTEXT('2D SPACE',''
  ) );
#7740 = ORIENTED_EDGE('',*,*,#7741,.T.);
#7741 = EDGE_CURVE('',#7707,#7742,#7744,.T.);
#7742 = VERTEX_POINT('',#7743);
#7743 = CARTESIAN_POINT('',(-7.5,5.5,-0.6));
#7744 = SURFACE_CURVE('',#7745,(#7749,#7756),.PCURVE_S1.);
#7745 = LINE('',#7746,#7747);
#7746 = CARTESIAN_POINT('',(-7.5,-5.5,-0.6));
#7747 = VECTOR('',#7748,1.);
#7748 = DIRECTION('',(-0.,1.,0.));
#7749 = PCURVE('',#7717,#7750);
#7750 = DEFINITIONAL_REPRESENTATION('',(#7751),#7755);
#7751 = LINE('',#7752,#7753);
#7752 = CARTESIAN_POINT('',(0.,0.));
#7753 = VECTOR('',#7754,1.);
#7754 = DIRECTION('',(0.,-1.));
#7755 = ( GEOMETRIC_REPRESENTATION_CONTEXT(2) 
PARAMETRIC_REPRESENTATION_CONTEXT() REPRESENTATION_CONTEXT('2D SPACE',''
  ) );
#7756 = PCURVE('',#7757,#7762);
#7757 = PLANE('',#7758);
#7758 = AXIS2_PLACEMENT_3D('',#7759,#7760,#7761);
#7759 = CARTESIAN_POINT('',(-7.5,-5.5,-0.6));
#7760 = DIRECTION('',(0.,0.,1.));
#7761 = DIRECTION('',(1.,0.,-0.));
#7762 = DEFINITIONAL_REPRESENTATION('',(#7763),#7767);
#7763 = LINE('',#7764,#7765);
#7764 = CARTESIAN_POINT('',(0.,0.));
#7765 = VECTOR('',#7766,1.);
#7766 = DIRECTION('',(0.,1.));
#7767 = ( GEOMETRIC_REPRESENTATION_CONTEXT(2) 
PARAMETRIC_REPRESENTATION_CONTEXT() REPRESENTATION_CONTEXT('2D SPACE',''
  ) );
#7768 = ORIENTED_EDGE('',*,*,#7769,.T.);
#7769 = EDGE_CURVE('',#7742,#7770,#7772,.T.);
#7770 = VERTEX_POINT('',#7771);
#7771 = CARTESIAN_POINT('',(-7.5,5.5,0.6));
#7772 = SURFACE_CURVE('',#7773,(#7777,#7784),.PCURVE_S1.);
#7773 = LINE('',#7774,#7775);
#7774 = CARTESIAN_POINT('',(-7.5,5.5,-0.6));
#7775 = VECTOR('',#7776,1.);
#7776 = DIRECTION('',(0.,0.,1.));
#7777 = PCURVE('',#7717,#7778);
#7778 = DEFINITIONAL_REPRESENTATION('',(#7779),#7783);
#7779 = LINE('',#7780,#7781);
#7780 = CARTESIAN_POINT('',(0.,-11.));
#7781 = VECTOR('',#7782,1.);
#7782 = DIRECTION('',(1.,0.));
#7783 = ( GEOMETRIC_REPRESENTATION_CONTEXT(2) 
PARAMETRIC_REPRESENTATION_CONTEXT() REPRESENTATION_CONTEXT('2D SPACE',''
  ) );
#7784 = PCURVE('',#7785,#7790);
#7785 = PLANE('',#7786);
#7786 = AXIS2_PLACEMENT_3D('',#7787,#7788,#7789);
#7787 = CARTESIAN_POINT('',(-7.5,5.5,-0.6));
#7788 = DIRECTION('',(-0.,1.,0.));
#7789 = DIRECTION('',(0.,0.,1.));
#7790 = DEFINITIONAL_REPRESENTATION('',(#7791),#7795);
#7791 = LINE('',#7792,#7793);
#7792 = CARTESIAN_POINT('',(0.,0.));
#7793 = VECTOR('',#7794,1.);
#7794 = DIRECTION('',(1.,0.));
#7795 = ( GEOMETRIC_REPRESENTATION_CONTEXT(2) 
PARAMETRIC_REPRESENTATION_CONTEXT() REPRESENTATION_CONTEXT('2D SPACE',''
  ) );
#7796 = ORIENTED_EDGE('',*,*,#7797,.F.);
#7797 = EDGE_CURVE('',#7709,#7770,#7798,.T.);
#7798 = SURFACE_CURVE('',#7799,(#7803,#7810),.PCURVE_S1.);
#7799 = LINE('',#7800,#7801);
#7800 = CARTESIAN_POINT('',(-7.5,-5.5,0.6));
#7801 = VECTOR('',#7802,1.);
#7802 = DIRECTION('',(-0.,1.,0.));
#7803 = PCURVE('',#7717,#7804);
#7804 = DEFINITIONAL_REPRESENTATION('',(#7805),#7809);
#7805 = LINE('',#7806,#7807);
#7806 = CARTESIAN_POINT('',(1.2,0.));
#7807 = VECTOR('',#7808,1.);
#7808 = DIRECTION('',(0.,-1.));
#7809 = ( GEOMETRIC_REPRESENTATION_CONTEXT(2) 
PARAMETRIC_REPRESENTATION_CONTEXT() REPRESENTATION_CONTEXT('2D SPACE',''
  ) );
#7810 = PCURVE('',#7811,#7816);
#7811 = PLANE('',#7812);
#7812 = AXIS2_PLACEMENT_3D('',#7813,#7814,#7815);
#7813 = CARTESIAN_POINT('',(-7.5,-5.5,0.6));
#7814 = DIRECTION('',(0.,0.,1.));
#7815 = DIRECTION('',(1.,0.,-0.));
#7816 = DEFINITIONAL_REPRESENTATION('',(#7817),#7821);
#7817 = LINE('',#7818,#7819);
#7818 = CARTESIAN_POINT('',(0.,0.));
#7819 = VECTOR('',#7820,1.);
#7820 = DIRECTION('',(0.,1.));
#7821 = ( GEOMETRIC_REPRESENTATION_CONTEXT(2) 
PARAMETRIC_REPRESENTATION_CONTEXT() REPRESENTATION_CONTEXT('2D SPACE',''
  ) );
#7822 = ADVANCED_FACE('',(#7823),#7837,.T.);
#7823 = FACE_BOUND('',#7824,.T.);
#7824 = EDGE_LOOP('',(#7825,#7855,#7878,#7901));
#7825 = ORIENTED_EDGE('',*,*,#7826,.F.);
#7826 = EDGE_CURVE('',#7827,#7829,#7831,.T.);
#7827 = VERTEX_POINT('',#7828);
#7828 = CARTESIAN_POINT('',(7.5,-5.5,-0.6));
#7829 = VERTEX_POINT('',#7830);
#7830 = CARTESIAN_POINT('',(7.5,-5.5,0.6));
#7831 = SURFACE_CURVE('',#7832,(#7836,#7848),.PCURVE_S1.);
#7832 = LINE('',#7833,#7834);
#7833 = CARTESIAN_POINT('',(7.5,-5.5,-0.6));
#7834 = VECTOR('',#7835,1.);
#7835 = DIRECTION('',(0.,0.,1.));
#7836 = PCURVE('',#7837,#7842);
#7837 = PLANE('',#7838);
#7838 = AXIS2_PLACEMENT_3D('',#7839,#7840,#7841);
#7839 = CARTESIAN_POINT('',(7.5,-5.5,-0.6));
#7840 = DIRECTION('',(1.,0.,-0.));
#7841 = DIRECTION('',(0.,0.,1.));
#7842 = DEFINITIONAL_REPRESENTATION('',(#7843),#7847);
#7843 = LINE('',#7844,#7845);
#7844 = CARTESIAN_POINT('',(0.,0.));
#7845 = VECTOR('',#7846,1.);
#7846 = DIRECTION('',(1.,0.));
#7847 = ( GEOMETRIC_REPRESENTATION_CONTEXT(2) 
PARAMETRIC_REPRESENTATION_CONTEXT() REPRESENTATION_CONTEXT('2D SPACE',''
  ) );
#7848 = PCURVE('',#7729,#7849);
#7849 = DEFINITIONAL_REPRESENTATION('',(#7850),#7854);
#7850 = LINE('',#7851,#7852);
#7851 = CARTESIAN_POINT('',(0.,15.));
#7852 = VECTOR('',#7853,1.);
#7853 = DIRECTION('',(1.,0.));
#7854 = ( GEOMETRIC_REPRESENTATION_CONTEXT(2) 
PARAMETRIC_REPRESENTATION_CONTEXT() REPRESENTATION_CONTEXT('2D SPACE',''
  ) );
#7855 = ORIENTED_EDGE('',*,*,#7856,.T.);
#7856 = EDGE_CURVE('',#7827,#7857,#7859,.T.);
#7857 = VERTEX_POINT('',#7858);
#7858 = CARTESIAN_POINT('',(7.5,5.5,-0.6));
#7859 = SURFACE_CURVE('',#7860,(#7864,#7871),.PCURVE_S1.);
#7860 = LINE('',#7861,#7862);
#7861 = CARTESIAN_POINT('',(7.5,-5.5,-0.6));
#7862 = VECTOR('',#7863,1.);
#7863 = DIRECTION('',(-0.,1.,0.));
#7864 = PCURVE('',#7837,#7865);
#7865 = DEFINITIONAL_REPRESENTATION('',(#7866),#7870);
#7866 = LINE('',#7867,#7868);
#7867 = CARTESIAN_POINT('',(0.,0.));
#7868 = VECTOR('',#7869,1.);
#7869 = DIRECTION('',(0.,-1.));
#7870 = ( GEOMETRIC_REPRESENTATION_CONTEXT(2) 
PARAMETRIC_REPRESENTATION_CONTEXT() REPRESENTATION_CONTEXT('2D SPACE',''
  ) );
#7871 = PCURVE('',#7757,#7872);
#7872 = DEFINITIONAL_REPRESENTATION('',(#7873),#7877);
#7873 = LINE('',#7874,#7875);
#7874 = CARTESIAN_POINT('',(15.,0.));
#7875 = VECTOR('',#7876,1.);
#7876 = DIRECTION('',(0.,1.));
#7877 = ( GEOMETRIC_REPRESENTATION_CONTEXT(2) 
PARAMETRIC_REPRESENTATION_CONTEXT() REPRESENTATION_CONTEXT('2D SPACE',''
  ) );
#7878 = ORIENTED_EDGE('',*,*,#7879,.T.);
#7879 = EDGE_CURVE('',#7857,#7880,#7882,.T.);
#7880 = VERTEX_POINT('',#7881);
#7881 = CARTESIAN_POINT('',(7.5,5.5,0.6));
#7882 = SURFACE_CURVE('',#7883,(#7887,#7894),.PCURVE_S1.);
#7883 = LINE('',#7884,#7885);
#7884 = CARTESIAN_POINT('',(7.5,5.5,-0.6));
#7885 = VECTOR('',#7886,1.);
#7886 = DIRECTION('',(0.,0.,1.));
#7887 = PCURVE('',#7837,#7888);
#7888 = DEFINITIONAL_REPRESENTATION('',(#7889),#7893);
#7889 = LINE('',#7890,#7891);
#7890 = CARTESIAN_POINT('',(0.,-11.));
#7891 = VECTOR('',#7892,1.);
#7892 = DIRECTION('',(1.,0.));
#7893 = ( GEOMETRIC_REPRESENTATION_CONTEXT(2) 
PARAMETRIC_REPRESENTATION_CONTEXT() REPRESENTATION_CONTEXT('2D SPACE',''
  ) );
#7894 = PCURVE('',#7785,#7895);
#7895 = DEFINITIONAL_REPRESENTATION('',(#7896),#7900);
#7896 = LINE('',#7897,#7898);
#7897 = CARTESIAN_POINT('',(0.,15.));
#7898 = VECTOR('',#7899,1.);
#7899 = DIRECTION('',(1.,0.));
#7900 = ( GEOMETRIC_REPRESENTATION_CONTEXT(2) 
PARAMETRIC_REPRESENTATION_CONTEXT() REPRESENTATION_CONTEXT('2D SPACE',''
  ) );
#7901 = ORIENTED_EDGE('',*,*,#7902,.F.);
#7902 = EDGE_CURVE('',#7829,#7880,#7903,.T.);
#7903 = SURFACE_CURVE('',#7904,(#7908,#7915),.PCURVE_S1.);
#7904 = LINE('',#7905,#7906);
#7905 = CARTESIAN_POINT('',(7.5,-5.5,0.6));
#7906 = VECTOR('',#7907,1.);
#7907 = DIRECTION('',(-0.,1.,0.));
#7908 = PCURVE('',#7837,#7909);
#7909 = DEFINITIONAL_REPRESENTATION('',(#7910),#7914);
#7910 = LINE('',#7911,#7912);
#7911 = CARTESIAN_POINT('',(1.2,0.));
#7912 = VECTOR('',#7913,1.);
#7913 = DIRECTION('',(0.,-1.));
#7914 = ( GEOMETRIC_REPRESENTATION_CONTEXT(2) 
PARAMETRIC_REPRESENTATION_CONTEXT() REPRESENTATION_CONTEXT('2D SPACE',''
  ) );
#7915 = PCURVE('',#7811,#7916);
#7916 = DEFINITIONAL_REPRESENTATION('',(#7917),#7921);
#7917 = LINE('',#7918,#7919);
#7918 = CARTESIAN_POINT('',(15.,0.));
#7919 = VECTOR('',#7920,1.);
#7920 = DIRECTION('',(0.,1.));
#7921 = ( GEOMETRIC_REPRESENTATION_CONTEXT(2) 
PARAMETRIC_REPRESENTATION_CONTEXT() REPRESENTATION_CONTEXT('2D SPACE',''
  ) );
#7922 = ADVANCED_FACE('',(#7923),#7729,.F.);
#7923 = FACE_BOUND('',#7924,.F.);
#7924 = EDGE_LOOP('',(#7925,#7946,#7947,#7968));
#7925 = ORIENTED_EDGE('',*,*,#7926,.F.);
#7926 = EDGE_CURVE('',#7707,#7827,#7927,.T.);
#7927 = SURFACE_CURVE('',#7928,(#7932,#7939),.PCURVE_S1.);
#7928 = LINE('',#7929,#7930);
#7929 = CARTESIAN_POINT('',(-7.5,-5.5,-0.6));
#7930 = VECTOR('',#7931,1.);
#7931 = DIRECTION('',(1.,0.,-0.));
#7932 = PCURVE('',#7729,#7933);
#7933 = DEFINITIONAL_REPRESENTATION('',(#7934),#7938);
#7934 = LINE('',#7935,#7936);
#7935 = CARTESIAN_POINT('',(0.,0.));
#7936 = VECTOR('',#7937,1.);
#7937 = DIRECTION('',(0.,1.));
#7938 = ( GEOMETRIC_REPRESENTATION_CONTEXT(2) 
PARAMETRIC_REPRESENTATION_CONTEXT() REPRESENTATION_CONTEXT('2D SPACE',''
  ) );
#7939 = PCURVE('',#7757,#7940);
#7940 = DEFINITIONAL_REPRESENTATION('',(#7941),#7945);
#7941 = LINE('',#7942,#7943);
#7942 = CARTESIAN_POINT('',(0.,0.));
#7943 = VECTOR('',#7944,1.);
#7944 = DIRECTION('',(1.,0.));
#7945 = ( GEOMETRIC_REPRESENTATION_CONTEXT(2) 
PARAMETRIC_REPRESENTATION_CONTEXT() REPRESENTATION_CONTEXT('2D SPACE',''
  ) );
#7946 = ORIENTED_EDGE('',*,*,#7706,.T.);
#7947 = ORIENTED_EDGE('',*,*,#7948,.T.);
#7948 = EDGE_CURVE('',#7709,#7829,#7949,.T.);
#7949 = SURFACE_CURVE('',#7950,(#7954,#7961),.PCURVE_S1.);
#7950 = LINE('',#7951,#7952);
#7951 = CARTESIAN_POINT('',(-7.5,-5.5,0.6));
#7952 = VECTOR('',#7953,1.);
#7953 = DIRECTION('',(1.,0.,-0.));
#7954 = PCURVE('',#7729,#7955);
#7955 = DEFINITIONAL_REPRESENTATION('',(#7956),#7960);
#7956 = LINE('',#7957,#7958);
#7957 = CARTESIAN_POINT('',(1.2,0.));
#7958 = VECTOR('',#7959,1.);
#7959 = DIRECTION('',(0.,1.));
#7960 = ( GEOMETRIC_REPRESENTATION_CONTEXT(2) 
PARAMETRIC_REPRESENTATION_CONTEXT() REPRESENTATION_CONTEXT('2D SPACE',''
  ) );
#7961 = PCURVE('',#7811,#7962);
#7962 = DEFINITIONAL_REPRESENTATION('',(#7963),#7967);
#7963 = LINE('',#7964,#7965);
#7964 = CARTESIAN_POINT('',(0.,0.));
#7965 = VECTOR('',#7966,1.);
#7966 = DIRECTION('',(1.,0.));
#7967 = ( GEOMETRIC_REPRESENTATION_CONTEXT(2) 
PARAMETRIC_REPRESENTATION_CONTEXT() REPRESENTATION_CONTEXT('2D SPACE',''
  ) );
#7968 = ORIENTED_EDGE('',*,*,#7826,.F.);
#7969 = ADVANCED_FACE('',(#7970),#7785,.T.);
#7970 = FACE_BOUND('',#7971,.T.);
#7971 = EDGE_LOOP('',(#7972,#7993,#7994,#8015));
#7972 = ORIENTED_EDGE('',*,*,#7973,.F.);
#7973 = EDGE_CURVE('',#7742,#7857,#7974,.T.);
#7974 = SURFACE_CURVE('',#7975,(#7979,#7986),.PCURVE_S1.);
#7975 = LINE('',#7976,#7977);
#7976 = CARTESIAN_POINT('',(-7.5,5.5,-0.6));
#7977 = VECTOR('',#7978,1.);
#7978 = DIRECTION('',(1.,0.,-0.));
#7979 = PCURVE('',#7785,#7980);
#7980 = DEFINITIONAL_REPRESENTATION('',(#7981),#7985);
#7981 = LINE('',#7982,#7983);
#7982 = CARTESIAN_POINT('',(0.,0.));
#7983 = VECTOR('',#7984,1.);
#7984 = DIRECTION('',(0.,1.));
#7985 = ( GEOMETRIC_REPRESENTATION_CONTEXT(2) 
PARAMETRIC_REPRESENTATION_CONTEXT() REPRESENTATION_CONTEXT('2D SPACE',''
  ) );
#7986 = PCURVE('',#7757,#7987);
#7987 = DEFINITIONAL_REPRESENTATION('',(#7988),#7992);
#7988 = LINE('',#7989,#7990);
#7989 = CARTESIAN_POINT('',(0.,11.));
#7990 = VECTOR('',#7991,1.);
#7991 = DIRECTION('',(1.,0.));
#7992 = ( GEOMETRIC_REPRESENTATION_CONTEXT(2) 
PARAMETRIC_REPRESENTATION_CONTEXT() REPRESENTATION_CONTEXT('2D SPACE',''
  ) );
#7993 = ORIENTED_EDGE('',*,*,#7769,.T.);
#7994 = ORIENTED_EDGE('',*,*,#7995,.T.);
#7995 = EDGE_CURVE('',#7770,#7880,#7996,.T.);
#7996 = SURFACE_CURVE('',#7997,(#8001,#8008),.PCURVE_S1.);
#7997 = LINE('',#7998,#7999);
#7998 = CARTESIAN_POINT('',(-7.5,5.5,0.6));
#7999 = VECTOR('',#8000,1.);
#8000 = DIRECTION('',(1.,0.,-0.));
#8001 = PCURVE('',#7785,#8002);
#8002 = DEFINITIONAL_REPRESENTATION('',(#8003),#8007);
#8003 = LINE('',#8004,#8005);
#8004 = CARTESIAN_POINT('',(1.2,0.));
#8005 = VECTOR('',#8006,1.);
#8006 = DIRECTION('',(0.,1.));
#8007 = ( GEOMETRIC_REPRESENTATION_CONTEXT(2) 
PARAMETRIC_REPRESENTATION_CONTEXT() REPRESENTATION_CONTEXT('2D SPACE',''
  ) );
#8008 = PCURVE('',#7811,#8009);
#8009 = DEFINITIONAL_REPRESENTATION('',(#8010),#8014);
#8010 = LINE('',#8011,#8012);
#8011 = CARTESIAN_POINT('',(0.,11.));
#8012 = VECTOR('',#8013,1.);
#8013 = DIRECTION('',(1.,0.));
#8014 = ( GEOMETRIC_REPRESENTATION_CONTEXT(2) 
PARAMETRIC_REPRESENTATION_CONTEXT() REPRESENTATION_CONTEXT('2D SPACE',''
  ) );
#8015 = ORIENTED_EDGE('',*,*,#7879,.F.);
#8016 = ADVANCED_FACE('',(#8017),#7757,.F.);
#8017 = FACE_BOUND('',#8018,.F.);
#8018 = EDGE_LOOP('',(#8019,#8020,#8021,#8022));
#8019 = ORIENTED_EDGE('',*,*,#7741,.F.);
#8020 = ORIENTED_EDGE('',*,*,#7926,.T.);
#8021 = ORIENTED_EDGE('',*,*,#7856,.T.);
#8022 = ORIENTED_EDGE('',*,*,#7973,.F.);
#8023 = ADVANCED_FACE('',(#8024),#7811,.T.);
#8024 = FACE_BOUND('',#8025,.T.);
#8025 = EDGE_LOOP('',(#8026,#8027,#8028,#8029));
#8026 = ORIENTED_EDGE('',*,*,#7797,.F.);
#8027 = ORIENTED_EDGE('',*,*,#7948,.T.);
#8028 = ORIENTED_EDGE('',*,*,#7902,.T.);
#8029 = ORIENTED_EDGE('',*,*,#7995,.F.);
#8030 = ( GEOMETRIC_REPRESENTATION_CONTEXT(3) 
GLOBAL_UNCERTAINTY_ASSIGNED_CONTEXT((#8034)) 
GLOBAL_UNIT_ASSIGNED_CONTEXT((#8031,#8032,#8033)) REPRESENTATION_CONTEXT
('Context #1','3D Context with UNIT and UNCERTAINTY') );
#8031 = ( LENGTH_UNIT() NAMED_UNIT(*) SI_UNIT(.MILLI.,.METRE.) );
#8032 = ( NAMED_UNIT(*) PLANE_ANGLE_UNIT() SI_UNIT($,.RADIAN.) );
#8033 = ( NAMED_UNIT(*) SI_UNIT($,.STERADIAN.) SOLID_ANGLE_UNIT() );
#8034 = UNCERTAINTY_MEASURE_WITH_UNIT(LENGTH_MEASURE(1.E-07),#8031,
  'distance_accuracy_value','confusion accuracy');
#8035 = CONTEXT_DEPENDENT_SHAPE_REPRESENTATION(#8036,#8038);
#8036 = ( REPRESENTATION_RELATIONSHIP('','',#7699,#10) 
REPRESENTATION_RELATIONSHIP_WITH_TRANSFORMATION(#8037) 
SHAPE_REPRESENTATION_RELATIONSHIP() );
#8037 = ITEM_DEFINED_TRANSFORMATION('','',#11,#35);
#8038 = PRODUCT_DEFINITION_SHAPE('Placement','Placement of an item',
  #8039);
#8039 = NEXT_ASSEMBLY_USAGE_OCCURRENCE('28','=>[0:1:1:7]','',#5,#7694,$
  );
#8040 = PRODUCT_RELATED_PRODUCT_CATEGORY('part',$,(#7696));
#8041 = SHAPE_DEFINITION_REPRESENTATION(#8042,#8048);
#8042 = PRODUCT_DEFINITION_SHAPE('','',#8043);
#8043 = PRODUCT_DEFINITION('design','',#8044,#8047);
#8044 = PRODUCT_DEFINITION_FORMATION('','',#8045);
#8045 = PRODUCT('COMPOUND','COMPOUND','',(#8046));
#8046 = PRODUCT_CONTEXT('',#2,'mechanical');
#8047 = PRODUCT_DEFINITION_CONTEXT('part definition',#2,'design');
#8048 = ADVANCED_BREP_SHAPE_REPRESENTATION('',(#11,#8049),#8417);
#8049 = MANIFOLD_SOLID_BREP('',#8050);
#8050 = CLOSED_SHELL('',(#8051,#8139,#8174,#8209,#8264,#8319,#8323,#8358
    ,#8413));
#8051 = ADVANCED_FACE('',(#8052),#8065,.T.);
#8052 = FACE_BOUND('',#8053,.T.);
#8053 = EDGE_LOOP('',(#8054,#8088,#8111,#8138));
#8054 = ORIENTED_EDGE('',*,*,#8055,.F.);
#8055 = EDGE_CURVE('',#8056,#8056,#8058,.T.);
#8056 = VERTEX_POINT('',#8057);
#8057 = CARTESIAN_POINT('',(-63.,20.,73.5));
#8058 = SURFACE_CURVE('',#8059,(#8064,#8076),.PCURVE_S1.);
#8059 = CIRCLE('',#8060,7.);
#8060 = AXIS2_PLACEMENT_3D('',#8061,#8062,#8063);
#8061 = CARTESIAN_POINT('',(-70.,20.,73.5));
#8062 = DIRECTION('',(0.,0.,1.));
#8063 = DIRECTION('',(1.,0.,-0.));
#8064 = PCURVE('',#8065,#8070);
#8065 = CYLINDRICAL_SURFACE('',#8066,7.);
#8066 = AXIS2_PLACEMENT_3D('',#8067,#8068,#8069);
#8067 = CARTESIAN_POINT('',(-70.,20.,67.5));
#8068 = DIRECTION('',(0.,0.,1.));
#8069 = DIRECTION('',(1.,0.,-0.));
#8070 = DEFINITIONAL_REPRESENTATION('',(#8071),#8075);
#8071 = LINE('',#8072,#8073);
#8072 = CARTESIAN_POINT('',(0.,6.));
#8073 = VECTOR('',#8074,1.);
#8074 = DIRECTION('',(1.,0.));
#8075 = ( GEOMETRIC_REPRESENTATION_CONTEXT(2) 
PARAMETRIC_REPRESENTATION_CONTEXT() REPRESENTATION_CONTEXT('2D SPACE',''
  ) );
#8076 = PCURVE('',#8077,#8082);
#8077 = PLANE('',#8078);
#8078 = AXIS2_PLACEMENT_3D('',#8079,#8080,#8081);
#8079 = CARTESIAN_POINT('',(-70.,20.,73.5));
#8080 = DIRECTION('',(0.,0.,1.));
#8081 = DIRECTION('',(1.,0.,-0.));
#8082 = DEFINITIONAL_REPRESENTATION('',(#8083),#8087);
#8083 = CIRCLE('',#8084,7.);
#8084 = AXIS2_PLACEMENT_2D('',#8085,#8086);
#8085 = CARTESIAN_POINT('',(0.,0.));
#8086 = DIRECTION('',(1.,0.));
#8087 = ( GEOMETRIC_REPRESENTATION_CONTEXT(2) 
PARAMETRIC_REPRESENTATION_CONTEXT() REPRESENTATION_CONTEXT('2D SPACE',''
  ) );
#8088 = ORIENTED_EDGE('',*,*,#8089,.F.);
#8089 = EDGE_CURVE('',#8090,#8056,#8092,.T.);
#8090 = VERTEX_POINT('',#8091);
#8091 = CARTESIAN_POINT('',(-63.,20.,67.5));
#8092 = SEAM_CURVE('',#8093,(#8097,#8104),.PCURVE_S1.);
#8093 = LINE('',#8094,#8095);
#8094 = CARTESIAN_POINT('',(-63.,20.,67.5));
#8095 = VECTOR('',#8096,1.);
#8096 = DIRECTION('',(0.,0.,1.));
#8097 = PCURVE('',#8065,#8098);
#8098 = DEFINITIONAL_REPRESENTATION('',(#8099),#8103);
#8099 = LINE('',#8100,#8101);
#8100 = CARTESIAN_POINT('',(6.28318530718,-0.));
#8101 = VECTOR('',#8102,1.);
#8102 = DIRECTION('',(0.,1.));
#8103 = ( GEOMETRIC_REPRESENTATION_CONTEXT(2) 
PARAMETRIC_REPRESENTATION_CONTEXT() REPRESENTATION_CONTEXT('2D SPACE',''
  ) );
#8104 = PCURVE('',#8065,#8105);
#8105 = DEFINITIONAL_REPRESENTATION('',(#8106),#8110);
#8106 = LINE('',#8107,#8108);
#8107 = CARTESIAN_POINT('',(0.,-0.));
#8108 = VECTOR('',#8109,1.);
#8109 = DIRECTION('',(0.,1.));
#8110 = ( GEOMETRIC_REPRESENTATION_CONTEXT(2) 
PARAMETRIC_REPRESENTATION_CONTEXT() REPRESENTATION_CONTEXT('2D SPACE',''
  ) );
#8111 = ORIENTED_EDGE('',*,*,#8112,.T.);
#8112 = EDGE_CURVE('',#8090,#8090,#8113,.T.);
#8113 = SURFACE_CURVE('',#8114,(#8119,#8126),.PCURVE_S1.);
#8114 = CIRCLE('',#8115,7.);
#8115 = AXIS2_PLACEMENT_3D('',#8116,#8117,#8118);
#8116 = CARTESIAN_POINT('',(-70.,20.,67.5));
#8117 = DIRECTION('',(0.,0.,1.));
#8118 = DIRECTION('',(1.,0.,-0.));
#8119 = PCURVE('',#8065,#8120);
#8120 = DEFINITIONAL_REPRESENTATION('',(#8121),#8125);
#8121 = LINE('',#8122,#8123);
#8122 = CARTESIAN_POINT('',(0.,0.));
#8123 = VECTOR('',#8124,1.);
#8124 = DIRECTION('',(1.,0.));
#8125 = ( GEOMETRIC_REPRESENTATION_CONTEXT(2) 
PARAMETRIC_REPRESENTATION_CONTEXT() REPRESENTATION_CONTEXT('2D SPACE',''
  ) );
#8126 = PCURVE('',#8127,#8132);
#8127 = PLANE('',#8128);
#8128 = AXIS2_PLACEMENT_3D('',#8129,#8130,#8131);
#8129 = CARTESIAN_POINT('',(-70.,20.,67.5));
#8130 = DIRECTION('',(0.,0.,1.));
#8131 = DIRECTION('',(1.,0.,-0.));
#8132 = DEFINITIONAL_REPRESENTATION('',(#8133),#8137);
#8133 = CIRCLE('',#8134,7.);
#8134 = AXIS2_PLACEMENT_2D('',#8135,#8136);
#8135 = CARTESIAN_POINT('',(0.,0.));
#8136 = DIRECTION('',(1.,0.));
#8137 = ( GEOMETRIC_REPRESENTATION_CONTEXT(2) 
PARAMETRIC_REPRESENTATION_CONTEXT() REPRESENTATION_CONTEXT('2D SPACE',''
  ) );
#8138 = ORIENTED_EDGE('',*,*,#8089,.T.);
#8139 = ADVANCED_FACE('',(#8140,#8143),#8077,.T.);
#8140 = FACE_BOUND('',#8141,.T.);
#8141 = EDGE_LOOP('',(#8142));
#8142 = ORIENTED_EDGE('',*,*,#8055,.T.);
#8143 = FACE_BOUND('',#8144,.T.);
#8144 = EDGE_LOOP('',(#8145));
#8145 = ORIENTED_EDGE('',*,*,#8146,.F.);
#8146 = EDGE_CURVE('',#8147,#8147,#8149,.T.);
#8147 = VERTEX_POINT('',#8148);
#8148 = CARTESIAN_POINT('',(-64.,20.,73.5));
#8149 = SURFACE_CURVE('',#8150,(#8155,#8162),.PCURVE_S1.);
#8150 = CIRCLE('',#8151,6.);
#8151 = AXIS2_PLACEMENT_3D('',#8152,#8153,#8154);
#8152 = CARTESIAN_POINT('',(-70.,20.,73.5));
#8153 = DIRECTION('',(0.,0.,1.));
#8154 = DIRECTION('',(1.,0.,-0.));
#8155 = PCURVE('',#8077,#8156);
#8156 = DEFINITIONAL_REPRESENTATION('',(#8157),#8161);
#8157 = CIRCLE('',#8158,6.);
#8158 = AXIS2_PLACEMENT_2D('',#8159,#8160);
#8159 = CARTESIAN_POINT('',(0.,0.));
#8160 = DIRECTION('',(1.,0.));
#8161 = ( GEOMETRIC_REPRESENTATION_CONTEXT(2) 
PARAMETRIC_REPRESENTATION_CONTEXT() REPRESENTATION_CONTEXT('2D SPACE',''
  ) );
#8162 = PCURVE('',#8163,#8168);
#8163 = CYLINDRICAL_SURFACE('',#8164,6.);
#8164 = AXIS2_PLACEMENT_3D('',#8165,#8166,#8167);
#8165 = CARTESIAN_POINT('',(-70.,20.,73.5));
#8166 = DIRECTION('',(0.,0.,1.));
#8167 = DIRECTION('',(1.,0.,-0.));
#8168 = DEFINITIONAL_REPRESENTATION('',(#8169),#8173);
#8169 = LINE('',#8170,#8171);
#8170 = CARTESIAN_POINT('',(0.,0.));
#8171 = VECTOR('',#8172,1.);
#8172 = DIRECTION('',(1.,0.));
#8173 = ( GEOMETRIC_REPRESENTATION_CONTEXT(2) 
PARAMETRIC_REPRESENTATION_CONTEXT() REPRESENTATION_CONTEXT('2D SPACE',''
  ) );
#8174 = ADVANCED_FACE('',(#8175,#8178),#8127,.F.);
#8175 = FACE_BOUND('',#8176,.F.);
#8176 = EDGE_LOOP('',(#8177));
#8177 = ORIENTED_EDGE('',*,*,#8112,.T.);
#8178 = FACE_BOUND('',#8179,.F.);
#8179 = EDGE_LOOP('',(#8180));
#8180 = ORIENTED_EDGE('',*,*,#8181,.F.);
#8181 = EDGE_CURVE('',#8182,#8182,#8184,.T.);
#8182 = VERTEX_POINT('',#8183);
#8183 = CARTESIAN_POINT('',(-66.9,20.,67.5));
#8184 = SURFACE_CURVE('',#8185,(#8190,#8197),.PCURVE_S1.);
#8185 = CIRCLE('',#8186,3.1);
#8186 = AXIS2_PLACEMENT_3D('',#8187,#8188,#8189);
#8187 = CARTESIAN_POINT('',(-70.,20.,67.5));
#8188 = DIRECTION('',(0.,0.,1.));
#8189 = DIRECTION('',(1.,0.,-0.));
#8190 = PCURVE('',#8127,#8191);
#8191 = DEFINITIONAL_REPRESENTATION('',(#8192),#8196);
#8192 = CIRCLE('',#8193,3.1);
#8193 = AXIS2_PLACEMENT_2D('',#8194,#8195);
#8194 = CARTESIAN_POINT('',(0.,0.));
#8195 = DIRECTION('',(1.,0.));
#8196 = ( GEOMETRIC_REPRESENTATION_CONTEXT(2) 
PARAMETRIC_REPRESENTATION_CONTEXT() REPRESENTATION_CONTEXT('2D SPACE',''
  ) );
#8197 = PCURVE('',#8198,#8203);
#8198 = CYLINDRICAL_SURFACE('',#8199,3.1);
#8199 = AXIS2_PLACEMENT_3D('',#8200,#8201,#8202);
#8200 = CARTESIAN_POINT('',(-70.,20.,65.));
#8201 = DIRECTION('',(0.,0.,1.));
#8202 = DIRECTION('',(1.,0.,-0.));
#8203 = DEFINITIONAL_REPRESENTATION('',(#8204),#8208);
#8204 = LINE('',#8205,#8206);
#8205 = CARTESIAN_POINT('',(0.,2.5));
#8206 = VECTOR('',#8207,1.);
#8207 = DIRECTION('',(1.,0.));
#8208 = ( GEOMETRIC_REPRESENTATION_CONTEXT(2) 
PARAMETRIC_REPRESENTATION_CONTEXT() REPRESENTATION_CONTEXT('2D SPACE',''
  ) );
#8209 = ADVANCED_FACE('',(#8210),#8163,.T.);
#8210 = FACE_BOUND('',#8211,.T.);
#8211 = EDGE_LOOP('',(#8212,#8241,#8262,#8263));
#8212 = ORIENTED_EDGE('',*,*,#8213,.F.);
#8213 = EDGE_CURVE('',#8214,#8214,#8216,.T.);
#8214 = VERTEX_POINT('',#8215);
#8215 = CARTESIAN_POINT('',(-64.,20.,263.5));
#8216 = SURFACE_CURVE('',#8217,(#8222,#8229),.PCURVE_S1.);
#8217 = CIRCLE('',#8218,6.);
#8218 = AXIS2_PLACEMENT_3D('',#8219,#8220,#8221);
#8219 = CARTESIAN_POINT('',(-70.,20.,263.5));
#8220 = DIRECTION('',(0.,0.,1.));
#8221 = DIRECTION('',(1.,0.,-0.));
#8222 = PCURVE('',#8163,#8223);
#8223 = DEFINITIONAL_REPRESENTATION('',(#8224),#8228);
#8224 = LINE('',#8225,#8226);
#8225 = CARTESIAN_POINT('',(0.,190.));
#8226 = VECTOR('',#8227,1.);
#8227 = DIRECTION('',(1.,0.));
#8228 = ( GEOMETRIC_REPRESENTATION_CONTEXT(2) 
PARAMETRIC_REPRESENTATION_CONTEXT() REPRESENTATION_CONTEXT('2D SPACE',''
  ) );
#8229 = PCURVE('',#8230,#8235);
#8230 = PLANE('',#8231);
#8231 = AXIS2_PLACEMENT_3D('',#8232,#8233,#8234);
#8232 = CARTESIAN_POINT('',(-70.,20.,263.5));
#8233 = DIRECTION('',(0.,0.,1.));
#8234 = DIRECTION('',(1.,0.,-0.));
#8235 = DEFINITIONAL_REPRESENTATION('',(#8236),#8240);
#8236 = CIRCLE('',#8237,6.);
#8237 = AXIS2_PLACEMENT_2D('',#8238,#8239);
#8238 = CARTESIAN_POINT('',(0.,0.));
#8239 = DIRECTION('',(1.,0.));
#8240 = ( GEOMETRIC_REPRESENTATION_CONTEXT(2) 
PARAMETRIC_REPRESENTATION_CONTEXT() REPRESENTATION_CONTEXT('2D SPACE',''
  ) );
#8241 = ORIENTED_EDGE('',*,*,#8242,.F.);
#8242 = EDGE_CURVE('',#8147,#8214,#8243,.T.);
#8243 = SEAM_CURVE('',#8244,(#8248,#8255),.PCURVE_S1.);
#8244 = LINE('',#8245,#8246);
#8245 = CARTESIAN_POINT('',(-64.,20.,73.5));
#8246 = VECTOR('',#8247,1.);
#8247 = DIRECTION('',(0.,0.,1.));
#8248 = PCURVE('',#8163,#8249);
#8249 = DEFINITIONAL_REPRESENTATION('',(#8250),#8254);
#8250 = LINE('',#8251,#8252);
#8251 = CARTESIAN_POINT('',(6.28318530718,-0.));
#8252 = VECTOR('',#8253,1.);
#8253 = DIRECTION('',(0.,1.));
#8254 = ( GEOMETRIC_REPRESENTATION_CONTEXT(2) 
PARAMETRIC_REPRESENTATION_CONTEXT() REPRESENTATION_CONTEXT('2D SPACE',''
  ) );
#8255 = PCURVE('',#8163,#8256);
#8256 = DEFINITIONAL_REPRESENTATION('',(#8257),#8261);
#8257 = LINE('',#8258,#8259);
#8258 = CARTESIAN_POINT('',(0.,-0.));
#8259 = VECTOR('',#8260,1.);
#8260 = DIRECTION('',(0.,1.));
#8261 = ( GEOMETRIC_REPRESENTATION_CONTEXT(2) 
PARAMETRIC_REPRESENTATION_CONTEXT() REPRESENTATION_CONTEXT('2D SPACE',''
  ) );
#8262 = ORIENTED_EDGE('',*,*,#8146,.T.);
#8263 = ORIENTED_EDGE('',*,*,#8242,.T.);
#8264 = ADVANCED_FACE('',(#8265),#8198,.T.);
#8265 = FACE_BOUND('',#8266,.T.);
#8266 = EDGE_LOOP('',(#8267,#8268,#8291,#8318));
#8267 = ORIENTED_EDGE('',*,*,#8181,.F.);
#8268 = ORIENTED_EDGE('',*,*,#8269,.F.);
#8269 = EDGE_CURVE('',#8270,#8182,#8272,.T.);
#8270 = VERTEX_POINT('',#8271);
#8271 = CARTESIAN_POINT('',(-66.9,20.,65.));
#8272 = SEAM_CURVE('',#8273,(#8277,#8284),.PCURVE_S1.);
#8273 = LINE('',#8274,#8275);
#8274 = CARTESIAN_POINT('',(-66.9,20.,65.));
#8275 = VECTOR('',#8276,1.);
#8276 = DIRECTION('',(0.,0.,1.));
#8277 = PCURVE('',#8198,#8278);
#8278 = DEFINITIONAL_REPRESENTATION('',(#8279),#8283);
#8279 = LINE('',#8280,#8281);
#8280 = CARTESIAN_POINT('',(6.28318530718,-0.));
#8281 = VECTOR('',#8282,1.);
#8282 = DIRECTION('',(0.,1.));
#8283 = ( GEOMETRIC_REPRESENTATION_CONTEXT(2) 
PARAMETRIC_REPRESENTATION_CONTEXT() REPRESENTATION_CONTEXT('2D SPACE',''
  ) );
#8284 = PCURVE('',#8198,#8285);
#8285 = DEFINITIONAL_REPRESENTATION('',(#8286),#8290);
#8286 = LINE('',#8287,#8288);
#8287 = CARTESIAN_POINT('',(0.,-0.));
#8288 = VECTOR('',#8289,1.);
#8289 = DIRECTION('',(0.,1.));
#8290 = ( GEOMETRIC_REPRESENTATION_CONTEXT(2) 
PARAMETRIC_REPRESENTATION_CONTEXT() REPRESENTATION_CONTEXT('2D SPACE',''
  ) );
#8291 = ORIENTED_EDGE('',*,*,#8292,.T.);
#8292 = EDGE_CURVE('',#8270,#8270,#8293,.T.);
#8293 = SURFACE_CURVE('',#8294,(#8299,#8306),.PCURVE_S1.);
#8294 = CIRCLE('',#8295,3.1);
#8295 = AXIS2_PLACEMENT_3D('',#8296,#8297,#8298);
#8296 = CARTESIAN_POINT('',(-70.,20.,65.));
#8297 = DIRECTION('',(0.,0.,1.));
#8298 = DIRECTION('',(1.,0.,-0.));
#8299 = PCURVE('',#8198,#8300);
#8300 = DEFINITIONAL_REPRESENTATION('',(#8301),#8305);
#8301 = LINE('',#8302,#8303);
#8302 = CARTESIAN_POINT('',(0.,0.));
#8303 = VECTOR('',#8304,1.);
#8304 = DIRECTION('',(1.,0.));
#8305 = ( GEOMETRIC_REPRESENTATION_CONTEXT(2) 
PARAMETRIC_REPRESENTATION_CONTEXT() REPRESENTATION_CONTEXT('2D SPACE',''
  ) );
#8306 = PCURVE('',#8307,#8312);
#8307 = PLANE('',#8308);
#8308 = AXIS2_PLACEMENT_3D('',#8309,#8310,#8311);
#8309 = CARTESIAN_POINT('',(-70.,20.,65.));
#8310 = DIRECTION('',(0.,0.,1.));
#8311 = DIRECTION('',(1.,0.,-0.));
#8312 = DEFINITIONAL_REPRESENTATION('',(#8313),#8317);
#8313 = CIRCLE('',#8314,3.1);
#8314 = AXIS2_PLACEMENT_2D('',#8315,#8316);
#8315 = CARTESIAN_POINT('',(0.,0.));
#8316 = DIRECTION('',(1.,0.));
#8317 = ( GEOMETRIC_REPRESENTATION_CONTEXT(2) 
PARAMETRIC_REPRESENTATION_CONTEXT() REPRESENTATION_CONTEXT('2D SPACE',''
  ) );
#8318 = ORIENTED_EDGE('',*,*,#8269,.T.);
#8319 = ADVANCED_FACE('',(#8320),#8230,.T.);
#8320 = FACE_BOUND('',#8321,.T.);
#8321 = EDGE_LOOP('',(#8322));
#8322 = ORIENTED_EDGE('',*,*,#8213,.T.);
#8323 = ADVANCED_FACE('',(#8324,#8355),#8307,.T.);
#8324 = FACE_BOUND('',#8325,.T.);
#8325 = EDGE_LOOP('',(#8326));
#8326 = ORIENTED_EDGE('',*,*,#8327,.T.);
#8327 = EDGE_CURVE('',#8328,#8328,#8330,.T.);
#8328 = VERTEX_POINT('',#8329);
#8329 = CARTESIAN_POINT('',(-65.,20.,65.));
#8330 = SURFACE_CURVE('',#8331,(#8336,#8343),.PCURVE_S1.);
#8331 = CIRCLE('',#8332,5.);
#8332 = AXIS2_PLACEMENT_3D('',#8333,#8334,#8335);
#8333 = CARTESIAN_POINT('',(-70.,20.,65.));
#8334 = DIRECTION('',(0.,0.,1.));
#8335 = DIRECTION('',(1.,0.,-0.));
#8336 = PCURVE('',#8307,#8337);
#8337 = DEFINITIONAL_REPRESENTATION('',(#8338),#8342);
#8338 = CIRCLE('',#8339,5.);
#8339 = AXIS2_PLACEMENT_2D('',#8340,#8341);
#8340 = CARTESIAN_POINT('',(0.,0.));
#8341 = DIRECTION('',(1.,0.));
#8342 = ( GEOMETRIC_REPRESENTATION_CONTEXT(2) 
PARAMETRIC_REPRESENTATION_CONTEXT() REPRESENTATION_CONTEXT('2D SPACE',''
  ) );
#8343 = PCURVE('',#8344,#8349);
#8344 = CYLINDRICAL_SURFACE('',#8345,5.);
#8345 = AXIS2_PLACEMENT_3D('',#8346,#8347,#8348);
#8346 = CARTESIAN_POINT('',(-70.,20.,62.));
#8347 = DIRECTION('',(0.,0.,1.));
#8348 = DIRECTION('',(1.,0.,-0.));
#8349 = DEFINITIONAL_REPRESENTATION('',(#8350),#8354);
#8350 = LINE('',#8351,#8352);
#8351 = CARTESIAN_POINT('',(0.,3.));
#8352 = VECTOR('',#8353,1.);
#8353 = DIRECTION('',(1.,0.));
#8354 = ( GEOMETRIC_REPRESENTATION_CONTEXT(2) 
PARAMETRIC_REPRESENTATION_CONTEXT() REPRESENTATION_CONTEXT('2D SPACE',''
  ) );
#8355 = FACE_BOUND('',#8356,.T.);
#8356 = EDGE_LOOP('',(#8357));
#8357 = ORIENTED_EDGE('',*,*,#8292,.F.);
#8358 = ADVANCED_FACE('',(#8359),#8344,.T.);
#8359 = FACE_BOUND('',#8360,.T.);
#8360 = EDGE_LOOP('',(#8361,#8362,#8385,#8412));
#8361 = ORIENTED_EDGE('',*,*,#8327,.F.);
#8362 = ORIENTED_EDGE('',*,*,#8363,.F.);
#8363 = EDGE_CURVE('',#8364,#8328,#8366,.T.);
#8364 = VERTEX_POINT('',#8365);
#8365 = CARTESIAN_POINT('',(-65.,20.,62.));
#8366 = SEAM_CURVE('',#8367,(#8371,#8378),.PCURVE_S1.);
#8367 = LINE('',#8368,#8369);
#8368 = CARTESIAN_POINT('',(-65.,20.,62.));
#8369 = VECTOR('',#8370,1.);
#8370 = DIRECTION('',(0.,0.,1.));
#8371 = PCURVE('',#8344,#8372);
#8372 = DEFINITIONAL_REPRESENTATION('',(#8373),#8377);
#8373 = LINE('',#8374,#8375);
#8374 = CARTESIAN_POINT('',(6.28318530718,-0.));
#8375 = VECTOR('',#8376,1.);
#8376 = DIRECTION('',(0.,1.));
#8377 = ( GEOMETRIC_REPRESENTATION_CONTEXT(2) 
PARAMETRIC_REPRESENTATION_CONTEXT() REPRESENTATION_CONTEXT('2D SPACE',''
  ) );
#8378 = PCURVE('',#8344,#8379);
#8379 = DEFINITIONAL_REPRESENTATION('',(#8380),#8384);
#8380 = LINE('',#8381,#8382);
#8381 = CARTESIAN_POINT('',(0.,-0.));
#8382 = VECTOR('',#8383,1.);
#8383 = DIRECTION('',(0.,1.));
#8384 = ( GEOMETRIC_REPRESENTATION_CONTEXT(2) 
PARAMETRIC_REPRESENTATION_CONTEXT() REPRESENTATION_CONTEXT('2D SPACE',''
  ) );
#8385 = ORIENTED_EDGE('',*,*,#8386,.T.);
#8386 = EDGE_CURVE('',#8364,#8364,#8387,.T.);
#8387 = SURFACE_CURVE('',#8388,(#8393,#8400),.PCURVE_S1.);
#8388 = CIRCLE('',#8389,5.);
#8389 = AXIS2_PLACEMENT_3D('',#8390,#8391,#8392);
#8390 = CARTESIAN_POINT('',(-70.,20.,62.));
#8391 = DIRECTION('',(0.,0.,1.));
#8392 = DIRECTION('',(1.,0.,-0.));
#8393 = PCURVE('',#8344,#8394);
#8394 = DEFINITIONAL_REPRESENTATION('',(#8395),#8399);
#8395 = LINE('',#8396,#8397);
#8396 = CARTESIAN_POINT('',(0.,0.));
#8397 = VECTOR('',#8398,1.);
#8398 = DIRECTION('',(1.,0.));
#8399 = ( GEOMETRIC_REPRESENTATION_CONTEXT(2) 
PARAMETRIC_REPRESENTATION_CONTEXT() REPRESENTATION_CONTEXT('2D SPACE',''
  ) );
#8400 = PCURVE('',#8401,#8406);
#8401 = PLANE('',#8402);
#8402 = AXIS2_PLACEMENT_3D('',#8403,#8404,#8405);
#8403 = CARTESIAN_POINT('',(-70.,20.,62.));
#8404 = DIRECTION('',(0.,0.,1.));
#8405 = DIRECTION('',(1.,0.,-0.));
#8406 = DEFINITIONAL_REPRESENTATION('',(#8407),#8411);
#8407 = CIRCLE('',#8408,5.);
#8408 = AXIS2_PLACEMENT_2D('',#8409,#8410);
#8409 = CARTESIAN_POINT('',(0.,0.));
#8410 = DIRECTION('',(1.,0.));
#8411 = ( GEOMETRIC_REPRESENTATION_CONTEXT(2) 
PARAMETRIC_REPRESENTATION_CONTEXT() REPRESENTATION_CONTEXT('2D SPACE',''
  ) );
#8412 = ORIENTED_EDGE('',*,*,#8363,.T.);
#8413 = ADVANCED_FACE('',(#8414),#8401,.F.);
#8414 = FACE_BOUND('',#8415,.T.);
#8415 = EDGE_LOOP('',(#8416));
#8416 = ORIENTED_EDGE('',*,*,#8386,.F.);
#8417 = ( GEOMETRIC_REPRESENTATION_CONTEXT(3) 
GLOBAL_UNCERTAINTY_ASSIGNED_CONTEXT((#8421)) 
GLOBAL_UNIT_ASSIGNED_CONTEXT((#8418,#8419,#8420)) REPRESENTATION_CONTEXT
('Context #1','3D Context with UNIT and UNCERTAINTY') );
#8418 = ( LENGTH_UNIT() NAMED_UNIT(*) SI_UNIT(.MILLI.,.METRE.) );
#8419 = ( NAMED_UNIT(*) PLANE_ANGLE_UNIT() SI_UNIT($,.RADIAN.) );
#8420 = ( NAMED_UNIT(*) SI_UNIT($,.STERADIAN.) SOLID_ANGLE_UNIT() );
#8421 = UNCERTAINTY_MEASURE_WITH_UNIT(LENGTH_MEASURE(1.E-07),#8418,
  'distance_accuracy_value','confusion accuracy');
#8422 = CONTEXT_DEPENDENT_SHAPE_REPRESENTATION(#8423,#8425);
#8423 = ( REPRESENTATION_RELATIONSHIP('','',#8048,#10) 
REPRESENTATION_RELATIONSHIP_WITH_TRANSFORMATION(#8424) 
SHAPE_REPRESENTATION_RELATIONSHIP() );
#8424 = ITEM_DEFINED_TRANSFORMATION('','',#11,#39);
#8425 = PRODUCT_DEFINITION_SHAPE('Placement','Placement of an item',
  #8426);
#8426 = NEXT_ASSEMBLY_USAGE_OCCURRENCE('29','=>[0:1:1:8]','',#5,#8043,$
  );
#8427 = PRODUCT_RELATED_PRODUCT_CATEGORY('part',$,(#8045));
#8428 = SHAPE_DEFINITION_REPRESENTATION(#8429,#8435);
#8429 = PRODUCT_DEFINITION_SHAPE('','',#8430);
#8430 = PRODUCT_DEFINITION('design','',#8431,#8434);
#8431 = PRODUCT_DEFINITION_FORMATION('','',#8432);
#8432 = PRODUCT('COMPOUND','COMPOUND','',(#8433));
#8433 = PRODUCT_CONTEXT('',#2,'mechanical');
#8434 = PRODUCT_DEFINITION_CONTEXT('part definition',#2,'design');
#8435 = SHAPE_REPRESENTATION('',(#11,#8436,#8534,#8632,#8730,#8828,#8926
    ,#9024,#9122,#9220,#9318,#9416,#9514,#9612,#9710,#9808,#9906,#10004)
  ,#10334);
#8436 = MANIFOLD_SOLID_BREP('',#8437);
#8437 = CLOSED_SHELL('',(#8438,#8526,#8530));
#8438 = ADVANCED_FACE('',(#8439),#8452,.T.);
#8439 = FACE_BOUND('',#8440,.T.);
#8440 = EDGE_LOOP('',(#8441,#8475,#8498,#8525));
#8441 = ORIENTED_EDGE('',*,*,#8442,.F.);
#8442 = EDGE_CURVE('',#8443,#8443,#8445,.T.);
#8443 = VERTEX_POINT('',#8444);
#8444 = CARTESIAN_POINT('',(-96.5,-24.5,16.));
#8445 = SURFACE_CURVE('',#8446,(#8451,#8463),.PCURVE_S1.);
#8446 = CIRCLE('',#8447,2.5);
#8447 = AXIS2_PLACEMENT_3D('',#8448,#8449,#8450);
#8448 = CARTESIAN_POINT('',(-99.,-24.5,16.));
#8449 = DIRECTION('',(0.,0.,1.));
#8450 = DIRECTION('',(1.,0.,-0.));
#8451 = PCURVE('',#8452,#8457);
#8452 = CYLINDRICAL_SURFACE('',#8453,2.5);
#8453 = AXIS2_PLACEMENT_3D('',#8454,#8455,#8456);
#8454 = CARTESIAN_POINT('',(-99.,-24.5,10.));
#8455 = DIRECTION('',(0.,0.,1.));
#8456 = DIRECTION('',(1.,0.,-0.));
#8457 = DEFINITIONAL_REPRESENTATION('',(#8458),#8462);
#8458 = LINE('',#8459,#8460);
#8459 = CARTESIAN_POINT('',(0.,6.));
#8460 = VECTOR('',#8461,1.);
#8461 = DIRECTION('',(1.,0.));
#8462 = ( GEOMETRIC_REPRESENTATION_CONTEXT(2) 
PARAMETRIC_REPRESENTATION_CONTEXT() REPRESENTATION_CONTEXT('2D SPACE',''
  ) );
#8463 = PCURVE('',#8464,#8469);
#8464 = PLANE('',#8465);
#8465 = AXIS2_PLACEMENT_3D('',#8466,#8467,#8468);
#8466 = CARTESIAN_POINT('',(-99.,-24.5,16.));
#8467 = DIRECTION('',(0.,0.,1.));
#8468 = DIRECTION('',(1.,0.,-0.));
#8469 = DEFINITIONAL_REPRESENTATION('',(#8470),#8474);
#8470 = CIRCLE('',#8471,2.5);
#8471 = AXIS2_PLACEMENT_2D('',#8472,#8473);
#8472 = CARTESIAN_POINT('',(0.,0.));
#8473 = DIRECTION('',(1.,0.));
#8474 = ( GEOMETRIC_REPRESENTATION_CONTEXT(2) 
PARAMETRIC_REPRESENTATION_CONTEXT() REPRESENTATION_CONTEXT('2D SPACE',''
  ) );
#8475 = ORIENTED_EDGE('',*,*,#8476,.F.);
#8476 = EDGE_CURVE('',#8477,#8443,#8479,.T.);
#8477 = VERTEX_POINT('',#8478);
#8478 = CARTESIAN_POINT('',(-96.5,-24.5,10.));
#8479 = SEAM_CURVE('',#8480,(#8484,#8491),.PCURVE_S1.);
#8480 = LINE('',#8481,#8482);
#8481 = CARTESIAN_POINT('',(-96.5,-24.5,10.));
#8482 = VECTOR('',#8483,1.);
#8483 = DIRECTION('',(0.,0.,1.));
#8484 = PCURVE('',#8452,#8485);
#8485 = DEFINITIONAL_REPRESENTATION('',(#8486),#8490);
#8486 = LINE('',#8487,#8488);
#8487 = CARTESIAN_POINT('',(6.28318530718,-0.));
#8488 = VECTOR('',#8489,1.);
#8489 = DIRECTION('',(0.,1.));
#8490 = ( GEOMETRIC_REPRESENTATION_CONTEXT(2) 
PARAMETRIC_REPRESENTATION_CONTEXT() REPRESENTATION_CONTEXT('2D SPACE',''
  ) );
#8491 = PCURVE('',#8452,#8492);
#8492 = DEFINITIONAL_REPRESENTATION('',(#8493),#8497);
#8493 = LINE('',#8494,#8495);
#8494 = CARTESIAN_POINT('',(0.,-0.));
#8495 = VECTOR('',#8496,1.);
#8496 = DIRECTION('',(0.,1.));
#8497 = ( GEOMETRIC_REPRESENTATION_CONTEXT(2) 
PARAMETRIC_REPRESENTATION_CONTEXT() REPRESENTATION_CONTEXT('2D SPACE',''
  ) );
#8498 = ORIENTED_EDGE('',*,*,#8499,.T.);
#8499 = EDGE_CURVE('',#8477,#8477,#8500,.T.);
#8500 = SURFACE_CURVE('',#8501,(#8506,#8513),.PCURVE_S1.);
#8501 = CIRCLE('',#8502,2.5);
#8502 = AXIS2_PLACEMENT_3D('',#8503,#8504,#8505);
#8503 = CARTESIAN_POINT('',(-99.,-24.5,10.));
#8504 = DIRECTION('',(0.,0.,1.));
#8505 = DIRECTION('',(1.,0.,-0.));
#8506 = PCURVE('',#8452,#8507);
#8507 = DEFINITIONAL_REPRESENTATION('',(#8508),#8512);
#8508 = LINE('',#8509,#8510);
#8509 = CARTESIAN_POINT('',(0.,0.));
#8510 = VECTOR('',#8511,1.);
#8511 = DIRECTION('',(1.,0.));
#8512 = ( GEOMETRIC_REPRESENTATION_CONTEXT(2) 
PARAMETRIC_REPRESENTATION_CONTEXT() REPRESENTATION_CONTEXT('2D SPACE',''
  ) );
#8513 = PCURVE('',#8514,#8519);
#8514 = PLANE('',#8515);
#8515 = AXIS2_PLACEMENT_3D('',#8516,#8517,#8518);
#8516 = CARTESIAN_POINT('',(-99.,-24.5,10.));
#8517 = DIRECTION('',(0.,0.,1.));
#8518 = DIRECTION('',(1.,0.,-0.));
#8519 = DEFINITIONAL_REPRESENTATION('',(#8520),#8524);
#8520 = CIRCLE('',#8521,2.5);
#8521 = AXIS2_PLACEMENT_2D('',#8522,#8523);
#8522 = CARTESIAN_POINT('',(0.,0.));
#8523 = DIRECTION('',(1.,0.));
#8524 = ( GEOMETRIC_REPRESENTATION_CONTEXT(2) 
PARAMETRIC_REPRESENTATION_CONTEXT() REPRESENTATION_CONTEXT('2D SPACE',''
  ) );
#8525 = ORIENTED_EDGE('',*,*,#8476,.T.);
#8526 = ADVANCED_FACE('',(#8527),#8464,.T.);
#8527 = FACE_BOUND('',#8528,.T.);
#8528 = EDGE_LOOP('',(#8529));
#8529 = ORIENTED_EDGE('',*,*,#8442,.T.);
#8530 = ADVANCED_FACE('',(#8531),#8514,.F.);
#8531 = FACE_BOUND('',#8532,.T.);
#8532 = EDGE_LOOP('',(#8533));
#8533 = ORIENTED_EDGE('',*,*,#8499,.F.);
#8534 = MANIFOLD_SOLID_BREP('',#8535);
#8535 = CLOSED_SHELL('',(#8536,#8624,#8628));
#8536 = ADVANCED_FACE('',(#8537),#8550,.T.);
#8537 = FACE_BOUND('',#8538,.T.);
#8538 = EDGE_LOOP('',(#8539,#8573,#8596,#8623));
#8539 = ORIENTED_EDGE('',*,*,#8540,.F.);
#8540 = EDGE_CURVE('',#8541,#8541,#8543,.T.);
#8541 = VERTEX_POINT('',#8542);
#8542 = CARTESIAN_POINT('',(-96.5,-24.5,33.6));
#8543 = SURFACE_CURVE('',#8544,(#8549,#8561),.PCURVE_S1.);
#8544 = CIRCLE('',#8545,2.5);
#8545 = AXIS2_PLACEMENT_3D('',#8546,#8547,#8548);
#8546 = CARTESIAN_POINT('',(-99.,-24.5,33.6));
#8547 = DIRECTION('',(0.,0.,1.));
#8548 = DIRECTION('',(1.,0.,-0.));
#8549 = PCURVE('',#8550,#8555);
#8550 = CYLINDRICAL_SURFACE('',#8551,2.5);
#8551 = AXIS2_PLACEMENT_3D('',#8552,#8553,#8554);
#8552 = CARTESIAN_POINT('',(-99.,-24.5,17.6));
#8553 = DIRECTION('',(0.,0.,1.));
#8554 = DIRECTION('',(1.,0.,-0.));
#8555 = DEFINITIONAL_REPRESENTATION('',(#8556),#8560);
#8556 = LINE('',#8557,#8558);
#8557 = CARTESIAN_POINT('',(0.,16.));
#8558 = VECTOR('',#8559,1.);
#8559 = DIRECTION('',(1.,0.));
#8560 = ( GEOMETRIC_REPRESENTATION_CONTEXT(2) 
PARAMETRIC_REPRESENTATION_CONTEXT() REPRESENTATION_CONTEXT('2D SPACE',''
  ) );
#8561 = PCURVE('',#8562,#8567);
#8562 = PLANE('',#8563);
#8563 = AXIS2_PLACEMENT_3D('',#8564,#8565,#8566);
#8564 = CARTESIAN_POINT('',(-99.,-24.5,33.6));
#8565 = DIRECTION('',(0.,0.,1.));
#8566 = DIRECTION('',(1.,0.,-0.));
#8567 = DEFINITIONAL_REPRESENTATION('',(#8568),#8572);
#8568 = CIRCLE('',#8569,2.5);
#8569 = AXIS2_PLACEMENT_2D('',#8570,#8571);
#8570 = CARTESIAN_POINT('',(0.,0.));
#8571 = DIRECTION('',(1.,0.));
#8572 = ( GEOMETRIC_REPRESENTATION_CONTEXT(2) 
PARAMETRIC_REPRESENTATION_CONTEXT() REPRESENTATION_CONTEXT('2D SPACE',''
  ) );
#8573 = ORIENTED_EDGE('',*,*,#8574,.F.);
#8574 = EDGE_CURVE('',#8575,#8541,#8577,.T.);
#8575 = VERTEX_POINT('',#8576);
#8576 = CARTESIAN_POINT('',(-96.5,-24.5,17.6));
#8577 = SEAM_CURVE('',#8578,(#8582,#8589),.PCURVE_S1.);
#8578 = LINE('',#8579,#8580);
#8579 = CARTESIAN_POINT('',(-96.5,-24.5,17.6));
#8580 = VECTOR('',#8581,1.);
#8581 = DIRECTION('',(0.,0.,1.));
#8582 = PCURVE('',#8550,#8583);
#8583 = DEFINITIONAL_REPRESENTATION('',(#8584),#8588);
#8584 = LINE('',#8585,#8586);
#8585 = CARTESIAN_POINT('',(6.28318530718,-0.));
#8586 = VECTOR('',#8587,1.);
#8587 = DIRECTION('',(0.,1.));
#8588 = ( GEOMETRIC_REPRESENTATION_CONTEXT(2) 
PARAMETRIC_REPRESENTATION_CONTEXT() REPRESENTATION_CONTEXT('2D SPACE',''
  ) );
#8589 = PCURVE('',#8550,#8590);
#8590 = DEFINITIONAL_REPRESENTATION('',(#8591),#8595);
#8591 = LINE('',#8592,#8593);
#8592 = CARTESIAN_POINT('',(0.,-0.));
#8593 = VECTOR('',#8594,1.);
#8594 = DIRECTION('',(0.,1.));
#8595 = ( GEOMETRIC_REPRESENTATION_CONTEXT(2) 
PARAMETRIC_REPRESENTATION_CONTEXT() REPRESENTATION_CONTEXT('2D SPACE',''
  ) );
#8596 = ORIENTED_EDGE('',*,*,#8597,.T.);
#8597 = EDGE_CURVE('',#8575,#8575,#8598,.T.);
#8598 = SURFACE_CURVE('',#8599,(#8604,#8611),.PCURVE_S1.);
#8599 = CIRCLE('',#8600,2.5);
#8600 = AXIS2_PLACEMENT_3D('',#8601,#8602,#8603);
#8601 = CARTESIAN_POINT('',(-99.,-24.5,17.6));
#8602 = DIRECTION('',(0.,0.,1.));
#8603 = DIRECTION('',(1.,0.,-0.));
#8604 = PCURVE('',#8550,#8605);
#8605 = DEFINITIONAL_REPRESENTATION('',(#8606),#8610);
#8606 = LINE('',#8607,#8608);
#8607 = CARTESIAN_POINT('',(0.,0.));
#8608 = VECTOR('',#8609,1.);
#8609 = DIRECTION('',(1.,0.));
#8610 = ( GEOMETRIC_REPRESENTATION_CONTEXT(2) 
PARAMETRIC_REPRESENTATION_CONTEXT() REPRESENTATION_CONTEXT('2D SPACE',''
  ) );
#8611 = PCURVE('',#8612,#8617);
#8612 = PLANE('',#8613);
#8613 = AXIS2_PLACEMENT_3D('',#8614,#8615,#8616);
#8614 = CARTESIAN_POINT('',(-99.,-24.5,17.6));
#8615 = DIRECTION('',(0.,0.,1.));
#8616 = DIRECTION('',(1.,0.,-0.));
#8617 = DEFINITIONAL_REPRESENTATION('',(#8618),#8622);
#8618 = CIRCLE('',#8619,2.5);
#8619 = AXIS2_PLACEMENT_2D('',#8620,#8621);
#8620 = CARTESIAN_POINT('',(0.,0.));
#8621 = DIRECTION('',(1.,0.));
#8622 = ( GEOMETRIC_REPRESENTATION_CONTEXT(2) 
PARAMETRIC_REPRESENTATION_CONTEXT() REPRESENTATION_CONTEXT('2D SPACE',''
  ) );
#8623 = ORIENTED_EDGE('',*,*,#8574,.T.);
#8624 = ADVANCED_FACE('',(#8625),#8562,.T.);
#8625 = FACE_BOUND('',#8626,.T.);
#8626 = EDGE_LOOP('',(#8627));
#8627 = ORIENTED_EDGE('',*,*,#8540,.T.);
#8628 = ADVANCED_FACE('',(#8629),#8612,.F.);
#8629 = FACE_BOUND('',#8630,.T.);
#8630 = EDGE_LOOP('',(#8631));
#8631 = ORIENTED_EDGE('',*,*,#8597,.F.);
#8632 = MANIFOLD_SOLID_BREP('',#8633);
#8633 = CLOSED_SHELL('',(#8634,#8722,#8726));
#8634 = ADVANCED_FACE('',(#8635),#8648,.T.);
#8635 = FACE_BOUND('',#8636,.T.);
#8636 = EDGE_LOOP('',(#8637,#8671,#8694,#8721));
#8637 = ORIENTED_EDGE('',*,*,#8638,.F.);
#8638 = EDGE_CURVE('',#8639,#8639,#8641,.T.);
#8639 = VERTEX_POINT('',#8640);
#8640 = CARTESIAN_POINT('',(-96.75,-24.5,7.5));
#8641 = SURFACE_CURVE('',#8642,(#8647,#8659),.PCURVE_S1.);
#8642 = CIRCLE('',#8643,2.25);
#8643 = AXIS2_PLACEMENT_3D('',#8644,#8645,#8646);
#8644 = CARTESIAN_POINT('',(-99.,-24.5,7.5));
#8645 = DIRECTION('',(0.,0.,1.));
#8646 = DIRECTION('',(1.,0.,-0.));
#8647 = PCURVE('',#8648,#8653);
#8648 = CYLINDRICAL_SURFACE('',#8649,2.25);
#8649 = AXIS2_PLACEMENT_3D('',#8650,#8651,#8652);
#8650 = CARTESIAN_POINT('',(-99.,-24.5,5.8));
#8651 = DIRECTION('',(0.,0.,1.));
#8652 = DIRECTION('',(1.,0.,-0.));
#8653 = DEFINITIONAL_REPRESENTATION('',(#8654),#8658);
#8654 = LINE('',#8655,#8656);
#8655 = CARTESIAN_POINT('',(0.,1.7));
#8656 = VECTOR('',#8657,1.);
#8657 = DIRECTION('',(1.,0.));
#8658 = ( GEOMETRIC_REPRESENTATION_CONTEXT(2) 
PARAMETRIC_REPRESENTATION_CONTEXT() REPRESENTATION_CONTEXT('2D SPACE',''
  ) );
#8659 = PCURVE('',#8660,#8665);
#8660 = PLANE('',#8661);
#8661 = AXIS2_PLACEMENT_3D('',#8662,#8663,#8664);
#8662 = CARTESIAN_POINT('',(-99.,-24.5,7.5));
#8663 = DIRECTION('',(0.,0.,1.));
#8664 = DIRECTION('',(1.,0.,-0.));
#8665 = DEFINITIONAL_REPRESENTATION('',(#8666),#8670);
#8666 = CIRCLE('',#8667,2.25);
#8667 = AXIS2_PLACEMENT_2D('',#8668,#8669);
#8668 = CARTESIAN_POINT('',(0.,0.));
#8669 = DIRECTION('',(1.,0.));
#8670 = ( GEOMETRIC_REPRESENTATION_CONTEXT(2) 
PARAMETRIC_REPRESENTATION_CONTEXT() REPRESENTATION_CONTEXT('2D SPACE',''
  ) );
#8671 = ORIENTED_EDGE('',*,*,#8672,.F.);
#8672 = EDGE_CURVE('',#8673,#8639,#8675,.T.);
#8673 = VERTEX_POINT('',#8674);
#8674 = CARTESIAN_POINT('',(-96.75,-24.5,5.8));
#8675 = SEAM_CURVE('',#8676,(#8680,#8687),.PCURVE_S1.);
#8676 = LINE('',#8677,#8678);
#8677 = CARTESIAN_POINT('',(-96.75,-24.5,5.8));
#8678 = VECTOR('',#8679,1.);
#8679 = DIRECTION('',(0.,0.,1.));
#8680 = PCURVE('',#8648,#8681);
#8681 = DEFINITIONAL_REPRESENTATION('',(#8682),#8686);
#8682 = LINE('',#8683,#8684);
#8683 = CARTESIAN_POINT('',(6.28318530718,-0.));
#8684 = VECTOR('',#8685,1.);
#8685 = DIRECTION('',(0.,1.));
#8686 = ( GEOMETRIC_REPRESENTATION_CONTEXT(2) 
PARAMETRIC_REPRESENTATION_CONTEXT() REPRESENTATION_CONTEXT('2D SPACE',''
  ) );
#8687 = PCURVE('',#8648,#8688);
#8688 = DEFINITIONAL_REPRESENTATION('',(#8689),#8693);
#8689 = LINE('',#8690,#8691);
#8690 = CARTESIAN_POINT('',(0.,-0.));
#8691 = VECTOR('',#8692,1.);
#8692 = DIRECTION('',(0.,1.));
#8693 = ( GEOMETRIC_REPRESENTATION_CONTEXT(2) 
PARAMETRIC_REPRESENTATION_CONTEXT() REPRESENTATION_CONTEXT('2D SPACE',''
  ) );
#8694 = ORIENTED_EDGE('',*,*,#8695,.T.);
#8695 = EDGE_CURVE('',#8673,#8673,#8696,.T.);
#8696 = SURFACE_CURVE('',#8697,(#8702,#8709),.PCURVE_S1.);
#8697 = CIRCLE('',#8698,2.25);
#8698 = AXIS2_PLACEMENT_3D('',#8699,#8700,#8701);
#8699 = CARTESIAN_POINT('',(-99.,-24.5,5.8));
#8700 = DIRECTION('',(0.,0.,1.));
#8701 = DIRECTION('',(1.,0.,-0.));
#8702 = PCURVE('',#8648,#8703);
#8703 = DEFINITIONAL_REPRESENTATION('',(#8704),#8708);
#8704 = LINE('',#8705,#8706);
#8705 = CARTESIAN_POINT('',(0.,0.));
#8706 = VECTOR('',#8707,1.);
#8707 = DIRECTION('',(1.,0.));
#8708 = ( GEOMETRIC_REPRESENTATION_CONTEXT(2) 
PARAMETRIC_REPRESENTATION_CONTEXT() REPRESENTATION_CONTEXT('2D SPACE',''
  ) );
#8709 = PCURVE('',#8710,#8715);
#8710 = PLANE('',#8711);
#8711 = AXIS2_PLACEMENT_3D('',#8712,#8713,#8714);
#8712 = CARTESIAN_POINT('',(-99.,-24.5,5.8));
#8713 = DIRECTION('',(0.,0.,1.));
#8714 = DIRECTION('',(1.,0.,-0.));
#8715 = DEFINITIONAL_REPRESENTATION('',(#8716),#8720);
#8716 = CIRCLE('',#8717,2.25);
#8717 = AXIS2_PLACEMENT_2D('',#8718,#8719);
#8718 = CARTESIAN_POINT('',(0.,0.));
#8719 = DIRECTION('',(1.,0.));
#8720 = ( GEOMETRIC_REPRESENTATION_CONTEXT(2) 
PARAMETRIC_REPRESENTATION_CONTEXT() REPRESENTATION_CONTEXT('2D SPACE',''
  ) );
#8721 = ORIENTED_EDGE('',*,*,#8672,.T.);
#8722 = ADVANCED_FACE('',(#8723),#8660,.T.);
#8723 = FACE_BOUND('',#8724,.T.);
#8724 = EDGE_LOOP('',(#8725));
#8725 = ORIENTED_EDGE('',*,*,#8638,.T.);
#8726 = ADVANCED_FACE('',(#8727),#8710,.F.);
#8727 = FACE_BOUND('',#8728,.T.);
#8728 = EDGE_LOOP('',(#8729));
#8729 = ORIENTED_EDGE('',*,*,#8695,.F.);
#8730 = MANIFOLD_SOLID_BREP('',#8731);
#8731 = CLOSED_SHELL('',(#8732,#8820,#8824));
#8732 = ADVANCED_FACE('',(#8733),#8746,.T.);
#8733 = FACE_BOUND('',#8734,.T.);
#8734 = EDGE_LOOP('',(#8735,#8769,#8792,#8819));
#8735 = ORIENTED_EDGE('',*,*,#8736,.F.);
#8736 = EDGE_CURVE('',#8737,#8737,#8739,.T.);
#8737 = VERTEX_POINT('',#8738);
#8738 = CARTESIAN_POINT('',(-96.75,-24.5,36.9));
#8739 = SURFACE_CURVE('',#8740,(#8745,#8757),.PCURVE_S1.);
#8740 = CIRCLE('',#8741,2.25);
#8741 = AXIS2_PLACEMENT_3D('',#8742,#8743,#8744);
#8742 = CARTESIAN_POINT('',(-99.,-24.5,36.9));
#8743 = DIRECTION('',(0.,0.,1.));
#8744 = DIRECTION('',(1.,0.,-0.));
#8745 = PCURVE('',#8746,#8751);
#8746 = CYLINDRICAL_SURFACE('',#8747,2.25);
#8747 = AXIS2_PLACEMENT_3D('',#8748,#8749,#8750);
#8748 = CARTESIAN_POINT('',(-99.,-24.5,35.2));
#8749 = DIRECTION('',(0.,0.,1.));
#8750 = DIRECTION('',(1.,0.,-0.));
#8751 = DEFINITIONAL_REPRESENTATION('',(#8752),#8756);
#8752 = LINE('',#8753,#8754);
#8753 = CARTESIAN_POINT('',(0.,1.7));
#8754 = VECTOR('',#8755,1.);
#8755 = DIRECTION('',(1.,0.));
#8756 = ( GEOMETRIC_REPRESENTATION_CONTEXT(2) 
PARAMETRIC_REPRESENTATION_CONTEXT() REPRESENTATION_CONTEXT('2D SPACE',''
  ) );
#8757 = PCURVE('',#8758,#8763);
#8758 = PLANE('',#8759);
#8759 = AXIS2_PLACEMENT_3D('',#8760,#8761,#8762);
#8760 = CARTESIAN_POINT('',(-99.,-24.5,36.9));
#8761 = DIRECTION('',(0.,0.,1.));
#8762 = DIRECTION('',(1.,0.,-0.));
#8763 = DEFINITIONAL_REPRESENTATION('',(#8764),#8768);
#8764 = CIRCLE('',#8765,2.25);
#8765 = AXIS2_PLACEMENT_2D('',#8766,#8767);
#8766 = CARTESIAN_POINT('',(0.,0.));
#8767 = DIRECTION('',(1.,0.));
#8768 = ( GEOMETRIC_REPRESENTATION_CONTEXT(2) 
PARAMETRIC_REPRESENTATION_CONTEXT() REPRESENTATION_CONTEXT('2D SPACE',''
  ) );
#8769 = ORIENTED_EDGE('',*,*,#8770,.F.);
#8770 = EDGE_CURVE('',#8771,#8737,#8773,.T.);
#8771 = VERTEX_POINT('',#8772);
#8772 = CARTESIAN_POINT('',(-96.75,-24.5,35.2));
#8773 = SEAM_CURVE('',#8774,(#8778,#8785),.PCURVE_S1.);
#8774 = LINE('',#8775,#8776);
#8775 = CARTESIAN_POINT('',(-96.75,-24.5,35.2));
#8776 = VECTOR('',#8777,1.);
#8777 = DIRECTION('',(0.,0.,1.));
#8778 = PCURVE('',#8746,#8779);
#8779 = DEFINITIONAL_REPRESENTATION('',(#8780),#8784);
#8780 = LINE('',#8781,#8782);
#8781 = CARTESIAN_POINT('',(6.28318530718,-0.));
#8782 = VECTOR('',#8783,1.);
#8783 = DIRECTION('',(0.,1.));
#8784 = ( GEOMETRIC_REPRESENTATION_CONTEXT(2) 
PARAMETRIC_REPRESENTATION_CONTEXT() REPRESENTATION_CONTEXT('2D SPACE',''
  ) );
#8785 = PCURVE('',#8746,#8786);
#8786 = DEFINITIONAL_REPRESENTATION('',(#8787),#8791);
#8787 = LINE('',#8788,#8789);
#8788 = CARTESIAN_POINT('',(0.,-0.));
#8789 = VECTOR('',#8790,1.);
#8790 = DIRECTION('',(0.,1.));
#8791 = ( GEOMETRIC_REPRESENTATION_CONTEXT(2) 
PARAMETRIC_REPRESENTATION_CONTEXT() REPRESENTATION_CONTEXT('2D SPACE',''
  ) );
#8792 = ORIENTED_EDGE('',*,*,#8793,.T.);
#8793 = EDGE_CURVE('',#8771,#8771,#8794,.T.);
#8794 = SURFACE_CURVE('',#8795,(#8800,#8807),.PCURVE_S1.);
#8795 = CIRCLE('',#8796,2.25);
#8796 = AXIS2_PLACEMENT_3D('',#8797,#8798,#8799);
#8797 = CARTESIAN_POINT('',(-99.,-24.5,35.2));
#8798 = DIRECTION('',(0.,0.,1.));
#8799 = DIRECTION('',(1.,0.,-0.));
#8800 = PCURVE('',#8746,#8801);
#8801 = DEFINITIONAL_REPRESENTATION('',(#8802),#8806);
#8802 = LINE('',#8803,#8804);
#8803 = CARTESIAN_POINT('',(0.,0.));
#8804 = VECTOR('',#8805,1.);
#8805 = DIRECTION('',(1.,0.));
#8806 = ( GEOMETRIC_REPRESENTATION_CONTEXT(2) 
PARAMETRIC_REPRESENTATION_CONTEXT() REPRESENTATION_CONTEXT('2D SPACE',''
  ) );
#8807 = PCURVE('',#8808,#8813);
#8808 = PLANE('',#8809);
#8809 = AXIS2_PLACEMENT_3D('',#8810,#8811,#8812);
#8810 = CARTESIAN_POINT('',(-99.,-24.5,35.2));
#8811 = DIRECTION('',(0.,0.,1.));
#8812 = DIRECTION('',(1.,0.,-0.));
#8813 = DEFINITIONAL_REPRESENTATION('',(#8814),#8818);
#8814 = CIRCLE('',#8815,2.25);
#8815 = AXIS2_PLACEMENT_2D('',#8816,#8817);
#8816 = CARTESIAN_POINT('',(0.,0.));
#8817 = DIRECTION('',(1.,0.));
#8818 = ( GEOMETRIC_REPRESENTATION_CONTEXT(2) 
PARAMETRIC_REPRESENTATION_CONTEXT() REPRESENTATION_CONTEXT('2D SPACE',''
  ) );
#8819 = ORIENTED_EDGE('',*,*,#8770,.T.);
#8820 = ADVANCED_FACE('',(#8821),#8758,.T.);
#8821 = FACE_BOUND('',#8822,.T.);
#8822 = EDGE_LOOP('',(#8823));
#8823 = ORIENTED_EDGE('',*,*,#8736,.T.);
#8824 = ADVANCED_FACE('',(#8825),#8808,.F.);
#8825 = FACE_BOUND('',#8826,.T.);
#8826 = EDGE_LOOP('',(#8827));
#8827 = ORIENTED_EDGE('',*,*,#8793,.F.);
#8828 = MANIFOLD_SOLID_BREP('',#8829);
#8829 = CLOSED_SHELL('',(#8830,#8918,#8922));
#8830 = ADVANCED_FACE('',(#8831),#8844,.T.);
#8831 = FACE_BOUND('',#8832,.T.);
#8832 = EDGE_LOOP('',(#8833,#8867,#8890,#8917));
#8833 = ORIENTED_EDGE('',*,*,#8834,.F.);
#8834 = EDGE_CURVE('',#8835,#8835,#8837,.T.);
#8835 = VERTEX_POINT('',#8836);
#8836 = CARTESIAN_POINT('',(-96.5,24.5,16.));
#8837 = SURFACE_CURVE('',#8838,(#8843,#8855),.PCURVE_S1.);
#8838 = CIRCLE('',#8839,2.5);
#8839 = AXIS2_PLACEMENT_3D('',#8840,#8841,#8842);
#8840 = CARTESIAN_POINT('',(-99.,24.5,16.));
#8841 = DIRECTION('',(0.,0.,1.));
#8842 = DIRECTION('',(1.,0.,-0.));
#8843 = PCURVE('',#8844,#8849);
#8844 = CYLINDRICAL_SURFACE('',#8845,2.5);
#8845 = AXIS2_PLACEMENT_3D('',#8846,#8847,#8848);
#8846 = CARTESIAN_POINT('',(-99.,24.5,10.));
#8847 = DIRECTION('',(0.,0.,1.));
#8848 = DIRECTION('',(1.,0.,-0.));
#8849 = DEFINITIONAL_REPRESENTATION('',(#8850),#8854);
#8850 = LINE('',#8851,#8852);
#8851 = CARTESIAN_POINT('',(0.,6.));
#8852 = VECTOR('',#8853,1.);
#8853 = DIRECTION('',(1.,0.));
#8854 = ( GEOMETRIC_REPRESENTATION_CONTEXT(2) 
PARAMETRIC_REPRESENTATION_CONTEXT() REPRESENTATION_CONTEXT('2D SPACE',''
  ) );
#8855 = PCURVE('',#8856,#8861);
#8856 = PLANE('',#8857);
#8857 = AXIS2_PLACEMENT_3D('',#8858,#8859,#8860);
#8858 = CARTESIAN_POINT('',(-99.,24.5,16.));
#8859 = DIRECTION('',(0.,0.,1.));
#8860 = DIRECTION('',(1.,0.,-0.));
#8861 = DEFINITIONAL_REPRESENTATION('',(#8862),#8866);
#8862 = CIRCLE('',#8863,2.5);
#8863 = AXIS2_PLACEMENT_2D('',#8864,#8865);
#8864 = CARTESIAN_POINT('',(0.,0.));
#8865 = DIRECTION('',(1.,0.));
#8866 = ( GEOMETRIC_REPRESENTATION_CONTEXT(2) 
PARAMETRIC_REPRESENTATION_CONTEXT() REPRESENTATION_CONTEXT('2D SPACE',''
  ) );
#8867 = ORIENTED_EDGE('',*,*,#8868,.F.);
#8868 = EDGE_CURVE('',#8869,#8835,#8871,.T.);
#8869 = VERTEX_POINT('',#8870);
#8870 = CARTESIAN_POINT('',(-96.5,24.5,10.));
#8871 = SEAM_CURVE('',#8872,(#8876,#8883),.PCURVE_S1.);
#8872 = LINE('',#8873,#8874);
#8873 = CARTESIAN_POINT('',(-96.5,24.5,10.));
#8874 = VECTOR('',#8875,1.);
#8875 = DIRECTION('',(0.,0.,1.));
#8876 = PCURVE('',#8844,#8877);
#8877 = DEFINITIONAL_REPRESENTATION('',(#8878),#8882);
#8878 = LINE('',#8879,#8880);
#8879 = CARTESIAN_POINT('',(6.28318530718,-0.));
#8880 = VECTOR('',#8881,1.);
#8881 = DIRECTION('',(0.,1.));
#8882 = ( GEOMETRIC_REPRESENTATION_CONTEXT(2) 
PARAMETRIC_REPRESENTATION_CONTEXT() REPRESENTATION_CONTEXT('2D SPACE',''
  ) );
#8883 = PCURVE('',#8844,#8884);
#8884 = DEFINITIONAL_REPRESENTATION('',(#8885),#8889);
#8885 = LINE('',#8886,#8887);
#8886 = CARTESIAN_POINT('',(0.,-0.));
#8887 = VECTOR('',#8888,1.);
#8888 = DIRECTION('',(0.,1.));
#8889 = ( GEOMETRIC_REPRESENTATION_CONTEXT(2) 
PARAMETRIC_REPRESENTATION_CONTEXT() REPRESENTATION_CONTEXT('2D SPACE',''
  ) );
#8890 = ORIENTED_EDGE('',*,*,#8891,.T.);
#8891 = EDGE_CURVE('',#8869,#8869,#8892,.T.);
#8892 = SURFACE_CURVE('',#8893,(#8898,#8905),.PCURVE_S1.);
#8893 = CIRCLE('',#8894,2.5);
#8894 = AXIS2_PLACEMENT_3D('',#8895,#8896,#8897);
#8895 = CARTESIAN_POINT('',(-99.,24.5,10.));
#8896 = DIRECTION('',(0.,0.,1.));
#8897 = DIRECTION('',(1.,0.,-0.));
#8898 = PCURVE('',#8844,#8899);
#8899 = DEFINITIONAL_REPRESENTATION('',(#8900),#8904);
#8900 = LINE('',#8901,#8902);
#8901 = CARTESIAN_POINT('',(0.,0.));
#8902 = VECTOR('',#8903,1.);
#8903 = DIRECTION('',(1.,0.));
#8904 = ( GEOMETRIC_REPRESENTATION_CONTEXT(2) 
PARAMETRIC_REPRESENTATION_CONTEXT() REPRESENTATION_CONTEXT('2D SPACE',''
  ) );
#8905 = PCURVE('',#8906,#8911);
#8906 = PLANE('',#8907);
#8907 = AXIS2_PLACEMENT_3D('',#8908,#8909,#8910);
#8908 = CARTESIAN_POINT('',(-99.,24.5,10.));
#8909 = DIRECTION('',(0.,0.,1.));
#8910 = DIRECTION('',(1.,0.,-0.));
#8911 = DEFINITIONAL_REPRESENTATION('',(#8912),#8916);
#8912 = CIRCLE('',#8913,2.5);
#8913 = AXIS2_PLACEMENT_2D('',#8914,#8915);
#8914 = CARTESIAN_POINT('',(0.,0.));
#8915 = DIRECTION('',(1.,0.));
#8916 = ( GEOMETRIC_REPRESENTATION_CONTEXT(2) 
PARAMETRIC_REPRESENTATION_CONTEXT() REPRESENTATION_CONTEXT('2D SPACE',''
  ) );
#8917 = ORIENTED_EDGE('',*,*,#8868,.T.);
#8918 = ADVANCED_FACE('',(#8919),#8856,.T.);
#8919 = FACE_BOUND('',#8920,.T.);
#8920 = EDGE_LOOP('',(#8921));
#8921 = ORIENTED_EDGE('',*,*,#8834,.T.);
#8922 = ADVANCED_FACE('',(#8923),#8906,.F.);
#8923 = FACE_BOUND('',#8924,.T.);
#8924 = EDGE_LOOP('',(#8925));
#8925 = ORIENTED_EDGE('',*,*,#8891,.F.);
#8926 = MANIFOLD_SOLID_BREP('',#8927);
#8927 = CLOSED_SHELL('',(#8928,#9016,#9020));
#8928 = ADVANCED_FACE('',(#8929),#8942,.T.);
#8929 = FACE_BOUND('',#8930,.T.);
#8930 = EDGE_LOOP('',(#8931,#8965,#8988,#9015));
#8931 = ORIENTED_EDGE('',*,*,#8932,.F.);
#8932 = EDGE_CURVE('',#8933,#8933,#8935,.T.);
#8933 = VERTEX_POINT('',#8934);
#8934 = CARTESIAN_POINT('',(-96.5,24.5,33.6));
#8935 = SURFACE_CURVE('',#8936,(#8941,#8953),.PCURVE_S1.);
#8936 = CIRCLE('',#8937,2.5);
#8937 = AXIS2_PLACEMENT_3D('',#8938,#8939,#8940);
#8938 = CARTESIAN_POINT('',(-99.,24.5,33.6));
#8939 = DIRECTION('',(0.,0.,1.));
#8940 = DIRECTION('',(1.,0.,-0.));
#8941 = PCURVE('',#8942,#8947);
#8942 = CYLINDRICAL_SURFACE('',#8943,2.5);
#8943 = AXIS2_PLACEMENT_3D('',#8944,#8945,#8946);
#8944 = CARTESIAN_POINT('',(-99.,24.5,17.6));
#8945 = DIRECTION('',(0.,0.,1.));
#8946 = DIRECTION('',(1.,0.,-0.));
#8947 = DEFINITIONAL_REPRESENTATION('',(#8948),#8952);
#8948 = LINE('',#8949,#8950);
#8949 = CARTESIAN_POINT('',(0.,16.));
#8950 = VECTOR('',#8951,1.);
#8951 = DIRECTION('',(1.,0.));
#8952 = ( GEOMETRIC_REPRESENTATION_CONTEXT(2) 
PARAMETRIC_REPRESENTATION_CONTEXT() REPRESENTATION_CONTEXT('2D SPACE',''
  ) );
#8953 = PCURVE('',#8954,#8959);
#8954 = PLANE('',#8955);
#8955 = AXIS2_PLACEMENT_3D('',#8956,#8957,#8958);
#8956 = CARTESIAN_POINT('',(-99.,24.5,33.6));
#8957 = DIRECTION('',(0.,0.,1.));
#8958 = DIRECTION('',(1.,0.,-0.));
#8959 = DEFINITIONAL_REPRESENTATION('',(#8960),#8964);
#8960 = CIRCLE('',#8961,2.5);
#8961 = AXIS2_PLACEMENT_2D('',#8962,#8963);
#8962 = CARTESIAN_POINT('',(0.,0.));
#8963 = DIRECTION('',(1.,0.));
#8964 = ( GEOMETRIC_REPRESENTATION_CONTEXT(2) 
PARAMETRIC_REPRESENTATION_CONTEXT() REPRESENTATION_CONTEXT('2D SPACE',''
  ) );
#8965 = ORIENTED_EDGE('',*,*,#8966,.F.);
#8966 = EDGE_CURVE('',#8967,#8933,#8969,.T.);
#8967 = VERTEX_POINT('',#8968);
#8968 = CARTESIAN_POINT('',(-96.5,24.5,17.6));
#8969 = SEAM_CURVE('',#8970,(#8974,#8981),.PCURVE_S1.);
#8970 = LINE('',#8971,#8972);
#8971 = CARTESIAN_POINT('',(-96.5,24.5,17.6));
#8972 = VECTOR('',#8973,1.);
#8973 = DIRECTION('',(0.,0.,1.));
#8974 = PCURVE('',#8942,#8975);
#8975 = DEFINITIONAL_REPRESENTATION('',(#8976),#8980);
#8976 = LINE('',#8977,#8978);
#8977 = CARTESIAN_POINT('',(6.28318530718,-0.));
#8978 = VECTOR('',#8979,1.);
#8979 = DIRECTION('',(0.,1.));
#8980 = ( GEOMETRIC_REPRESENTATION_CONTEXT(2) 
PARAMETRIC_REPRESENTATION_CONTEXT() REPRESENTATION_CONTEXT('2D SPACE',''
  ) );
#8981 = PCURVE('',#8942,#8982);
#8982 = DEFINITIONAL_REPRESENTATION('',(#8983),#8987);
#8983 = LINE('',#8984,#8985);
#8984 = CARTESIAN_POINT('',(0.,-0.));
#8985 = VECTOR('',#8986,1.);
#8986 = DIRECTION('',(0.,1.));
#8987 = ( GEOMETRIC_REPRESENTATION_CONTEXT(2) 
PARAMETRIC_REPRESENTATION_CONTEXT() REPRESENTATION_CONTEXT('2D SPACE',''
  ) );
#8988 = ORIENTED_EDGE('',*,*,#8989,.T.);
#8989 = EDGE_CURVE('',#8967,#8967,#8990,.T.);
#8990 = SURFACE_CURVE('',#8991,(#8996,#9003),.PCURVE_S1.);
#8991 = CIRCLE('',#8992,2.5);
#8992 = AXIS2_PLACEMENT_3D('',#8993,#8994,#8995);
#8993 = CARTESIAN_POINT('',(-99.,24.5,17.6));
#8994 = DIRECTION('',(0.,0.,1.));
#8995 = DIRECTION('',(1.,0.,-0.));
#8996 = PCURVE('',#8942,#8997);
#8997 = DEFINITIONAL_REPRESENTATION('',(#8998),#9002);
#8998 = LINE('',#8999,#9000);
#8999 = CARTESIAN_POINT('',(0.,0.));
#9000 = VECTOR('',#9001,1.);
#9001 = DIRECTION('',(1.,0.));
#9002 = ( GEOMETRIC_REPRESENTATION_CONTEXT(2) 
PARAMETRIC_REPRESENTATION_CONTEXT() REPRESENTATION_CONTEXT('2D SPACE',''
  ) );
#9003 = PCURVE('',#9004,#9009);
#9004 = PLANE('',#9005);
#9005 = AXIS2_PLACEMENT_3D('',#9006,#9007,#9008);
#9006 = CARTESIAN_POINT('',(-99.,24.5,17.6));
#9007 = DIRECTION('',(0.,0.,1.));
#9008 = DIRECTION('',(1.,0.,-0.));
#9009 = DEFINITIONAL_REPRESENTATION('',(#9010),#9014);
#9010 = CIRCLE('',#9011,2.5);
#9011 = AXIS2_PLACEMENT_2D('',#9012,#9013);
#9012 = CARTESIAN_POINT('',(0.,0.));
#9013 = DIRECTION('',(1.,0.));
#9014 = ( GEOMETRIC_REPRESENTATION_CONTEXT(2) 
PARAMETRIC_REPRESENTATION_CONTEXT() REPRESENTATION_CONTEXT('2D SPACE',''
  ) );
#9015 = ORIENTED_EDGE('',*,*,#8966,.T.);
#9016 = ADVANCED_FACE('',(#9017),#8954,.T.);
#9017 = FACE_BOUND('',#9018,.T.);
#9018 = EDGE_LOOP('',(#9019));
#9019 = ORIENTED_EDGE('',*,*,#8932,.T.);
#9020 = ADVANCED_FACE('',(#9021),#9004,.F.);
#9021 = FACE_BOUND('',#9022,.T.);
#9022 = EDGE_LOOP('',(#9023));
#9023 = ORIENTED_EDGE('',*,*,#8989,.F.);
#9024 = MANIFOLD_SOLID_BREP('',#9025);
#9025 = CLOSED_SHELL('',(#9026,#9114,#9118));
#9026 = ADVANCED_FACE('',(#9027),#9040,.T.);
#9027 = FACE_BOUND('',#9028,.T.);
#9028 = EDGE_LOOP('',(#9029,#9063,#9086,#9113));
#9029 = ORIENTED_EDGE('',*,*,#9030,.F.);
#9030 = EDGE_CURVE('',#9031,#9031,#9033,.T.);
#9031 = VERTEX_POINT('',#9032);
#9032 = CARTESIAN_POINT('',(-96.75,24.5,7.5));
#9033 = SURFACE_CURVE('',#9034,(#9039,#9051),.PCURVE_S1.);
#9034 = CIRCLE('',#9035,2.25);
#9035 = AXIS2_PLACEMENT_3D('',#9036,#9037,#9038);
#9036 = CARTESIAN_POINT('',(-99.,24.5,7.5));
#9037 = DIRECTION('',(0.,0.,1.));
#9038 = DIRECTION('',(1.,0.,-0.));
#9039 = PCURVE('',#9040,#9045);
#9040 = CYLINDRICAL_SURFACE('',#9041,2.25);
#9041 = AXIS2_PLACEMENT_3D('',#9042,#9043,#9044);
#9042 = CARTESIAN_POINT('',(-99.,24.5,5.8));
#9043 = DIRECTION('',(0.,0.,1.));
#9044 = DIRECTION('',(1.,0.,-0.));
#9045 = DEFINITIONAL_REPRESENTATION('',(#9046),#9050);
#9046 = LINE('',#9047,#9048);
#9047 = CARTESIAN_POINT('',(0.,1.7));
#9048 = VECTOR('',#9049,1.);
#9049 = DIRECTION('',(1.,0.));
#9050 = ( GEOMETRIC_REPRESENTATION_CONTEXT(2) 
PARAMETRIC_REPRESENTATION_CONTEXT() REPRESENTATION_CONTEXT('2D SPACE',''
  ) );
#9051 = PCURVE('',#9052,#9057);
#9052 = PLANE('',#9053);
#9053 = AXIS2_PLACEMENT_3D('',#9054,#9055,#9056);
#9054 = CARTESIAN_POINT('',(-99.,24.5,7.5));
#9055 = DIRECTION('',(0.,0.,1.));
#9056 = DIRECTION('',(1.,0.,-0.));
#9057 = DEFINITIONAL_REPRESENTATION('',(#9058),#9062);
#9058 = CIRCLE('',#9059,2.25);
#9059 = AXIS2_PLACEMENT_2D('',#9060,#9061);
#9060 = CARTESIAN_POINT('',(0.,0.));
#9061 = DIRECTION('',(1.,0.));
#9062 = ( GEOMETRIC_REPRESENTATION_CONTEXT(2) 
PARAMETRIC_REPRESENTATION_CONTEXT() REPRESENTATION_CONTEXT('2D SPACE',''
  ) );
#9063 = ORIENTED_EDGE('',*,*,#9064,.F.);
#9064 = EDGE_CURVE('',#9065,#9031,#9067,.T.);
#9065 = VERTEX_POINT('',#9066);
#9066 = CARTESIAN_POINT('',(-96.75,24.5,5.8));
#9067 = SEAM_CURVE('',#9068,(#9072,#9079),.PCURVE_S1.);
#9068 = LINE('',#9069,#9070);
#9069 = CARTESIAN_POINT('',(-96.75,24.5,5.8));
#9070 = VECTOR('',#9071,1.);
#9071 = DIRECTION('',(0.,0.,1.));
#9072 = PCURVE('',#9040,#9073);
#9073 = DEFINITIONAL_REPRESENTATION('',(#9074),#9078);
#9074 = LINE('',#9075,#9076);
#9075 = CARTESIAN_POINT('',(6.28318530718,-0.));
#9076 = VECTOR('',#9077,1.);
#9077 = DIRECTION('',(0.,1.));
#9078 = ( GEOMETRIC_REPRESENTATION_CONTEXT(2) 
PARAMETRIC_REPRESENTATION_CONTEXT() REPRESENTATION_CONTEXT('2D SPACE',''
  ) );
#9079 = PCURVE('',#9040,#9080);
#9080 = DEFINITIONAL_REPRESENTATION('',(#9081),#9085);
#9081 = LINE('',#9082,#9083);
#9082 = CARTESIAN_POINT('',(0.,-0.));
#9083 = VECTOR('',#9084,1.);
#9084 = DIRECTION('',(0.,1.));
#9085 = ( GEOMETRIC_REPRESENTATION_CONTEXT(2) 
PARAMETRIC_REPRESENTATION_CONTEXT() REPRESENTATION_CONTEXT('2D SPACE',''
  ) );
#9086 = ORIENTED_EDGE('',*,*,#9087,.T.);
#9087 = EDGE_CURVE('',#9065,#9065,#9088,.T.);
#9088 = SURFACE_CURVE('',#9089,(#9094,#9101),.PCURVE_S1.);
#9089 = CIRCLE('',#9090,2.25);
#9090 = AXIS2_PLACEMENT_3D('',#9091,#9092,#9093);
#9091 = CARTESIAN_POINT('',(-99.,24.5,5.8));
#9092 = DIRECTION('',(0.,0.,1.));
#9093 = DIRECTION('',(1.,0.,-0.));
#9094 = PCURVE('',#9040,#9095);
#9095 = DEFINITIONAL_REPRESENTATION('',(#9096),#9100);
#9096 = LINE('',#9097,#9098);
#9097 = CARTESIAN_POINT('',(0.,0.));
#9098 = VECTOR('',#9099,1.);
#9099 = DIRECTION('',(1.,0.));
#9100 = ( GEOMETRIC_REPRESENTATION_CONTEXT(2) 
PARAMETRIC_REPRESENTATION_CONTEXT() REPRESENTATION_CONTEXT('2D SPACE',''
  ) );
#9101 = PCURVE('',#9102,#9107);
#9102 = PLANE('',#9103);
#9103 = AXIS2_PLACEMENT_3D('',#9104,#9105,#9106);
#9104 = CARTESIAN_POINT('',(-99.,24.5,5.8));
#9105 = DIRECTION('',(0.,0.,1.));
#9106 = DIRECTION('',(1.,0.,-0.));
#9107 = DEFINITIONAL_REPRESENTATION('',(#9108),#9112);
#9108 = CIRCLE('',#9109,2.25);
#9109 = AXIS2_PLACEMENT_2D('',#9110,#9111);
#9110 = CARTESIAN_POINT('',(0.,0.));
#9111 = DIRECTION('',(1.,0.));
#9112 = ( GEOMETRIC_REPRESENTATION_CONTEXT(2) 
PARAMETRIC_REPRESENTATION_CONTEXT() REPRESENTATION_CONTEXT('2D SPACE',''
  ) );
#9113 = ORIENTED_EDGE('',*,*,#9064,.T.);
#9114 = ADVANCED_FACE('',(#9115),#9052,.T.);
#9115 = FACE_BOUND('',#9116,.T.);
#9116 = EDGE_LOOP('',(#9117));
#9117 = ORIENTED_EDGE('',*,*,#9030,.T.);
#9118 = ADVANCED_FACE('',(#9119),#9102,.F.);
#9119 = FACE_BOUND('',#9120,.T.);
#9120 = EDGE_LOOP('',(#9121));
#9121 = ORIENTED_EDGE('',*,*,#9087,.F.);
#9122 = MANIFOLD_SOLID_BREP('',#9123);
#9123 = CLOSED_SHELL('',(#9124,#9212,#9216));
#9124 = ADVANCED_FACE('',(#9125),#9138,.T.);
#9125 = FACE_BOUND('',#9126,.T.);
#9126 = EDGE_LOOP('',(#9127,#9161,#9184,#9211));
#9127 = ORIENTED_EDGE('',*,*,#9128,.F.);
#9128 = EDGE_CURVE('',#9129,#9129,#9131,.T.);
#9129 = VERTEX_POINT('',#9130);
#9130 = CARTESIAN_POINT('',(-96.75,24.5,36.9));
#9131 = SURFACE_CURVE('',#9132,(#9137,#9149),.PCURVE_S1.);
#9132 = CIRCLE('',#9133,2.25);
#9133 = AXIS2_PLACEMENT_3D('',#9134,#9135,#9136);
#9134 = CARTESIAN_POINT('',(-99.,24.5,36.9));
#9135 = DIRECTION('',(0.,0.,1.));
#9136 = DIRECTION('',(1.,0.,-0.));
#9137 = PCURVE('',#9138,#9143);
#9138 = CYLINDRICAL_SURFACE('',#9139,2.25);
#9139 = AXIS2_PLACEMENT_3D('',#9140,#9141,#9142);
#9140 = CARTESIAN_POINT('',(-99.,24.5,35.2));
#9141 = DIRECTION('',(0.,0.,1.));
#9142 = DIRECTION('',(1.,0.,-0.));
#9143 = DEFINITIONAL_REPRESENTATION('',(#9144),#9148);
#9144 = LINE('',#9145,#9146);
#9145 = CARTESIAN_POINT('',(0.,1.7));
#9146 = VECTOR('',#9147,1.);
#9147 = DIRECTION('',(1.,0.));
#9148 = ( GEOMETRIC_REPRESENTATION_CONTEXT(2) 
PARAMETRIC_REPRESENTATION_CONTEXT() REPRESENTATION_CONTEXT('2D SPACE',''
  ) );
#9149 = PCURVE('',#9150,#9155);
#9150 = PLANE('',#9151);
#9151 = AXIS2_PLACEMENT_3D('',#9152,#9153,#9154);
#9152 = CARTESIAN_POINT('',(-99.,24.5,36.9));
#9153 = DIRECTION('',(0.,0.,1.));
#9154 = DIRECTION('',(1.,0.,-0.));
#9155 = DEFINITIONAL_REPRESENTATION('',(#9156),#9160);
#9156 = CIRCLE('',#9157,2.25);
#9157 = AXIS2_PLACEMENT_2D('',#9158,#9159);
#9158 = CARTESIAN_POINT('',(0.,0.));
#9159 = DIRECTION('',(1.,0.));
#9160 = ( GEOMETRIC_REPRESENTATION_CONTEXT(2) 
PARAMETRIC_REPRESENTATION_CONTEXT() REPRESENTATION_CONTEXT('2D SPACE',''
  ) );
#9161 = ORIENTED_EDGE('',*,*,#9162,.F.);
#9162 = EDGE_CURVE('',#9163,#9129,#9165,.T.);
#9163 = VERTEX_POINT('',#9164);
#9164 = CARTESIAN_POINT('',(-96.75,24.5,35.2));
#9165 = SEAM_CURVE('',#9166,(#9170,#9177),.PCURVE_S1.);
#9166 = LINE('',#9167,#9168);
#9167 = CARTESIAN_POINT('',(-96.75,24.5,35.2));
#9168 = VECTOR('',#9169,1.);
#9169 = DIRECTION('',(0.,0.,1.));
#9170 = PCURVE('',#9138,#9171);
#9171 = DEFINITIONAL_REPRESENTATION('',(#9172),#9176);
#9172 = LINE('',#9173,#9174);
#9173 = CARTESIAN_POINT('',(6.28318530718,-0.));
#9174 = VECTOR('',#9175,1.);
#9175 = DIRECTION('',(0.,1.));
#9176 = ( GEOMETRIC_REPRESENTATION_CONTEXT(2) 
PARAMETRIC_REPRESENTATION_CONTEXT() REPRESENTATION_CONTEXT('2D SPACE',''
  ) );
#9177 = PCURVE('',#9138,#9178);
#9178 = DEFINITIONAL_REPRESENTATION('',(#9179),#9183);
#9179 = LINE('',#9180,#9181);
#9180 = CARTESIAN_POINT('',(0.,-0.));
#9181 = VECTOR('',#9182,1.);
#9182 = DIRECTION('',(0.,1.));
#9183 = ( GEOMETRIC_REPRESENTATION_CONTEXT(2) 
PARAMETRIC_REPRESENTATION_CONTEXT() REPRESENTATION_CONTEXT('2D SPACE',''
  ) );
#9184 = ORIENTED_EDGE('',*,*,#9185,.T.);
#9185 = EDGE_CURVE('',#9163,#9163,#9186,.T.);
#9186 = SURFACE_CURVE('',#9187,(#9192,#9199),.PCURVE_S1.);
#9187 = CIRCLE('',#9188,2.25);
#9188 = AXIS2_PLACEMENT_3D('',#9189,#9190,#9191);
#9189 = CARTESIAN_POINT('',(-99.,24.5,35.2));
#9190 = DIRECTION('',(0.,0.,1.));
#9191 = DIRECTION('',(1.,0.,-0.));
#9192 = PCURVE('',#9138,#9193);
#9193 = DEFINITIONAL_REPRESENTATION('',(#9194),#9198);
#9194 = LINE('',#9195,#9196);
#9195 = CARTESIAN_POINT('',(0.,0.));
#9196 = VECTOR('',#9197,1.);
#9197 = DIRECTION('',(1.,0.));
#9198 = ( GEOMETRIC_REPRESENTATION_CONTEXT(2) 
PARAMETRIC_REPRESENTATION_CONTEXT() REPRESENTATION_CONTEXT('2D SPACE',''
  ) );
#9199 = PCURVE('',#9200,#9205);
#9200 = PLANE('',#9201);
#9201 = AXIS2_PLACEMENT_3D('',#9202,#9203,#9204);
#9202 = CARTESIAN_POINT('',(-99.,24.5,35.2));
#9203 = DIRECTION('',(0.,0.,1.));
#9204 = DIRECTION('',(1.,0.,-0.));
#9205 = DEFINITIONAL_REPRESENTATION('',(#9206),#9210);
#9206 = CIRCLE('',#9207,2.25);
#9207 = AXIS2_PLACEMENT_2D('',#9208,#9209);
#9208 = CARTESIAN_POINT('',(0.,0.));
#9209 = DIRECTION('',(1.,0.));
#9210 = ( GEOMETRIC_REPRESENTATION_CONTEXT(2) 
PARAMETRIC_REPRESENTATION_CONTEXT() REPRESENTATION_CONTEXT('2D SPACE',''
  ) );
#9211 = ORIENTED_EDGE('',*,*,#9162,.T.);
#9212 = ADVANCED_FACE('',(#9213),#9150,.T.);
#9213 = FACE_BOUND('',#9214,.T.);
#9214 = EDGE_LOOP('',(#9215));
#9215 = ORIENTED_EDGE('',*,*,#9128,.T.);
#9216 = ADVANCED_FACE('',(#9217),#9200,.F.);
#9217 = FACE_BOUND('',#9218,.T.);
#9218 = EDGE_LOOP('',(#9219));
#9219 = ORIENTED_EDGE('',*,*,#9185,.F.);
#9220 = MANIFOLD_SOLID_BREP('',#9221);
#9221 = CLOSED_SHELL('',(#9222,#9310,#9314));
#9222 = ADVANCED_FACE('',(#9223),#9236,.T.);
#9223 = FACE_BOUND('',#9224,.T.);
#9224 = EDGE_LOOP('',(#9225,#9259,#9282,#9309));
#9225 = ORIENTED_EDGE('',*,*,#9226,.F.);
#9226 = EDGE_CURVE('',#9227,#9227,#9229,.T.);
#9227 = VERTEX_POINT('',#9228);
#9228 = CARTESIAN_POINT('',(-38.5,-24.5,16.));
#9229 = SURFACE_CURVE('',#9230,(#9235,#9247),.PCURVE_S1.);
#9230 = CIRCLE('',#9231,2.5);
#9231 = AXIS2_PLACEMENT_3D('',#9232,#9233,#9234);
#9232 = CARTESIAN_POINT('',(-41.,-24.5,16.));
#9233 = DIRECTION('',(0.,0.,1.));
#9234 = DIRECTION('',(1.,0.,-0.));
#9235 = PCURVE('',#9236,#9241);
#9236 = CYLINDRICAL_SURFACE('',#9237,2.5);
#9237 = AXIS2_PLACEMENT_3D('',#9238,#9239,#9240);
#9238 = CARTESIAN_POINT('',(-41.,-24.5,10.));
#9239 = DIRECTION('',(0.,0.,1.));
#9240 = DIRECTION('',(1.,0.,-0.));
#9241 = DEFINITIONAL_REPRESENTATION('',(#9242),#9246);
#9242 = LINE('',#9243,#9244);
#9243 = CARTESIAN_POINT('',(0.,6.));
#9244 = VECTOR('',#9245,1.);
#9245 = DIRECTION('',(1.,0.));
#9246 = ( GEOMETRIC_REPRESENTATION_CONTEXT(2) 
PARAMETRIC_REPRESENTATION_CONTEXT() REPRESENTATION_CONTEXT('2D SPACE',''
  ) );
#9247 = PCURVE('',#9248,#9253);
#9248 = PLANE('',#9249);
#9249 = AXIS2_PLACEMENT_3D('',#9250,#9251,#9252);
#9250 = CARTESIAN_POINT('',(-41.,-24.5,16.));
#9251 = DIRECTION('',(0.,0.,1.));
#9252 = DIRECTION('',(1.,0.,-0.));
#9253 = DEFINITIONAL_REPRESENTATION('',(#9254),#9258);
#9254 = CIRCLE('',#9255,2.5);
#9255 = AXIS2_PLACEMENT_2D('',#9256,#9257);
#9256 = CARTESIAN_POINT('',(0.,0.));
#9257 = DIRECTION('',(1.,0.));
#9258 = ( GEOMETRIC_REPRESENTATION_CONTEXT(2) 
PARAMETRIC_REPRESENTATION_CONTEXT() REPRESENTATION_CONTEXT('2D SPACE',''
  ) );
#9259 = ORIENTED_EDGE('',*,*,#9260,.F.);
#9260 = EDGE_CURVE('',#9261,#9227,#9263,.T.);
#9261 = VERTEX_POINT('',#9262);
#9262 = CARTESIAN_POINT('',(-38.5,-24.5,10.));
#9263 = SEAM_CURVE('',#9264,(#9268,#9275),.PCURVE_S1.);
#9264 = LINE('',#9265,#9266);
#9265 = CARTESIAN_POINT('',(-38.5,-24.5,10.));
#9266 = VECTOR('',#9267,1.);
#9267 = DIRECTION('',(0.,0.,1.));
#9268 = PCURVE('',#9236,#9269);
#9269 = DEFINITIONAL_REPRESENTATION('',(#9270),#9274);
#9270 = LINE('',#9271,#9272);
#9271 = CARTESIAN_POINT('',(6.28318530718,-0.));
#9272 = VECTOR('',#9273,1.);
#9273 = DIRECTION('',(0.,1.));
#9274 = ( GEOMETRIC_REPRESENTATION_CONTEXT(2) 
PARAMETRIC_REPRESENTATION_CONTEXT() REPRESENTATION_CONTEXT('2D SPACE',''
  ) );
#9275 = PCURVE('',#9236,#9276);
#9276 = DEFINITIONAL_REPRESENTATION('',(#9277),#9281);
#9277 = LINE('',#9278,#9279);
#9278 = CARTESIAN_POINT('',(0.,-0.));
#9279 = VECTOR('',#9280,1.);
#9280 = DIRECTION('',(0.,1.));
#9281 = ( GEOMETRIC_REPRESENTATION_CONTEXT(2) 
PARAMETRIC_REPRESENTATION_CONTEXT() REPRESENTATION_CONTEXT('2D SPACE',''
  ) );
#9282 = ORIENTED_EDGE('',*,*,#9283,.T.);
#9283 = EDGE_CURVE('',#9261,#9261,#9284,.T.);
#9284 = SURFACE_CURVE('',#9285,(#9290,#9297),.PCURVE_S1.);
#9285 = CIRCLE('',#9286,2.5);
#9286 = AXIS2_PLACEMENT_3D('',#9287,#9288,#9289);
#9287 = CARTESIAN_POINT('',(-41.,-24.5,10.));
#9288 = DIRECTION('',(0.,0.,1.));
#9289 = DIRECTION('',(1.,0.,-0.));
#9290 = PCURVE('',#9236,#9291);
#9291 = DEFINITIONAL_REPRESENTATION('',(#9292),#9296);
#9292 = LINE('',#9293,#9294);
#9293 = CARTESIAN_POINT('',(0.,0.));
#9294 = VECTOR('',#9295,1.);
#9295 = DIRECTION('',(1.,0.));
#9296 = ( GEOMETRIC_REPRESENTATION_CONTEXT(2) 
PARAMETRIC_REPRESENTATION_CONTEXT() REPRESENTATION_CONTEXT('2D SPACE',''
  ) );
#9297 = PCURVE('',#9298,#9303);
#9298 = PLANE('',#9299);
#9299 = AXIS2_PLACEMENT_3D('',#9300,#9301,#9302);
#9300 = CARTESIAN_POINT('',(-41.,-24.5,10.));
#9301 = DIRECTION('',(0.,0.,1.));
#9302 = DIRECTION('',(1.,0.,-0.));
#9303 = DEFINITIONAL_REPRESENTATION('',(#9304),#9308);
#9304 = CIRCLE('',#9305,2.5);
#9305 = AXIS2_PLACEMENT_2D('',#9306,#9307);
#9306 = CARTESIAN_POINT('',(0.,0.));
#9307 = DIRECTION('',(1.,0.));
#9308 = ( GEOMETRIC_REPRESENTATION_CONTEXT(2) 
PARAMETRIC_REPRESENTATION_CONTEXT() REPRESENTATION_CONTEXT('2D SPACE',''
  ) );
#9309 = ORIENTED_EDGE('',*,*,#9260,.T.);
#9310 = ADVANCED_FACE('',(#9311),#9248,.T.);
#9311 = FACE_BOUND('',#9312,.T.);
#9312 = EDGE_LOOP('',(#9313));
#9313 = ORIENTED_EDGE('',*,*,#9226,.T.);
#9314 = ADVANCED_FACE('',(#9315),#9298,.F.);
#9315 = FACE_BOUND('',#9316,.T.);
#9316 = EDGE_LOOP('',(#9317));
#9317 = ORIENTED_EDGE('',*,*,#9283,.F.);
#9318 = MANIFOLD_SOLID_BREP('',#9319);
#9319 = CLOSED_SHELL('',(#9320,#9408,#9412));
#9320 = ADVANCED_FACE('',(#9321),#9334,.T.);
#9321 = FACE_BOUND('',#9322,.T.);
#9322 = EDGE_LOOP('',(#9323,#9357,#9380,#9407));
#9323 = ORIENTED_EDGE('',*,*,#9324,.F.);
#9324 = EDGE_CURVE('',#9325,#9325,#9327,.T.);
#9325 = VERTEX_POINT('',#9326);
#9326 = CARTESIAN_POINT('',(-38.5,-24.5,33.6));
#9327 = SURFACE_CURVE('',#9328,(#9333,#9345),.PCURVE_S1.);
#9328 = CIRCLE('',#9329,2.5);
#9329 = AXIS2_PLACEMENT_3D('',#9330,#9331,#9332);
#9330 = CARTESIAN_POINT('',(-41.,-24.5,33.6));
#9331 = DIRECTION('',(0.,0.,1.));
#9332 = DIRECTION('',(1.,0.,-0.));
#9333 = PCURVE('',#9334,#9339);
#9334 = CYLINDRICAL_SURFACE('',#9335,2.5);
#9335 = AXIS2_PLACEMENT_3D('',#9336,#9337,#9338);
#9336 = CARTESIAN_POINT('',(-41.,-24.5,17.6));
#9337 = DIRECTION('',(0.,0.,1.));
#9338 = DIRECTION('',(1.,0.,-0.));
#9339 = DEFINITIONAL_REPRESENTATION('',(#9340),#9344);
#9340 = LINE('',#9341,#9342);
#9341 = CARTESIAN_POINT('',(0.,16.));
#9342 = VECTOR('',#9343,1.);
#9343 = DIRECTION('',(1.,0.));
#9344 = ( GEOMETRIC_REPRESENTATION_CONTEXT(2) 
PARAMETRIC_REPRESENTATION_CONTEXT() REPRESENTATION_CONTEXT('2D SPACE',''
  ) );
#9345 = PCURVE('',#9346,#9351);
#9346 = PLANE('',#9347);
#9347 = AXIS2_PLACEMENT_3D('',#9348,#9349,#9350);
#9348 = CARTESIAN_POINT('',(-41.,-24.5,33.6));
#9349 = DIRECTION('',(0.,0.,1.));
#9350 = DIRECTION('',(1.,0.,-0.));
#9351 = DEFINITIONAL_REPRESENTATION('',(#9352),#9356);
#9352 = CIRCLE('',#9353,2.5);
#9353 = AXIS2_PLACEMENT_2D('',#9354,#9355);
#9354 = CARTESIAN_POINT('',(0.,0.));
#9355 = DIRECTION('',(1.,0.));
#9356 = ( GEOMETRIC_REPRESENTATION_CONTEXT(2) 
PARAMETRIC_REPRESENTATION_CONTEXT() REPRESENTATION_CONTEXT('2D SPACE',''
  ) );
#9357 = ORIENTED_EDGE('',*,*,#9358,.F.);
#9358 = EDGE_CURVE('',#9359,#9325,#9361,.T.);
#9359 = VERTEX_POINT('',#9360);
#9360 = CARTESIAN_POINT('',(-38.5,-24.5,17.6));
#9361 = SEAM_CURVE('',#9362,(#9366,#9373),.PCURVE_S1.);
#9362 = LINE('',#9363,#9364);
#9363 = CARTESIAN_POINT('',(-38.5,-24.5,17.6));
#9364 = VECTOR('',#9365,1.);
#9365 = DIRECTION('',(0.,0.,1.));
#9366 = PCURVE('',#9334,#9367);
#9367 = DEFINITIONAL_REPRESENTATION('',(#9368),#9372);
#9368 = LINE('',#9369,#9370);
#9369 = CARTESIAN_POINT('',(6.28318530718,-0.));
#9370 = VECTOR('',#9371,1.);
#9371 = DIRECTION('',(0.,1.));
#9372 = ( GEOMETRIC_REPRESENTATION_CONTEXT(2) 
PARAMETRIC_REPRESENTATION_CONTEXT() REPRESENTATION_CONTEXT('2D SPACE',''
  ) );
#9373 = PCURVE('',#9334,#9374);
#9374 = DEFINITIONAL_REPRESENTATION('',(#9375),#9379);
#9375 = LINE('',#9376,#9377);
#9376 = CARTESIAN_POINT('',(0.,-0.));
#9377 = VECTOR('',#9378,1.);
#9378 = DIRECTION('',(0.,1.));
#9379 = ( GEOMETRIC_REPRESENTATION_CONTEXT(2) 
PARAMETRIC_REPRESENTATION_CONTEXT() REPRESENTATION_CONTEXT('2D SPACE',''
  ) );
#9380 = ORIENTED_EDGE('',*,*,#9381,.T.);
#9381 = EDGE_CURVE('',#9359,#9359,#9382,.T.);
#9382 = SURFACE_CURVE('',#9383,(#9388,#9395),.PCURVE_S1.);
#9383 = CIRCLE('',#9384,2.5);
#9384 = AXIS2_PLACEMENT_3D('',#9385,#9386,#9387);
#9385 = CARTESIAN_POINT('',(-41.,-24.5,17.6));
#9386 = DIRECTION('',(0.,0.,1.));
#9387 = DIRECTION('',(1.,0.,-0.));
#9388 = PCURVE('',#9334,#9389);
#9389 = DEFINITIONAL_REPRESENTATION('',(#9390),#9394);
#9390 = LINE('',#9391,#9392);
#9391 = CARTESIAN_POINT('',(0.,0.));
#9392 = VECTOR('',#9393,1.);
#9393 = DIRECTION('',(1.,0.));
#9394 = ( GEOMETRIC_REPRESENTATION_CONTEXT(2) 
PARAMETRIC_REPRESENTATION_CONTEXT() REPRESENTATION_CONTEXT('2D SPACE',''
  ) );
#9395 = PCURVE('',#9396,#9401);
#9396 = PLANE('',#9397);
#9397 = AXIS2_PLACEMENT_3D('',#9398,#9399,#9400);
#9398 = CARTESIAN_POINT('',(-41.,-24.5,17.6));
#9399 = DIRECTION('',(0.,0.,1.));
#9400 = DIRECTION('',(1.,0.,-0.));
#9401 = DEFINITIONAL_REPRESENTATION('',(#9402),#9406);
#9402 = CIRCLE('',#9403,2.5);
#9403 = AXIS2_PLACEMENT_2D('',#9404,#9405);
#9404 = CARTESIAN_POINT('',(0.,0.));
#9405 = DIRECTION('',(1.,0.));
#9406 = ( GEOMETRIC_REPRESENTATION_CONTEXT(2) 
PARAMETRIC_REPRESENTATION_CONTEXT() REPRESENTATION_CONTEXT('2D SPACE',''
  ) );
#9407 = ORIENTED_EDGE('',*,*,#9358,.T.);
#9408 = ADVANCED_FACE('',(#9409),#9346,.T.);
#9409 = FACE_BOUND('',#9410,.T.);
#9410 = EDGE_LOOP('',(#9411));
#9411 = ORIENTED_EDGE('',*,*,#9324,.T.);
#9412 = ADVANCED_FACE('',(#9413),#9396,.F.);
#9413 = FACE_BOUND('',#9414,.T.);
#9414 = EDGE_LOOP('',(#9415));
#9415 = ORIENTED_EDGE('',*,*,#9381,.F.);
#9416 = MANIFOLD_SOLID_BREP('',#9417);
#9417 = CLOSED_SHELL('',(#9418,#9506,#9510));
#9418 = ADVANCED_FACE('',(#9419),#9432,.T.);
#9419 = FACE_BOUND('',#9420,.T.);
#9420 = EDGE_LOOP('',(#9421,#9455,#9478,#9505));
#9421 = ORIENTED_EDGE('',*,*,#9422,.F.);
#9422 = EDGE_CURVE('',#9423,#9423,#9425,.T.);
#9423 = VERTEX_POINT('',#9424);
#9424 = CARTESIAN_POINT('',(-38.75,-24.5,7.5));
#9425 = SURFACE_CURVE('',#9426,(#9431,#9443),.PCURVE_S1.);
#9426 = CIRCLE('',#9427,2.25);
#9427 = AXIS2_PLACEMENT_3D('',#9428,#9429,#9430);
#9428 = CARTESIAN_POINT('',(-41.,-24.5,7.5));
#9429 = DIRECTION('',(0.,0.,1.));
#9430 = DIRECTION('',(1.,0.,-0.));
#9431 = PCURVE('',#9432,#9437);
#9432 = CYLINDRICAL_SURFACE('',#9433,2.25);
#9433 = AXIS2_PLACEMENT_3D('',#9434,#9435,#9436);
#9434 = CARTESIAN_POINT('',(-41.,-24.5,5.8));
#9435 = DIRECTION('',(0.,0.,1.));
#9436 = DIRECTION('',(1.,0.,-0.));
#9437 = DEFINITIONAL_REPRESENTATION('',(#9438),#9442);
#9438 = LINE('',#9439,#9440);
#9439 = CARTESIAN_POINT('',(0.,1.7));
#9440 = VECTOR('',#9441,1.);
#9441 = DIRECTION('',(1.,0.));
#9442 = ( GEOMETRIC_REPRESENTATION_CONTEXT(2) 
PARAMETRIC_REPRESENTATION_CONTEXT() REPRESENTATION_CONTEXT('2D SPACE',''
  ) );
#9443 = PCURVE('',#9444,#9449);
#9444 = PLANE('',#9445);
#9445 = AXIS2_PLACEMENT_3D('',#9446,#9447,#9448);
#9446 = CARTESIAN_POINT('',(-41.,-24.5,7.5));
#9447 = DIRECTION('',(0.,0.,1.));
#9448 = DIRECTION('',(1.,0.,-0.));
#9449 = DEFINITIONAL_REPRESENTATION('',(#9450),#9454);
#9450 = CIRCLE('',#9451,2.25);
#9451 = AXIS2_PLACEMENT_2D('',#9452,#9453);
#9452 = CARTESIAN_POINT('',(0.,0.));
#9453 = DIRECTION('',(1.,0.));
#9454 = ( GEOMETRIC_REPRESENTATION_CONTEXT(2) 
PARAMETRIC_REPRESENTATION_CONTEXT() REPRESENTATION_CONTEXT('2D SPACE',''
  ) );
#9455 = ORIENTED_EDGE('',*,*,#9456,.F.);
#9456 = EDGE_CURVE('',#9457,#9423,#9459,.T.);
#9457 = VERTEX_POINT('',#9458);
#9458 = CARTESIAN_POINT('',(-38.75,-24.5,5.8));
#9459 = SEAM_CURVE('',#9460,(#9464,#9471),.PCURVE_S1.);
#9460 = LINE('',#9461,#9462);
#9461 = CARTESIAN_POINT('',(-38.75,-24.5,5.8));
#9462 = VECTOR('',#9463,1.);
#9463 = DIRECTION('',(0.,0.,1.));
#9464 = PCURVE('',#9432,#9465);
#9465 = DEFINITIONAL_REPRESENTATION('',(#9466),#9470);
#9466 = LINE('',#9467,#9468);
#9467 = CARTESIAN_POINT('',(6.28318530718,-0.));
#9468 = VECTOR('',#9469,1.);
#9469 = DIRECTION('',(0.,1.));
#9470 = ( GEOMETRIC_REPRESENTATION_CONTEXT(2) 
PARAMETRIC_REPRESENTATION_CONTEXT() REPRESENTATION_CONTEXT('2D SPACE',''
  ) );
#9471 = PCURVE('',#9432,#9472);
#9472 = DEFINITIONAL_REPRESENTATION('',(#9473),#9477);
#9473 = LINE('',#9474,#9475);
#9474 = CARTESIAN_POINT('',(0.,-0.));
#9475 = VECTOR('',#9476,1.);
#9476 = DIRECTION('',(0.,1.));
#9477 = ( GEOMETRIC_REPRESENTATION_CONTEXT(2) 
PARAMETRIC_REPRESENTATION_CONTEXT() REPRESENTATION_CONTEXT('2D SPACE',''
  ) );
#9478 = ORIENTED_EDGE('',*,*,#9479,.T.);
#9479 = EDGE_CURVE('',#9457,#9457,#9480,.T.);
#9480 = SURFACE_CURVE('',#9481,(#9486,#9493),.PCURVE_S1.);
#9481 = CIRCLE('',#9482,2.25);
#9482 = AXIS2_PLACEMENT_3D('',#9483,#9484,#9485);
#9483 = CARTESIAN_POINT('',(-41.,-24.5,5.8));
#9484 = DIRECTION('',(0.,0.,1.));
#9485 = DIRECTION('',(1.,0.,-0.));
#9486 = PCURVE('',#9432,#9487);
#9487 = DEFINITIONAL_REPRESENTATION('',(#9488),#9492);
#9488 = LINE('',#9489,#9490);
#9489 = CARTESIAN_POINT('',(0.,0.));
#9490 = VECTOR('',#9491,1.);
#9491 = DIRECTION('',(1.,0.));
#9492 = ( GEOMETRIC_REPRESENTATION_CONTEXT(2) 
PARAMETRIC_REPRESENTATION_CONTEXT() REPRESENTATION_CONTEXT('2D SPACE',''
  ) );
#9493 = PCURVE('',#9494,#9499);
#9494 = PLANE('',#9495);
#9495 = AXIS2_PLACEMENT_3D('',#9496,#9497,#9498);
#9496 = CARTESIAN_POINT('',(-41.,-24.5,5.8));
#9497 = DIRECTION('',(0.,0.,1.));
#9498 = DIRECTION('',(1.,0.,-0.));
#9499 = DEFINITIONAL_REPRESENTATION('',(#9500),#9504);
#9500 = CIRCLE('',#9501,2.25);
#9501 = AXIS2_PLACEMENT_2D('',#9502,#9503);
#9502 = CARTESIAN_POINT('',(0.,0.));
#9503 = DIRECTION('',(1.,0.));
#9504 = ( GEOMETRIC_REPRESENTATION_CONTEXT(2) 
PARAMETRIC_REPRESENTATION_CONTEXT() REPRESENTATION_CONTEXT('2D SPACE',''
  ) );
#9505 = ORIENTED_EDGE('',*,*,#9456,.T.);
#9506 = ADVANCED_FACE('',(#9507),#9444,.T.);
#9507 = FACE_BOUND('',#9508,.T.);
#9508 = EDGE_LOOP('',(#9509));
#9509 = ORIENTED_EDGE('',*,*,#9422,.T.);
#9510 = ADVANCED_FACE('',(#9511),#9494,.F.);
#9511 = FACE_BOUND('',#9512,.T.);
#9512 = EDGE_LOOP('',(#9513));
#9513 = ORIENTED_EDGE('',*,*,#9479,.F.);
#9514 = MANIFOLD_SOLID_BREP('',#9515);
#9515 = CLOSED_SHELL('',(#9516,#9604,#9608));
#9516 = ADVANCED_FACE('',(#9517),#9530,.T.);
#9517 = FACE_BOUND('',#9518,.T.);
#9518 = EDGE_LOOP('',(#9519,#9553,#9576,#9603));
#9519 = ORIENTED_EDGE('',*,*,#9520,.F.);
#9520 = EDGE_CURVE('',#9521,#9521,#9523,.T.);
#9521 = VERTEX_POINT('',#9522);
#9522 = CARTESIAN_POINT('',(-38.75,-24.5,36.9));
#9523 = SURFACE_CURVE('',#9524,(#9529,#9541),.PCURVE_S1.);
#9524 = CIRCLE('',#9525,2.25);
#9525 = AXIS2_PLACEMENT_3D('',#9526,#9527,#9528);
#9526 = CARTESIAN_POINT('',(-41.,-24.5,36.9));
#9527 = DIRECTION('',(0.,0.,1.));
#9528 = DIRECTION('',(1.,0.,-0.));
#9529 = PCURVE('',#9530,#9535);
#9530 = CYLINDRICAL_SURFACE('',#9531,2.25);
#9531 = AXIS2_PLACEMENT_3D('',#9532,#9533,#9534);
#9532 = CARTESIAN_POINT('',(-41.,-24.5,35.2));
#9533 = DIRECTION('',(0.,0.,1.));
#9534 = DIRECTION('',(1.,0.,-0.));
#9535 = DEFINITIONAL_REPRESENTATION('',(#9536),#9540);
#9536 = LINE('',#9537,#9538);
#9537 = CARTESIAN_POINT('',(0.,1.7));
#9538 = VECTOR('',#9539,1.);
#9539 = DIRECTION('',(1.,0.));
#9540 = ( GEOMETRIC_REPRESENTATION_CONTEXT(2) 
PARAMETRIC_REPRESENTATION_CONTEXT() REPRESENTATION_CONTEXT('2D SPACE',''
  ) );
#9541 = PCURVE('',#9542,#9547);
#9542 = PLANE('',#9543);
#9543 = AXIS2_PLACEMENT_3D('',#9544,#9545,#9546);
#9544 = CARTESIAN_POINT('',(-41.,-24.5,36.9));
#9545 = DIRECTION('',(0.,0.,1.));
#9546 = DIRECTION('',(1.,0.,-0.));
#9547 = DEFINITIONAL_REPRESENTATION('',(#9548),#9552);
#9548 = CIRCLE('',#9549,2.25);
#9549 = AXIS2_PLACEMENT_2D('',#9550,#9551);
#9550 = CARTESIAN_POINT('',(0.,0.));
#9551 = DIRECTION('',(1.,0.));
#9552 = ( GEOMETRIC_REPRESENTATION_CONTEXT(2) 
PARAMETRIC_REPRESENTATION_CONTEXT() REPRESENTATION_CONTEXT('2D SPACE',''
  ) );
#9553 = ORIENTED_EDGE('',*,*,#9554,.F.);
#9554 = EDGE_CURVE('',#9555,#9521,#9557,.T.);
#9555 = VERTEX_POINT('',#9556);
#9556 = CARTESIAN_POINT('',(-38.75,-24.5,35.2));
#9557 = SEAM_CURVE('',#9558,(#9562,#9569),.PCURVE_S1.);
#9558 = LINE('',#9559,#9560);
#9559 = CARTESIAN_POINT('',(-38.75,-24.5,35.2));
#9560 = VECTOR('',#9561,1.);
#9561 = DIRECTION('',(0.,0.,1.));
#9562 = PCURVE('',#9530,#9563);
#9563 = DEFINITIONAL_REPRESENTATION('',(#9564),#9568);
#9564 = LINE('',#9565,#9566);
#9565 = CARTESIAN_POINT('',(6.28318530718,-0.));
#9566 = VECTOR('',#9567,1.);
#9567 = DIRECTION('',(0.,1.));
#9568 = ( GEOMETRIC_REPRESENTATION_CONTEXT(2) 
PARAMETRIC_REPRESENTATION_CONTEXT() REPRESENTATION_CONTEXT('2D SPACE',''
  ) );
#9569 = PCURVE('',#9530,#9570);
#9570 = DEFINITIONAL_REPRESENTATION('',(#9571),#9575);
#9571 = LINE('',#9572,#9573);
#9572 = CARTESIAN_POINT('',(0.,-0.));
#9573 = VECTOR('',#9574,1.);
#9574 = DIRECTION('',(0.,1.));
#9575 = ( GEOMETRIC_REPRESENTATION_CONTEXT(2) 
PARAMETRIC_REPRESENTATION_CONTEXT() REPRESENTATION_CONTEXT('2D SPACE',''
  ) );
#9576 = ORIENTED_EDGE('',*,*,#9577,.T.);
#9577 = EDGE_CURVE('',#9555,#9555,#9578,.T.);
#9578 = SURFACE_CURVE('',#9579,(#9584,#9591),.PCURVE_S1.);
#9579 = CIRCLE('',#9580,2.25);
#9580 = AXIS2_PLACEMENT_3D('',#9581,#9582,#9583);
#9581 = CARTESIAN_POINT('',(-41.,-24.5,35.2));
#9582 = DIRECTION('',(0.,0.,1.));
#9583 = DIRECTION('',(1.,0.,-0.));
#9584 = PCURVE('',#9530,#9585);
#9585 = DEFINITIONAL_REPRESENTATION('',(#9586),#9590);
#9586 = LINE('',#9587,#9588);
#9587 = CARTESIAN_POINT('',(0.,0.));
#9588 = VECTOR('',#9589,1.);
#9589 = DIRECTION('',(1.,0.));
#9590 = ( GEOMETRIC_REPRESENTATION_CONTEXT(2) 
PARAMETRIC_REPRESENTATION_CONTEXT() REPRESENTATION_CONTEXT('2D SPACE',''
  ) );
#9591 = PCURVE('',#9592,#9597);
#9592 = PLANE('',#9593);
#9593 = AXIS2_PLACEMENT_3D('',#9594,#9595,#9596);
#9594 = CARTESIAN_POINT('',(-41.,-24.5,35.2));
#9595 = DIRECTION('',(0.,0.,1.));
#9596 = DIRECTION('',(1.,0.,-0.));
#9597 = DEFINITIONAL_REPRESENTATION('',(#9598),#9602);
#9598 = CIRCLE('',#9599,2.25);
#9599 = AXIS2_PLACEMENT_2D('',#9600,#9601);
#9600 = CARTESIAN_POINT('',(0.,0.));
#9601 = DIRECTION('',(1.,0.));
#9602 = ( GEOMETRIC_REPRESENTATION_CONTEXT(2) 
PARAMETRIC_REPRESENTATION_CONTEXT() REPRESENTATION_CONTEXT('2D SPACE',''
  ) );
#9603 = ORIENTED_EDGE('',*,*,#9554,.T.);
#9604 = ADVANCED_FACE('',(#9605),#9542,.T.);
#9605 = FACE_BOUND('',#9606,.T.);
#9606 = EDGE_LOOP('',(#9607));
#9607 = ORIENTED_EDGE('',*,*,#9520,.T.);
#9608 = ADVANCED_FACE('',(#9609),#9592,.F.);
#9609 = FACE_BOUND('',#9610,.T.);
#9610 = EDGE_LOOP('',(#9611));
#9611 = ORIENTED_EDGE('',*,*,#9577,.F.);
#9612 = MANIFOLD_SOLID_BREP('',#9613);
#9613 = CLOSED_SHELL('',(#9614,#9702,#9706));
#9614 = ADVANCED_FACE('',(#9615),#9628,.T.);
#9615 = FACE_BOUND('',#9616,.T.);
#9616 = EDGE_LOOP('',(#9617,#9651,#9674,#9701));
#9617 = ORIENTED_EDGE('',*,*,#9618,.F.);
#9618 = EDGE_CURVE('',#9619,#9619,#9621,.T.);
#9619 = VERTEX_POINT('',#9620);
#9620 = CARTESIAN_POINT('',(-38.5,24.5,16.));
#9621 = SURFACE_CURVE('',#9622,(#9627,#9639),.PCURVE_S1.);
#9622 = CIRCLE('',#9623,2.5);
#9623 = AXIS2_PLACEMENT_3D('',#9624,#9625,#9626);
#9624 = CARTESIAN_POINT('',(-41.,24.5,16.));
#9625 = DIRECTION('',(0.,0.,1.));
#9626 = DIRECTION('',(1.,0.,-0.));
#9627 = PCURVE('',#9628,#9633);
#9628 = CYLINDRICAL_SURFACE('',#9629,2.5);
#9629 = AXIS2_PLACEMENT_3D('',#9630,#9631,#9632);
#9630 = CARTESIAN_POINT('',(-41.,24.5,10.));
#9631 = DIRECTION('',(0.,0.,1.));
#9632 = DIRECTION('',(1.,0.,-0.));
#9633 = DEFINITIONAL_REPRESENTATION('',(#9634),#9638);
#9634 = LINE('',#9635,#9636);
#9635 = CARTESIAN_POINT('',(0.,6.));
#9636 = VECTOR('',#9637,1.);
#9637 = DIRECTION('',(1.,0.));
#9638 = ( GEOMETRIC_REPRESENTATION_CONTEXT(2) 
PARAMETRIC_REPRESENTATION_CONTEXT() REPRESENTATION_CONTEXT('2D SPACE',''
  ) );
#9639 = PCURVE('',#9640,#9645);
#9640 = PLANE('',#9641);
#9641 = AXIS2_PLACEMENT_3D('',#9642,#9643,#9644);
#9642 = CARTESIAN_POINT('',(-41.,24.5,16.));
#9643 = DIRECTION('',(0.,0.,1.));
#9644 = DIRECTION('',(1.,0.,-0.));
#9645 = DEFINITIONAL_REPRESENTATION('',(#9646),#9650);
#9646 = CIRCLE('',#9647,2.5);
#9647 = AXIS2_PLACEMENT_2D('',#9648,#9649);
#9648 = CARTESIAN_POINT('',(0.,0.));
#9649 = DIRECTION('',(1.,0.));
#9650 = ( GEOMETRIC_REPRESENTATION_CONTEXT(2) 
PARAMETRIC_REPRESENTATION_CONTEXT() REPRESENTATION_CONTEXT('2D SPACE',''
  ) );
#9651 = ORIENTED_EDGE('',*,*,#9652,.F.);
#9652 = EDGE_CURVE('',#9653,#9619,#9655,.T.);
#9653 = VERTEX_POINT('',#9654);
#9654 = CARTESIAN_POINT('',(-38.5,24.5,10.));
#9655 = SEAM_CURVE('',#9656,(#9660,#9667),.PCURVE_S1.);
#9656 = LINE('',#9657,#9658);
#9657 = CARTESIAN_POINT('',(-38.5,24.5,10.));
#9658 = VECTOR('',#9659,1.);
#9659 = DIRECTION('',(0.,0.,1.));
#9660 = PCURVE('',#9628,#9661);
#9661 = DEFINITIONAL_REPRESENTATION('',(#9662),#9666);
#9662 = LINE('',#9663,#9664);
#9663 = CARTESIAN_POINT('',(6.28318530718,-0.));
#9664 = VECTOR('',#9665,1.);
#9665 = DIRECTION('',(0.,1.));
#9666 = ( GEOMETRIC_REPRESENTATION_CONTEXT(2) 
PARAMETRIC_REPRESENTATION_CONTEXT() REPRESENTATION_CONTEXT('2D SPACE',''
  ) );
#9667 = PCURVE('',#9628,#9668);
#9668 = DEFINITIONAL_REPRESENTATION('',(#9669),#9673);
#9669 = LINE('',#9670,#9671);
#9670 = CARTESIAN_POINT('',(0.,-0.));
#9671 = VECTOR('',#9672,1.);
#9672 = DIRECTION('',(0.,1.));
#9673 = ( GEOMETRIC_REPRESENTATION_CONTEXT(2) 
PARAMETRIC_REPRESENTATION_CONTEXT() REPRESENTATION_CONTEXT('2D SPACE',''
  ) );
#9674 = ORIENTED_EDGE('',*,*,#9675,.T.);
#9675 = EDGE_CURVE('',#9653,#9653,#9676,.T.);
#9676 = SURFACE_CURVE('',#9677,(#9682,#9689),.PCURVE_S1.);
#9677 = CIRCLE('',#9678,2.5);
#9678 = AXIS2_PLACEMENT_3D('',#9679,#9680,#9681);
#9679 = CARTESIAN_POINT('',(-41.,24.5,10.));
#9680 = DIRECTION('',(0.,0.,1.));
#9681 = DIRECTION('',(1.,0.,-0.));
#9682 = PCURVE('',#9628,#9683);
#9683 = DEFINITIONAL_REPRESENTATION('',(#9684),#9688);
#9684 = LINE('',#9685,#9686);
#9685 = CARTESIAN_POINT('',(0.,0.));
#9686 = VECTOR('',#9687,1.);
#9687 = DIRECTION('',(1.,0.));
#9688 = ( GEOMETRIC_REPRESENTATION_CONTEXT(2) 
PARAMETRIC_REPRESENTATION_CONTEXT() REPRESENTATION_CONTEXT('2D SPACE',''
  ) );
#9689 = PCURVE('',#9690,#9695);
#9690 = PLANE('',#9691);
#9691 = AXIS2_PLACEMENT_3D('',#9692,#9693,#9694);
#9692 = CARTESIAN_POINT('',(-41.,24.5,10.));
#9693 = DIRECTION('',(0.,0.,1.));
#9694 = DIRECTION('',(1.,0.,-0.));
#9695 = DEFINITIONAL_REPRESENTATION('',(#9696),#9700);
#9696 = CIRCLE('',#9697,2.5);
#9697 = AXIS2_PLACEMENT_2D('',#9698,#9699);
#9698 = CARTESIAN_POINT('',(0.,0.));
#9699 = DIRECTION('',(1.,0.));
#9700 = ( GEOMETRIC_REPRESENTATION_CONTEXT(2) 
PARAMETRIC_REPRESENTATION_CONTEXT() REPRESENTATION_CONTEXT('2D SPACE',''
  ) );
#9701 = ORIENTED_EDGE('',*,*,#9652,.T.);
#9702 = ADVANCED_FACE('',(#9703),#9640,.T.);
#9703 = FACE_BOUND('',#9704,.T.);
#9704 = EDGE_LOOP('',(#9705));
#9705 = ORIENTED_EDGE('',*,*,#9618,.T.);
#9706 = ADVANCED_FACE('',(#9707),#9690,.F.);
#9707 = FACE_BOUND('',#9708,.T.);
#9708 = EDGE_LOOP('',(#9709));
#9709 = ORIENTED_EDGE('',*,*,#9675,.F.);
#9710 = MANIFOLD_SOLID_BREP('',#9711);
#9711 = CLOSED_SHELL('',(#9712,#9800,#9804));
#9712 = ADVANCED_FACE('',(#9713),#9726,.T.);
#9713 = FACE_BOUND('',#9714,.T.);
#9714 = EDGE_LOOP('',(#9715,#9749,#9772,#9799));
#9715 = ORIENTED_EDGE('',*,*,#9716,.F.);
#9716 = EDGE_CURVE('',#9717,#9717,#9719,.T.);
#9717 = VERTEX_POINT('',#9718);
#9718 = CARTESIAN_POINT('',(-38.5,24.5,33.6));
#9719 = SURFACE_CURVE('',#9720,(#9725,#9737),.PCURVE_S1.);
#9720 = CIRCLE('',#9721,2.5);
#9721 = AXIS2_PLACEMENT_3D('',#9722,#9723,#9724);
#9722 = CARTESIAN_POINT('',(-41.,24.5,33.6));
#9723 = DIRECTION('',(0.,0.,1.));
#9724 = DIRECTION('',(1.,0.,-0.));
#9725 = PCURVE('',#9726,#9731);
#9726 = CYLINDRICAL_SURFACE('',#9727,2.5);
#9727 = AXIS2_PLACEMENT_3D('',#9728,#9729,#9730);
#9728 = CARTESIAN_POINT('',(-41.,24.5,17.6));
#9729 = DIRECTION('',(0.,0.,1.));
#9730 = DIRECTION('',(1.,0.,-0.));
#9731 = DEFINITIONAL_REPRESENTATION('',(#9732),#9736);
#9732 = LINE('',#9733,#9734);
#9733 = CARTESIAN_POINT('',(0.,16.));
#9734 = VECTOR('',#9735,1.);
#9735 = DIRECTION('',(1.,0.));
#9736 = ( GEOMETRIC_REPRESENTATION_CONTEXT(2) 
PARAMETRIC_REPRESENTATION_CONTEXT() REPRESENTATION_CONTEXT('2D SPACE',''
  ) );
#9737 = PCURVE('',#9738,#9743);
#9738 = PLANE('',#9739);
#9739 = AXIS2_PLACEMENT_3D('',#9740,#9741,#9742);
#9740 = CARTESIAN_POINT('',(-41.,24.5,33.6));
#9741 = DIRECTION('',(0.,0.,1.));
#9742 = DIRECTION('',(1.,0.,-0.));
#9743 = DEFINITIONAL_REPRESENTATION('',(#9744),#9748);
#9744 = CIRCLE('',#9745,2.5);
#9745 = AXIS2_PLACEMENT_2D('',#9746,#9747);
#9746 = CARTESIAN_POINT('',(0.,0.));
#9747 = DIRECTION('',(1.,0.));
#9748 = ( GEOMETRIC_REPRESENTATION_CONTEXT(2) 
PARAMETRIC_REPRESENTATION_CONTEXT() REPRESENTATION_CONTEXT('2D SPACE',''
  ) );
#9749 = ORIENTED_EDGE('',*,*,#9750,.F.);
#9750 = EDGE_CURVE('',#9751,#9717,#9753,.T.);
#9751 = VERTEX_POINT('',#9752);
#9752 = CARTESIAN_POINT('',(-38.5,24.5,17.6));
#9753 = SEAM_CURVE('',#9754,(#9758,#9765),.PCURVE_S1.);
#9754 = LINE('',#9755,#9756);
#9755 = CARTESIAN_POINT('',(-38.5,24.5,17.6));
#9756 = VECTOR('',#9757,1.);
#9757 = DIRECTION('',(0.,0.,1.));
#9758 = PCURVE('',#9726,#9759);
#9759 = DEFINITIONAL_REPRESENTATION('',(#9760),#9764);
#9760 = LINE('',#9761,#9762);
#9761 = CARTESIAN_POINT('',(6.28318530718,-0.));
#9762 = VECTOR('',#9763,1.);
#9763 = DIRECTION('',(0.,1.));
#9764 = ( GEOMETRIC_REPRESENTATION_CONTEXT(2) 
PARAMETRIC_REPRESENTATION_CONTEXT() REPRESENTATION_CONTEXT('2D SPACE',''
  ) );
#9765 = PCURVE('',#9726,#9766);
#9766 = DEFINITIONAL_REPRESENTATION('',(#9767),#9771);
#9767 = LINE('',#9768,#9769);
#9768 = CARTESIAN_POINT('',(0.,-0.));
#9769 = VECTOR('',#9770,1.);
#9770 = DIRECTION('',(0.,1.));
#9771 = ( GEOMETRIC_REPRESENTATION_CONTEXT(2) 
PARAMETRIC_REPRESENTATION_CONTEXT() REPRESENTATION_CONTEXT('2D SPACE',''
  ) );
#9772 = ORIENTED_EDGE('',*,*,#9773,.T.);
#9773 = EDGE_CURVE('',#9751,#9751,#9774,.T.);
#9774 = SURFACE_CURVE('',#9775,(#9780,#9787),.PCURVE_S1.);
#9775 = CIRCLE('',#9776,2.5);
#9776 = AXIS2_PLACEMENT_3D('',#9777,#9778,#9779);
#9777 = CARTESIAN_POINT('',(-41.,24.5,17.6));
#9778 = DIRECTION('',(0.,0.,1.));
#9779 = DIRECTION('',(1.,0.,-0.));
#9780 = PCURVE('',#9726,#9781);
#9781 = DEFINITIONAL_REPRESENTATION('',(#9782),#9786);
#9782 = LINE('',#9783,#9784);
#9783 = CARTESIAN_POINT('',(0.,0.));
#9784 = VECTOR('',#9785,1.);
#9785 = DIRECTION('',(1.,0.));
#9786 = ( GEOMETRIC_REPRESENTATION_CONTEXT(2) 
PARAMETRIC_REPRESENTATION_CONTEXT() REPRESENTATION_CONTEXT('2D SPACE',''
  ) );
#9787 = PCURVE('',#9788,#9793);
#9788 = PLANE('',#9789);
#9789 = AXIS2_PLACEMENT_3D('',#9790,#9791,#9792);
#9790 = CARTESIAN_POINT('',(-41.,24.5,17.6));
#9791 = DIRECTION('',(0.,0.,1.));
#9792 = DIRECTION('',(1.,0.,-0.));
#9793 = DEFINITIONAL_REPRESENTATION('',(#9794),#9798);
#9794 = CIRCLE('',#9795,2.5);
#9795 = AXIS2_PLACEMENT_2D('',#9796,#9797);
#9796 = CARTESIAN_POINT('',(0.,0.));
#9797 = DIRECTION('',(1.,0.));
#9798 = ( GEOMETRIC_REPRESENTATION_CONTEXT(2) 
PARAMETRIC_REPRESENTATION_CONTEXT() REPRESENTATION_CONTEXT('2D SPACE',''
  ) );
#9799 = ORIENTED_EDGE('',*,*,#9750,.T.);
#9800 = ADVANCED_FACE('',(#9801),#9738,.T.);
#9801 = FACE_BOUND('',#9802,.T.);
#9802 = EDGE_LOOP('',(#9803));
#9803 = ORIENTED_EDGE('',*,*,#9716,.T.);
#9804 = ADVANCED_FACE('',(#9805),#9788,.F.);
#9805 = FACE_BOUND('',#9806,.T.);
#9806 = EDGE_LOOP('',(#9807));
#9807 = ORIENTED_EDGE('',*,*,#9773,.F.);
#9808 = MANIFOLD_SOLID_BREP('',#9809);
#9809 = CLOSED_SHELL('',(#9810,#9898,#9902));
#9810 = ADVANCED_FACE('',(#9811),#9824,.T.);
#9811 = FACE_BOUND('',#9812,.T.);
#9812 = EDGE_LOOP('',(#9813,#9847,#9870,#9897));
#9813 = ORIENTED_EDGE('',*,*,#9814,.F.);
#9814 = EDGE_CURVE('',#9815,#9815,#9817,.T.);
#9815 = VERTEX_POINT('',#9816);
#9816 = CARTESIAN_POINT('',(-38.75,24.5,7.5));
#9817 = SURFACE_CURVE('',#9818,(#9823,#9835),.PCURVE_S1.);
#9818 = CIRCLE('',#9819,2.25);
#9819 = AXIS2_PLACEMENT_3D('',#9820,#9821,#9822);
#9820 = CARTESIAN_POINT('',(-41.,24.5,7.5));
#9821 = DIRECTION('',(0.,0.,1.));
#9822 = DIRECTION('',(1.,0.,-0.));
#9823 = PCURVE('',#9824,#9829);
#9824 = CYLINDRICAL_SURFACE('',#9825,2.25);
#9825 = AXIS2_PLACEMENT_3D('',#9826,#9827,#9828);
#9826 = CARTESIAN_POINT('',(-41.,24.5,5.8));
#9827 = DIRECTION('',(0.,0.,1.));
#9828 = DIRECTION('',(1.,0.,-0.));
#9829 = DEFINITIONAL_REPRESENTATION('',(#9830),#9834);
#9830 = LINE('',#9831,#9832);
#9831 = CARTESIAN_POINT('',(0.,1.7));
#9832 = VECTOR('',#9833,1.);
#9833 = DIRECTION('',(1.,0.));
#9834 = ( GEOMETRIC_REPRESENTATION_CONTEXT(2) 
PARAMETRIC_REPRESENTATION_CONTEXT() REPRESENTATION_CONTEXT('2D SPACE',''
  ) );
#9835 = PCURVE('',#9836,#9841);
#9836 = PLANE('',#9837);
#9837 = AXIS2_PLACEMENT_3D('',#9838,#9839,#9840);
#9838 = CARTESIAN_POINT('',(-41.,24.5,7.5));
#9839 = DIRECTION('',(0.,0.,1.));
#9840 = DIRECTION('',(1.,0.,-0.));
#9841 = DEFINITIONAL_REPRESENTATION('',(#9842),#9846);
#9842 = CIRCLE('',#9843,2.25);
#9843 = AXIS2_PLACEMENT_2D('',#9844,#9845);
#9844 = CARTESIAN_POINT('',(0.,0.));
#9845 = DIRECTION('',(1.,0.));
#9846 = ( GEOMETRIC_REPRESENTATION_CONTEXT(2) 
PARAMETRIC_REPRESENTATION_CONTEXT() REPRESENTATION_CONTEXT('2D SPACE',''
  ) );
#9847 = ORIENTED_EDGE('',*,*,#9848,.F.);
#9848 = EDGE_CURVE('',#9849,#9815,#9851,.T.);
#9849 = VERTEX_POINT('',#9850);
#9850 = CARTESIAN_POINT('',(-38.75,24.5,5.8));
#9851 = SEAM_CURVE('',#9852,(#9856,#9863),.PCURVE_S1.);
#9852 = LINE('',#9853,#9854);
#9853 = CARTESIAN_POINT('',(-38.75,24.5,5.8));
#9854 = VECTOR('',#9855,1.);
#9855 = DIRECTION('',(0.,0.,1.));
#9856 = PCURVE('',#9824,#9857);
#9857 = DEFINITIONAL_REPRESENTATION('',(#9858),#9862);
#9858 = LINE('',#9859,#9860);
#9859 = CARTESIAN_POINT('',(6.28318530718,-0.));
#9860 = VECTOR('',#9861,1.);
#9861 = DIRECTION('',(0.,1.));
#9862 = ( GEOMETRIC_REPRESENTATION_CONTEXT(2) 
PARAMETRIC_REPRESENTATION_CONTEXT() REPRESENTATION_CONTEXT('2D SPACE',''
  ) );
#9863 = PCURVE('',#9824,#9864);
#9864 = DEFINITIONAL_REPRESENTATION('',(#9865),#9869);
#9865 = LINE('',#9866,#9867);
#9866 = CARTESIAN_POINT('',(0.,-0.));
#9867 = VECTOR('',#9868,1.);
#9868 = DIRECTION('',(0.,1.));
#9869 = ( GEOMETRIC_REPRESENTATION_CONTEXT(2) 
PARAMETRIC_REPRESENTATION_CONTEXT() REPRESENTATION_CONTEXT('2D SPACE',''
  ) );
#9870 = ORIENTED_EDGE('',*,*,#9871,.T.);
#9871 = EDGE_CURVE('',#9849,#9849,#9872,.T.);
#9872 = SURFACE_CURVE('',#9873,(#9878,#9885),.PCURVE_S1.);
#9873 = CIRCLE('',#9874,2.25);
#9874 = AXIS2_PLACEMENT_3D('',#9875,#9876,#9877);
#9875 = CARTESIAN_POINT('',(-41.,24.5,5.8));
#9876 = DIRECTION('',(0.,0.,1.));
#9877 = DIRECTION('',(1.,0.,-0.));
#9878 = PCURVE('',#9824,#9879);
#9879 = DEFINITIONAL_REPRESENTATION('',(#9880),#9884);
#9880 = LINE('',#9881,#9882);
#9881 = CARTESIAN_POINT('',(0.,0.));
#9882 = VECTOR('',#9883,1.);
#9883 = DIRECTION('',(1.,0.));
#9884 = ( GEOMETRIC_REPRESENTATION_CONTEXT(2) 
PARAMETRIC_REPRESENTATION_CONTEXT() REPRESENTATION_CONTEXT('2D SPACE',''
  ) );
#9885 = PCURVE('',#9886,#9891);
#9886 = PLANE('',#9887);
#9887 = AXIS2_PLACEMENT_3D('',#9888,#9889,#9890);
#9888 = CARTESIAN_POINT('',(-41.,24.5,5.8));
#9889 = DIRECTION('',(0.,0.,1.));
#9890 = DIRECTION('',(1.,0.,-0.));
#9891 = DEFINITIONAL_REPRESENTATION('',(#9892),#9896);
#9892 = CIRCLE('',#9893,2.25);
#9893 = AXIS2_PLACEMENT_2D('',#9894,#9895);
#9894 = CARTESIAN_POINT('',(0.,0.));
#9895 = DIRECTION('',(1.,0.));
#9896 = ( GEOMETRIC_REPRESENTATION_CONTEXT(2) 
PARAMETRIC_REPRESENTATION_CONTEXT() REPRESENTATION_CONTEXT('2D SPACE',''
  ) );
#9897 = ORIENTED_EDGE('',*,*,#9848,.T.);
#9898 = ADVANCED_FACE('',(#9899),#9836,.T.);
#9899 = FACE_BOUND('',#9900,.T.);
#9900 = EDGE_LOOP('',(#9901));
#9901 = ORIENTED_EDGE('',*,*,#9814,.T.);
#9902 = ADVANCED_FACE('',(#9903),#9886,.F.);
#9903 = FACE_BOUND('',#9904,.T.);
#9904 = EDGE_LOOP('',(#9905));
#9905 = ORIENTED_EDGE('',*,*,#9871,.F.);
#9906 = MANIFOLD_SOLID_BREP('',#9907);
#9907 = CLOSED_SHELL('',(#9908,#9996,#10000));
#9908 = ADVANCED_FACE('',(#9909),#9922,.T.);
#9909 = FACE_BOUND('',#9910,.T.);
#9910 = EDGE_LOOP('',(#9911,#9945,#9968,#9995));
#9911 = ORIENTED_EDGE('',*,*,#9912,.F.);
#9912 = EDGE_CURVE('',#9913,#9913,#9915,.T.);
#9913 = VERTEX_POINT('',#9914);
#9914 = CARTESIAN_POINT('',(-38.75,24.5,36.9));
#9915 = SURFACE_CURVE('',#9916,(#9921,#9933),.PCURVE_S1.);
#9916 = CIRCLE('',#9917,2.25);
#9917 = AXIS2_PLACEMENT_3D('',#9918,#9919,#9920);
#9918 = CARTESIAN_POINT('',(-41.,24.5,36.9));
#9919 = DIRECTION('',(0.,0.,1.));
#9920 = DIRECTION('',(1.,0.,-0.));
#9921 = PCURVE('',#9922,#9927);
#9922 = CYLINDRICAL_SURFACE('',#9923,2.25);
#9923 = AXIS2_PLACEMENT_3D('',#9924,#9925,#9926);
#9924 = CARTESIAN_POINT('',(-41.,24.5,35.2));
#9925 = DIRECTION('',(0.,0.,1.));
#9926 = DIRECTION('',(1.,0.,-0.));
#9927 = DEFINITIONAL_REPRESENTATION('',(#9928),#9932);
#9928 = LINE('',#9929,#9930);
#9929 = CARTESIAN_POINT('',(0.,1.7));
#9930 = VECTOR('',#9931,1.);
#9931 = DIRECTION('',(1.,0.));
#9932 = ( GEOMETRIC_REPRESENTATION_CONTEXT(2) 
PARAMETRIC_REPRESENTATION_CONTEXT() REPRESENTATION_CONTEXT('2D SPACE',''
  ) );
#9933 = PCURVE('',#9934,#9939);
#9934 = PLANE('',#9935);
#9935 = AXIS2_PLACEMENT_3D('',#9936,#9937,#9938);
#9936 = CARTESIAN_POINT('',(-41.,24.5,36.9));
#9937 = DIRECTION('',(0.,0.,1.));
#9938 = DIRECTION('',(1.,0.,-0.));
#9939 = DEFINITIONAL_REPRESENTATION('',(#9940),#9944);
#9940 = CIRCLE('',#9941,2.25);
#9941 = AXIS2_PLACEMENT_2D('',#9942,#9943);
#9942 = CARTESIAN_POINT('',(0.,0.));
#9943 = DIRECTION('',(1.,0.));
#9944 = ( GEOMETRIC_REPRESENTATION_CONTEXT(2) 
PARAMETRIC_REPRESENTATION_CONTEXT() REPRESENTATION_CONTEXT('2D SPACE',''
  ) );
#9945 = ORIENTED_EDGE('',*,*,#9946,.F.);
#9946 = EDGE_CURVE('',#9947,#9913,#9949,.T.);
#9947 = VERTEX_POINT('',#9948);
#9948 = CARTESIAN_POINT('',(-38.75,24.5,35.2));
#9949 = SEAM_CURVE('',#9950,(#9954,#9961),.PCURVE_S1.);
#9950 = LINE('',#9951,#9952);
#9951 = CARTESIAN_POINT('',(-38.75,24.5,35.2));
#9952 = VECTOR('',#9953,1.);
#9953 = DIRECTION('',(0.,0.,1.));
#9954 = PCURVE('',#9922,#9955);
#9955 = DEFINITIONAL_REPRESENTATION('',(#9956),#9960);
#9956 = LINE('',#9957,#9958);
#9957 = CARTESIAN_POINT('',(6.28318530718,-0.));
#9958 = VECTOR('',#9959,1.);
#9959 = DIRECTION('',(0.,1.));
#9960 = ( GEOMETRIC_REPRESENTATION_CONTEXT(2) 
PARAMETRIC_REPRESENTATION_CONTEXT() REPRESENTATION_CONTEXT('2D SPACE',''
  ) );
#9961 = PCURVE('',#9922,#9962);
#9962 = DEFINITIONAL_REPRESENTATION('',(#9963),#9967);
#9963 = LINE('',#9964,#9965);
#9964 = CARTESIAN_POINT('',(0.,-0.));
#9965 = VECTOR('',#9966,1.);
#9966 = DIRECTION('',(0.,1.));
#9967 = ( GEOMETRIC_REPRESENTATION_CONTEXT(2) 
PARAMETRIC_REPRESENTATION_CONTEXT() REPRESENTATION_CONTEXT('2D SPACE',''
  ) );
#9968 = ORIENTED_EDGE('',*,*,#9969,.T.);
#9969 = EDGE_CURVE('',#9947,#9947,#9970,.T.);
#9970 = SURFACE_CURVE('',#9971,(#9976,#9983),.PCURVE_S1.);
#9971 = CIRCLE('',#9972,2.25);
#9972 = AXIS2_PLACEMENT_3D('',#9973,#9974,#9975);
#9973 = CARTESIAN_POINT('',(-41.,24.5,35.2));
#9974 = DIRECTION('',(0.,0.,1.));
#9975 = DIRECTION('',(1.,0.,-0.));
#9976 = PCURVE('',#9922,#9977);
#9977 = DEFINITIONAL_REPRESENTATION('',(#9978),#9982);
#9978 = LINE('',#9979,#9980);
#9979 = CARTESIAN_POINT('',(0.,0.));
#9980 = VECTOR('',#9981,1.);
#9981 = DIRECTION('',(1.,0.));
#9982 = ( GEOMETRIC_REPRESENTATION_CONTEXT(2) 
PARAMETRIC_REPRESENTATION_CONTEXT() REPRESENTATION_CONTEXT('2D SPACE',''
  ) );
#9983 = PCURVE('',#9984,#9989);
#9984 = PLANE('',#9985);
#9985 = AXIS2_PLACEMENT_3D('',#9986,#9987,#9988);
#9986 = CARTESIAN_POINT('',(-41.,24.5,35.2));
#9987 = DIRECTION('',(0.,0.,1.));
#9988 = DIRECTION('',(1.,0.,-0.));
#9989 = DEFINITIONAL_REPRESENTATION('',(#9990),#9994);
#9990 = CIRCLE('',#9991,2.25);
#9991 = AXIS2_PLACEMENT_2D('',#9992,#9993);
#9992 = CARTESIAN_POINT('',(0.,0.));
#9993 = DIRECTION('',(1.,0.));
#9994 = ( GEOMETRIC_REPRESENTATION_CONTEXT(2) 
PARAMETRIC_REPRESENTATION_CONTEXT() REPRESENTATION_CONTEXT('2D SPACE',''
  ) );
#9995 = ORIENTED_EDGE('',*,*,#9946,.T.);
#9996 = ADVANCED_FACE('',(#9997),#9934,.T.);
#9997 = FACE_BOUND('',#9998,.T.);
#9998 = EDGE_LOOP('',(#9999));
#9999 = ORIENTED_EDGE('',*,*,#9912,.T.);
#10000 = ADVANCED_FACE('',(#10001),#9984,.F.);
#10001 = FACE_BOUND('',#10002,.T.);
#10002 = EDGE_LOOP('',(#10003));
#10003 = ORIENTED_EDGE('',*,*,#9969,.F.);
#10004 = MANIFOLD_SOLID_BREP('',#10005);
#10005 = CLOSED_SHELL('',(#10006,#10126,#10226,#10273,#10320,#10327));
#10006 = ADVANCED_FACE('',(#10007),#10021,.F.);
#10007 = FACE_BOUND('',#10008,.F.);
#10008 = EDGE_LOOP('',(#10009,#10044,#10072,#10100));
#10009 = ORIENTED_EDGE('',*,*,#10010,.F.);
#10010 = EDGE_CURVE('',#10011,#10013,#10015,.T.);
#10011 = VERTEX_POINT('',#10012);
#10012 = CARTESIAN_POINT('',(-95.4,22.,17.6));
#10013 = VERTEX_POINT('',#10014);
#10014 = CARTESIAN_POINT('',(-95.4,22.,33.6));
#10015 = SURFACE_CURVE('',#10016,(#10020,#10032),.PCURVE_S1.);
#10016 = LINE('',#10017,#10018);
#10017 = CARTESIAN_POINT('',(-95.4,22.,17.6));
#10018 = VECTOR('',#10019,1.);
#10019 = DIRECTION('',(0.,0.,1.));
#10020 = PCURVE('',#10021,#10026);
#10021 = PLANE('',#10022);
#10022 = AXIS2_PLACEMENT_3D('',#10023,#10024,#10025);
#10023 = CARTESIAN_POINT('',(-95.4,22.,17.6));
#10024 = DIRECTION('',(1.,0.,-0.));
#10025 = DIRECTION('',(0.,0.,1.));
#10026 = DEFINITIONAL_REPRESENTATION('',(#10027),#10031);
#10027 = LINE('',#10028,#10029);
#10028 = CARTESIAN_POINT('',(0.,0.));
#10029 = VECTOR('',#10030,1.);
#10030 = DIRECTION('',(1.,0.));
#10031 = ( GEOMETRIC_REPRESENTATION_CONTEXT(2) 
PARAMETRIC_REPRESENTATION_CONTEXT() REPRESENTATION_CONTEXT('2D SPACE',''
  ) );
#10032 = PCURVE('',#10033,#10038);
#10033 = PLANE('',#10034);
#10034 = AXIS2_PLACEMENT_3D('',#10035,#10036,#10037);
#10035 = CARTESIAN_POINT('',(-95.4,22.,17.6));
#10036 = DIRECTION('',(-0.,1.,0.));
#10037 = DIRECTION('',(0.,0.,1.));
#10038 = DEFINITIONAL_REPRESENTATION('',(#10039),#10043);
#10039 = LINE('',#10040,#10041);
#10040 = CARTESIAN_POINT('',(0.,0.));
#10041 = VECTOR('',#10042,1.);
#10042 = DIRECTION('',(1.,0.));
#10043 = ( GEOMETRIC_REPRESENTATION_CONTEXT(2) 
PARAMETRIC_REPRESENTATION_CONTEXT() REPRESENTATION_CONTEXT('2D SPACE',''
  ) );
#10044 = ORIENTED_EDGE('',*,*,#10045,.T.);
#10045 = EDGE_CURVE('',#10011,#10046,#10048,.T.);
#10046 = VERTEX_POINT('',#10047);
#10047 = CARTESIAN_POINT('',(-95.4,27.,17.6));
#10048 = SURFACE_CURVE('',#10049,(#10053,#10060),.PCURVE_S1.);
#10049 = LINE('',#10050,#10051);
#10050 = CARTESIAN_POINT('',(-95.4,22.,17.6));
#10051 = VECTOR('',#10052,1.);
#10052 = DIRECTION('',(-0.,1.,0.));
#10053 = PCURVE('',#10021,#10054);
#10054 = DEFINITIONAL_REPRESENTATION('',(#10055),#10059);
#10055 = LINE('',#10056,#10057);
#10056 = CARTESIAN_POINT('',(0.,0.));
#10057 = VECTOR('',#10058,1.);
#10058 = DIRECTION('',(0.,-1.));
#10059 = ( GEOMETRIC_REPRESENTATION_CONTEXT(2) 
PARAMETRIC_REPRESENTATION_CONTEXT() REPRESENTATION_CONTEXT('2D SPACE',''
  ) );
#10060 = PCURVE('',#10061,#10066);
#10061 = PLANE('',#10062);
#10062 = AXIS2_PLACEMENT_3D('',#10063,#10064,#10065);
#10063 = CARTESIAN_POINT('',(-95.4,22.,17.6));
#10064 = DIRECTION('',(0.,0.,1.));
#10065 = DIRECTION('',(1.,0.,-0.));
#10066 = DEFINITIONAL_REPRESENTATION('',(#10067),#10071);
#10067 = LINE('',#10068,#10069);
#10068 = CARTESIAN_POINT('',(0.,0.));
#10069 = VECTOR('',#10070,1.);
#10070 = DIRECTION('',(0.,1.));
#10071 = ( GEOMETRIC_REPRESENTATION_CONTEXT(2) 
PARAMETRIC_REPRESENTATION_CONTEXT() REPRESENTATION_CONTEXT('2D SPACE',''
  ) );
#10072 = ORIENTED_EDGE('',*,*,#10073,.T.);
#10073 = EDGE_CURVE('',#10046,#10074,#10076,.T.);
#10074 = VERTEX_POINT('',#10075);
#10075 = CARTESIAN_POINT('',(-95.4,27.,33.6));
#10076 = SURFACE_CURVE('',#10077,(#10081,#10088),.PCURVE_S1.);
#10077 = LINE('',#10078,#10079);
#10078 = CARTESIAN_POINT('',(-95.4,27.,17.6));
#10079 = VECTOR('',#10080,1.);
#10080 = DIRECTION('',(0.,0.,1.));
#10081 = PCURVE('',#10021,#10082);
#10082 = DEFINITIONAL_REPRESENTATION('',(#10083),#10087);
#10083 = LINE('',#10084,#10085);
#10084 = CARTESIAN_POINT('',(0.,-5.));
#10085 = VECTOR('',#10086,1.);
#10086 = DIRECTION('',(1.,0.));
#10087 = ( GEOMETRIC_REPRESENTATION_CONTEXT(2) 
PARAMETRIC_REPRESENTATION_CONTEXT() REPRESENTATION_CONTEXT('2D SPACE',''
  ) );
#10088 = PCURVE('',#10089,#10094);
#10089 = PLANE('',#10090);
#10090 = AXIS2_PLACEMENT_3D('',#10091,#10092,#10093);
#10091 = CARTESIAN_POINT('',(-95.4,27.,17.6));
#10092 = DIRECTION('',(-0.,1.,0.));
#10093 = DIRECTION('',(0.,0.,1.));
#10094 = DEFINITIONAL_REPRESENTATION('',(#10095),#10099);
#10095 = LINE('',#10096,#10097);
#10096 = CARTESIAN_POINT('',(0.,0.));
#10097 = VECTOR('',#10098,1.);
#10098 = DIRECTION('',(1.,0.));
#10099 = ( GEOMETRIC_REPRESENTATION_CONTEXT(2) 
PARAMETRIC_REPRESENTATION_CONTEXT() REPRESENTATION_CONTEXT('2D SPACE',''
  ) );
#10100 = ORIENTED_EDGE('',*,*,#10101,.F.);
#10101 = EDGE_CURVE('',#10013,#10074,#10102,.T.);
#10102 = SURFACE_CURVE('',#10103,(#10107,#10114),.PCURVE_S1.);
#10103 = LINE('',#10104,#10105);
#10104 = CARTESIAN_POINT('',(-95.4,22.,33.6));
#10105 = VECTOR('',#10106,1.);
#10106 = DIRECTION('',(-0.,1.,0.));
#10107 = PCURVE('',#10021,#10108);
#10108 = DEFINITIONAL_REPRESENTATION('',(#10109),#10113);
#10109 = LINE('',#10110,#10111);
#10110 = CARTESIAN_POINT('',(16.,0.));
#10111 = VECTOR('',#10112,1.);
#10112 = DIRECTION('',(0.,-1.));
#10113 = ( GEOMETRIC_REPRESENTATION_CONTEXT(2) 
PARAMETRIC_REPRESENTATION_CONTEXT() REPRESENTATION_CONTEXT('2D SPACE',''
  ) );
#10114 = PCURVE('',#10115,#10120);
#10115 = PLANE('',#10116);
#10116 = AXIS2_PLACEMENT_3D('',#10117,#10118,#10119);
#10117 = CARTESIAN_POINT('',(-95.4,22.,33.6));
#10118 = DIRECTION('',(0.,0.,1.));
#10119 = DIRECTION('',(1.,0.,-0.));
#10120 = DEFINITIONAL_REPRESENTATION('',(#10121),#10125);
#10121 = LINE('',#10122,#10123);
#10122 = CARTESIAN_POINT('',(0.,0.));
#10123 = VECTOR('',#10124,1.);
#10124 = DIRECTION('',(0.,1.));
#10125 = ( GEOMETRIC_REPRESENTATION_CONTEXT(2) 
PARAMETRIC_REPRESENTATION_CONTEXT() REPRESENTATION_CONTEXT('2D SPACE',''
  ) );
#10126 = ADVANCED_FACE('',(#10127),#10141,.T.);
#10127 = FACE_BOUND('',#10128,.T.);
#10128 = EDGE_LOOP('',(#10129,#10159,#10182,#10205));
#10129 = ORIENTED_EDGE('',*,*,#10130,.F.);
#10130 = EDGE_CURVE('',#10131,#10133,#10135,.T.);
#10131 = VERTEX_POINT('',#10132);
#10132 = CARTESIAN_POINT('',(-44.6,22.,17.6));
#10133 = VERTEX_POINT('',#10134);
#10134 = CARTESIAN_POINT('',(-44.6,22.,33.6));
#10135 = SURFACE_CURVE('',#10136,(#10140,#10152),.PCURVE_S1.);
#10136 = LINE('',#10137,#10138);
#10137 = CARTESIAN_POINT('',(-44.6,22.,17.6));
#10138 = VECTOR('',#10139,1.);
#10139 = DIRECTION('',(0.,0.,1.));
#10140 = PCURVE('',#10141,#10146);
#10141 = PLANE('',#10142);
#10142 = AXIS2_PLACEMENT_3D('',#10143,#10144,#10145);
#10143 = CARTESIAN_POINT('',(-44.6,22.,17.6));
#10144 = DIRECTION('',(1.,0.,-0.));
#10145 = DIRECTION('',(0.,0.,1.));
#10146 = DEFINITIONAL_REPRESENTATION('',(#10147),#10151);
#10147 = LINE('',#10148,#10149);
#10148 = CARTESIAN_POINT('',(0.,0.));
#10149 = VECTOR('',#10150,1.);
#10150 = DIRECTION('',(1.,0.));
#10151 = ( GEOMETRIC_REPRESENTATION_CONTEXT(2) 
PARAMETRIC_REPRESENTATION_CONTEXT() REPRESENTATION_CONTEXT('2D SPACE',''
  ) );
#10152 = PCURVE('',#10033,#10153);
#10153 = DEFINITIONAL_REPRESENTATION('',(#10154),#10158);
#10154 = LINE('',#10155,#10156);
#10155 = CARTESIAN_POINT('',(0.,50.8));
#10156 = VECTOR('',#10157,1.);
#10157 = DIRECTION('',(1.,0.));
#10158 = ( GEOMETRIC_REPRESENTATION_CONTEXT(2) 
PARAMETRIC_REPRESENTATION_CONTEXT() REPRESENTATION_CONTEXT('2D SPACE',''
  ) );
#10159 = ORIENTED_EDGE('',*,*,#10160,.T.);
#10160 = EDGE_CURVE('',#10131,#10161,#10163,.T.);
#10161 = VERTEX_POINT('',#10162);
#10162 = CARTESIAN_POINT('',(-44.6,27.,17.6));
#10163 = SURFACE_CURVE('',#10164,(#10168,#10175),.PCURVE_S1.);
#10164 = LINE('',#10165,#10166);
#10165 = CARTESIAN_POINT('',(-44.6,22.,17.6));
#10166 = VECTOR('',#10167,1.);
#10167 = DIRECTION('',(-0.,1.,0.));
#10168 = PCURVE('',#10141,#10169);
#10169 = DEFINITIONAL_REPRESENTATION('',(#10170),#10174);
#10170 = LINE('',#10171,#10172);
#10171 = CARTESIAN_POINT('',(0.,0.));
#10172 = VECTOR('',#10173,1.);
#10173 = DIRECTION('',(0.,-1.));
#10174 = ( GEOMETRIC_REPRESENTATION_CONTEXT(2) 
PARAMETRIC_REPRESENTATION_CONTEXT() REPRESENTATION_CONTEXT('2D SPACE',''
  ) );
#10175 = PCURVE('',#10061,#10176);
#10176 = DEFINITIONAL_REPRESENTATION('',(#10177),#10181);
#10177 = LINE('',#10178,#10179);
#10178 = CARTESIAN_POINT('',(50.8,0.));
#10179 = VECTOR('',#10180,1.);
#10180 = DIRECTION('',(0.,1.));
#10181 = ( GEOMETRIC_REPRESENTATION_CONTEXT(2) 
PARAMETRIC_REPRESENTATION_CONTEXT() REPRESENTATION_CONTEXT('2D SPACE',''
  ) );
#10182 = ORIENTED_EDGE('',*,*,#10183,.T.);
#10183 = EDGE_CURVE('',#10161,#10184,#10186,.T.);
#10184 = VERTEX_POINT('',#10185);
#10185 = CARTESIAN_POINT('',(-44.6,27.,33.6));
#10186 = SURFACE_CURVE('',#10187,(#10191,#10198),.PCURVE_S1.);
#10187 = LINE('',#10188,#10189);
#10188 = CARTESIAN_POINT('',(-44.6,27.,17.6));
#10189 = VECTOR('',#10190,1.);
#10190 = DIRECTION('',(0.,0.,1.));
#10191 = PCURVE('',#10141,#10192);
#10192 = DEFINITIONAL_REPRESENTATION('',(#10193),#10197);
#10193 = LINE('',#10194,#10195);
#10194 = CARTESIAN_POINT('',(0.,-5.));
#10195 = VECTOR('',#10196,1.);
#10196 = DIRECTION('',(1.,0.));
#10197 = ( GEOMETRIC_REPRESENTATION_CONTEXT(2) 
PARAMETRIC_REPRESENTATION_CONTEXT() REPRESENTATION_CONTEXT('2D SPACE',''
  ) );
#10198 = PCURVE('',#10089,#10199);
#10199 = DEFINITIONAL_REPRESENTATION('',(#10200),#10204);
#10200 = LINE('',#10201,#10202);
#10201 = CARTESIAN_POINT('',(0.,50.8));
#10202 = VECTOR('',#10203,1.);
#10203 = DIRECTION('',(1.,0.));
#10204 = ( GEOMETRIC_REPRESENTATION_CONTEXT(2) 
PARAMETRIC_REPRESENTATION_CONTEXT() REPRESENTATION_CONTEXT('2D SPACE',''
  ) );
#10205 = ORIENTED_EDGE('',*,*,#10206,.F.);
#10206 = EDGE_CURVE('',#10133,#10184,#10207,.T.);
#10207 = SURFACE_CURVE('',#10208,(#10212,#10219),.PCURVE_S1.);
#10208 = LINE('',#10209,#10210);
#10209 = CARTESIAN_POINT('',(-44.6,22.,33.6));
#10210 = VECTOR('',#10211,1.);
#10211 = DIRECTION('',(-0.,1.,0.));
#10212 = PCURVE('',#10141,#10213);
#10213 = DEFINITIONAL_REPRESENTATION('',(#10214),#10218);
#10214 = LINE('',#10215,#10216);
#10215 = CARTESIAN_POINT('',(16.,0.));
#10216 = VECTOR('',#10217,1.);
#10217 = DIRECTION('',(0.,-1.));
#10218 = ( GEOMETRIC_REPRESENTATION_CONTEXT(2) 
PARAMETRIC_REPRESENTATION_CONTEXT() REPRESENTATION_CONTEXT('2D SPACE',''
  ) );
#10219 = PCURVE('',#10115,#10220);
#10220 = DEFINITIONAL_REPRESENTATION('',(#10221),#10225);
#10221 = LINE('',#10222,#10223);
#10222 = CARTESIAN_POINT('',(50.8,0.));
#10223 = VECTOR('',#10224,1.);
#10224 = DIRECTION('',(0.,1.));
#10225 = ( GEOMETRIC_REPRESENTATION_CONTEXT(2) 
PARAMETRIC_REPRESENTATION_CONTEXT() REPRESENTATION_CONTEXT('2D SPACE',''
  ) );
#10226 = ADVANCED_FACE('',(#10227),#10033,.F.);
#10227 = FACE_BOUND('',#10228,.F.);
#10228 = EDGE_LOOP('',(#10229,#10250,#10251,#10272));
#10229 = ORIENTED_EDGE('',*,*,#10230,.F.);
#10230 = EDGE_CURVE('',#10011,#10131,#10231,.T.);
#10231 = SURFACE_CURVE('',#10232,(#10236,#10243),.PCURVE_S1.);
#10232 = LINE('',#10233,#10234);
#10233 = CARTESIAN_POINT('',(-95.4,22.,17.6));
#10234 = VECTOR('',#10235,1.);
#10235 = DIRECTION('',(1.,0.,-0.));
#10236 = PCURVE('',#10033,#10237);
#10237 = DEFINITIONAL_REPRESENTATION('',(#10238),#10242);
#10238 = LINE('',#10239,#10240);
#10239 = CARTESIAN_POINT('',(0.,0.));
#10240 = VECTOR('',#10241,1.);
#10241 = DIRECTION('',(0.,1.));
#10242 = ( GEOMETRIC_REPRESENTATION_CONTEXT(2) 
PARAMETRIC_REPRESENTATION_CONTEXT() REPRESENTATION_CONTEXT('2D SPACE',''
  ) );
#10243 = PCURVE('',#10061,#10244);
#10244 = DEFINITIONAL_REPRESENTATION('',(#10245),#10249);
#10245 = LINE('',#10246,#10247);
#10246 = CARTESIAN_POINT('',(0.,0.));
#10247 = VECTOR('',#10248,1.);
#10248 = DIRECTION('',(1.,0.));
#10249 = ( GEOMETRIC_REPRESENTATION_CONTEXT(2) 
PARAMETRIC_REPRESENTATION_CONTEXT() REPRESENTATION_CONTEXT('2D SPACE',''
  ) );
#10250 = ORIENTED_EDGE('',*,*,#10010,.T.);
#10251 = ORIENTED_EDGE('',*,*,#10252,.T.);
#10252 = EDGE_CURVE('',#10013,#10133,#10253,.T.);
#10253 = SURFACE_CURVE('',#10254,(#10258,#10265),.PCURVE_S1.);
#10254 = LINE('',#10255,#10256);
#10255 = CARTESIAN_POINT('',(-95.4,22.,33.6));
#10256 = VECTOR('',#10257,1.);
#10257 = DIRECTION('',(1.,0.,-0.));
#10258 = PCURVE('',#10033,#10259);
#10259 = DEFINITIONAL_REPRESENTATION('',(#10260),#10264);
#10260 = LINE('',#10261,#10262);
#10261 = CARTESIAN_POINT('',(16.,0.));
#10262 = VECTOR('',#10263,1.);
#10263 = DIRECTION('',(0.,1.));
#10264 = ( GEOMETRIC_REPRESENTATION_CONTEXT(2) 
PARAMETRIC_REPRESENTATION_CONTEXT() REPRESENTATION_CONTEXT('2D SPACE',''
  ) );
#10265 = PCURVE('',#10115,#10266);
#10266 = DEFINITIONAL_REPRESENTATION('',(#10267),#10271);
#10267 = LINE('',#10268,#10269);
#10268 = CARTESIAN_POINT('',(0.,0.));
#10269 = VECTOR('',#10270,1.);
#10270 = DIRECTION('',(1.,0.));
#10271 = ( GEOMETRIC_REPRESENTATION_CONTEXT(2) 
PARAMETRIC_REPRESENTATION_CONTEXT() REPRESENTATION_CONTEXT('2D SPACE',''
  ) );
#10272 = ORIENTED_EDGE('',*,*,#10130,.F.);
#10273 = ADVANCED_FACE('',(#10274),#10089,.T.);
#10274 = FACE_BOUND('',#10275,.T.);
#10275 = EDGE_LOOP('',(#10276,#10297,#10298,#10319));
#10276 = ORIENTED_EDGE('',*,*,#10277,.F.);
#10277 = EDGE_CURVE('',#10046,#10161,#10278,.T.);
#10278 = SURFACE_CURVE('',#10279,(#10283,#10290),.PCURVE_S1.);
#10279 = LINE('',#10280,#10281);
#10280 = CARTESIAN_POINT('',(-95.4,27.,17.6));
#10281 = VECTOR('',#10282,1.);
#10282 = DIRECTION('',(1.,0.,-0.));
#10283 = PCURVE('',#10089,#10284);
#10284 = DEFINITIONAL_REPRESENTATION('',(#10285),#10289);
#10285 = LINE('',#10286,#10287);
#10286 = CARTESIAN_POINT('',(0.,0.));
#10287 = VECTOR('',#10288,1.);
#10288 = DIRECTION('',(0.,1.));
#10289 = ( GEOMETRIC_REPRESENTATION_CONTEXT(2) 
PARAMETRIC_REPRESENTATION_CONTEXT() REPRESENTATION_CONTEXT('2D SPACE',''
  ) );
#10290 = PCURVE('',#10061,#10291);
#10291 = DEFINITIONAL_REPRESENTATION('',(#10292),#10296);
#10292 = LINE('',#10293,#10294);
#10293 = CARTESIAN_POINT('',(0.,5.));
#10294 = VECTOR('',#10295,1.);
#10295 = DIRECTION('',(1.,0.));
#10296 = ( GEOMETRIC_REPRESENTATION_CONTEXT(2) 
PARAMETRIC_REPRESENTATION_CONTEXT() REPRESENTATION_CONTEXT('2D SPACE',''
  ) );
#10297 = ORIENTED_EDGE('',*,*,#10073,.T.);
#10298 = ORIENTED_EDGE('',*,*,#10299,.T.);
#10299 = EDGE_CURVE('',#10074,#10184,#10300,.T.);
#10300 = SURFACE_CURVE('',#10301,(#10305,#10312),.PCURVE_S1.);
#10301 = LINE('',#10302,#10303);
#10302 = CARTESIAN_POINT('',(-95.4,27.,33.6));
#10303 = VECTOR('',#10304,1.);
#10304 = DIRECTION('',(1.,0.,-0.));
#10305 = PCURVE('',#10089,#10306);
#10306 = DEFINITIONAL_REPRESENTATION('',(#10307),#10311);
#10307 = LINE('',#10308,#10309);
#10308 = CARTESIAN_POINT('',(16.,0.));
#10309 = VECTOR('',#10310,1.);
#10310 = DIRECTION('',(0.,1.));
#10311 = ( GEOMETRIC_REPRESENTATION_CONTEXT(2) 
PARAMETRIC_REPRESENTATION_CONTEXT() REPRESENTATION_CONTEXT('2D SPACE',''
  ) );
#10312 = PCURVE('',#10115,#10313);
#10313 = DEFINITIONAL_REPRESENTATION('',(#10314),#10318);
#10314 = LINE('',#10315,#10316);
#10315 = CARTESIAN_POINT('',(0.,5.));
#10316 = VECTOR('',#10317,1.);
#10317 = DIRECTION('',(1.,0.));
#10318 = ( GEOMETRIC_REPRESENTATION_CONTEXT(2) 
PARAMETRIC_REPRESENTATION_CONTEXT() REPRESENTATION_CONTEXT('2D SPACE',''
  ) );
#10319 = ORIENTED_EDGE('',*,*,#10183,.F.);
#10320 = ADVANCED_FACE('',(#10321),#10061,.F.);
#10321 = FACE_BOUND('',#10322,.F.);
#10322 = EDGE_LOOP('',(#10323,#10324,#10325,#10326));
#10323 = ORIENTED_EDGE('',*,*,#10045,.F.);
#10324 = ORIENTED_EDGE('',*,*,#10230,.T.);
#10325 = ORIENTED_EDGE('',*,*,#10160,.T.);
#10326 = ORIENTED_EDGE('',*,*,#10277,.F.);
#10327 = ADVANCED_FACE('',(#10328),#10115,.T.);
#10328 = FACE_BOUND('',#10329,.T.);
#10329 = EDGE_LOOP('',(#10330,#10331,#10332,#10333));
#10330 = ORIENTED_EDGE('',*,*,#10101,.F.);
#10331 = ORIENTED_EDGE('',*,*,#10252,.T.);
#10332 = ORIENTED_EDGE('',*,*,#10206,.T.);
#10333 = ORIENTED_EDGE('',*,*,#10299,.F.);
#10334 = ( GEOMETRIC_REPRESENTATION_CONTEXT(3) 
GLOBAL_UNCERTAINTY_ASSIGNED_CONTEXT((#10338)) 
GLOBAL_UNIT_ASSIGNED_CONTEXT((#10335,#10336,#10337)) 
REPRESENTATION_CONTEXT('Context #1',
  '3D Context with UNIT and UNCERTAINTY') );
#10335 = ( LENGTH_UNIT() NAMED_UNIT(*) SI_UNIT(.MILLI.,.METRE.) );
#10336 = ( NAMED_UNIT(*) PLANE_ANGLE_UNIT() SI_UNIT($,.RADIAN.) );
#10337 = ( NAMED_UNIT(*) SI_UNIT($,.STERADIAN.) SOLID_ANGLE_UNIT() );
#10338 = UNCERTAINTY_MEASURE_WITH_UNIT(LENGTH_MEASURE(1.E-07),#10335,
  'distance_accuracy_value','confusion accuracy');
#10339 = CONTEXT_DEPENDENT_SHAPE_REPRESENTATION(#10340,#10342);
#10340 = ( REPRESENTATION_RELATIONSHIP('','',#8435,#10) 
REPRESENTATION_RELATIONSHIP_WITH_TRANSFORMATION(#10341) 
SHAPE_REPRESENTATION_RELATIONSHIP() );
#10341 = ITEM_DEFINED_TRANSFORMATION('','',#11,#43);
#10342 = PRODUCT_DEFINITION_SHAPE('Placement','Placement of an item',
  #10343);
#10343 = NEXT_ASSEMBLY_USAGE_OCCURRENCE('30','=>[0:1:1:9]','',#5,#8430,$
  );
#10344 = PRODUCT_RELATED_PRODUCT_CATEGORY('part',$,(#8432));
#10345 = SHAPE_DEFINITION_REPRESENTATION(#10346,#10352);
#10346 = PRODUCT_DEFINITION_SHAPE('','',#10347);
#10347 = PRODUCT_DEFINITION('design','',#10348,#10351);
#10348 = PRODUCT_DEFINITION_FORMATION('','',#10349);
#10349 = PRODUCT('COMPOUND','COMPOUND','',(#10350));
#10350 = PRODUCT_CONTEXT('',#2,'mechanical');
#10351 = PRODUCT_DEFINITION_CONTEXT('part definition',#2,'design');
#10352 = SHAPE_REPRESENTATION('',(#11,#10353,#10721),#11089);
#10353 = MANIFOLD_SOLID_BREP('',#10354);
#10354 = CLOSED_SHELL('',(#10355,#10443,#10478,#10513,#10568,#10623,
    #10658,#10662,#10717));
#10355 = ADVANCED_FACE('',(#10356),#10369,.T.);
#10356 = FACE_BOUND('',#10357,.T.);
#10357 = EDGE_LOOP('',(#10358,#10392,#10415,#10442));
#10358 = ORIENTED_EDGE('',*,*,#10359,.F.);
#10359 = EDGE_CURVE('',#10360,#10360,#10362,.T.);
#10360 = VERTEX_POINT('',#10361);
#10361 = CARTESIAN_POINT('',(23.,-42.5,33.5));
#10362 = SURFACE_CURVE('',#10363,(#10368,#10380),.PCURVE_S1.);
#10363 = CIRCLE('',#10364,13.);
#10364 = AXIS2_PLACEMENT_3D('',#10365,#10366,#10367);
#10365 = CARTESIAN_POINT('',(10.,-42.5,33.5));
#10366 = DIRECTION('',(0.,-1.,2.22044604925E-16));
#10367 = DIRECTION('',(1.,0.,0.));
#10368 = PCURVE('',#10369,#10374);
#10369 = CYLINDRICAL_SURFACE('',#10370,13.);
#10370 = AXIS2_PLACEMENT_3D('',#10371,#10372,#10373);
#10371 = CARTESIAN_POINT('',(10.,-38.5,33.5));
#10372 = DIRECTION('',(0.,-1.,2.22044604925E-16));
#10373 = DIRECTION('',(1.,0.,0.));
#10374 = DEFINITIONAL_REPRESENTATION('',(#10375),#10379);
#10375 = LINE('',#10376,#10377);
#10376 = CARTESIAN_POINT('',(0.,4.));
#10377 = VECTOR('',#10378,1.);
#10378 = DIRECTION('',(1.,0.));
#10379 = ( GEOMETRIC_REPRESENTATION_CONTEXT(2) 
PARAMETRIC_REPRESENTATION_CONTEXT() REPRESENTATION_CONTEXT('2D SPACE',''
  ) );
#10380 = PCURVE('',#10381,#10386);
#10381 = PLANE('',#10382);
#10382 = AXIS2_PLACEMENT_3D('',#10383,#10384,#10385);
#10383 = CARTESIAN_POINT('',(10.,-42.5,33.5));
#10384 = DIRECTION('',(0.,-1.,2.22044604925E-16));
#10385 = DIRECTION('',(1.,0.,0.));
#10386 = DEFINITIONAL_REPRESENTATION('',(#10387),#10391);
#10387 = CIRCLE('',#10388,13.);
#10388 = AXIS2_PLACEMENT_2D('',#10389,#10390);
#10389 = CARTESIAN_POINT('',(0.,0.));
#10390 = DIRECTION('',(1.,0.));
#10391 = ( GEOMETRIC_REPRESENTATION_CONTEXT(2) 
PARAMETRIC_REPRESENTATION_CONTEXT() REPRESENTATION_CONTEXT('2D SPACE',''
  ) );
#10392 = ORIENTED_EDGE('',*,*,#10393,.F.);
#10393 = EDGE_CURVE('',#10394,#10360,#10396,.T.);
#10394 = VERTEX_POINT('',#10395);
#10395 = CARTESIAN_POINT('',(23.,-38.5,33.5));
#10396 = SEAM_CURVE('',#10397,(#10401,#10408),.PCURVE_S1.);
#10397 = LINE('',#10398,#10399);
#10398 = CARTESIAN_POINT('',(23.,-38.5,33.5));
#10399 = VECTOR('',#10400,1.);
#10400 = DIRECTION('',(0.,-1.,2.22044604925E-16));
#10401 = PCURVE('',#10369,#10402);
#10402 = DEFINITIONAL_REPRESENTATION('',(#10403),#10407);
#10403 = LINE('',#10404,#10405);
#10404 = CARTESIAN_POINT('',(6.28318530718,-0.));
#10405 = VECTOR('',#10406,1.);
#10406 = DIRECTION('',(0.,1.));
#10407 = ( GEOMETRIC_REPRESENTATION_CONTEXT(2) 
PARAMETRIC_REPRESENTATION_CONTEXT() REPRESENTATION_CONTEXT('2D SPACE',''
  ) );
#10408 = PCURVE('',#10369,#10409);
#10409 = DEFINITIONAL_REPRESENTATION('',(#10410),#10414);
#10410 = LINE('',#10411,#10412);
#10411 = CARTESIAN_POINT('',(0.,-0.));
#10412 = VECTOR('',#10413,1.);
#10413 = DIRECTION('',(0.,1.));
#10414 = ( GEOMETRIC_REPRESENTATION_CONTEXT(2) 
PARAMETRIC_REPRESENTATION_CONTEXT() REPRESENTATION_CONTEXT('2D SPACE',''
  ) );
#10415 = ORIENTED_EDGE('',*,*,#10416,.T.);
#10416 = EDGE_CURVE('',#10394,#10394,#10417,.T.);
#10417 = SURFACE_CURVE('',#10418,(#10423,#10430),.PCURVE_S1.);
#10418 = CIRCLE('',#10419,13.);
#10419 = AXIS2_PLACEMENT_3D('',#10420,#10421,#10422);
#10420 = CARTESIAN_POINT('',(10.,-38.5,33.5));
#10421 = DIRECTION('',(0.,-1.,2.22044604925E-16));
#10422 = DIRECTION('',(1.,0.,0.));
#10423 = PCURVE('',#10369,#10424);
#10424 = DEFINITIONAL_REPRESENTATION('',(#10425),#10429);
#10425 = LINE('',#10426,#10427);
#10426 = CARTESIAN_POINT('',(0.,0.));
#10427 = VECTOR('',#10428,1.);
#10428 = DIRECTION('',(1.,0.));
#10429 = ( GEOMETRIC_REPRESENTATION_CONTEXT(2) 
PARAMETRIC_REPRESENTATION_CONTEXT() REPRESENTATION_CONTEXT('2D SPACE',''
  ) );
#10430 = PCURVE('',#10431,#10436);
#10431 = PLANE('',#10432);
#10432 = AXIS2_PLACEMENT_3D('',#10433,#10434,#10435);
#10433 = CARTESIAN_POINT('',(10.,-38.5,33.5));
#10434 = DIRECTION('',(0.,-1.,2.22044604925E-16));
#10435 = DIRECTION('',(1.,0.,0.));
#10436 = DEFINITIONAL_REPRESENTATION('',(#10437),#10441);
#10437 = CIRCLE('',#10438,13.);
#10438 = AXIS2_PLACEMENT_2D('',#10439,#10440);
#10439 = CARTESIAN_POINT('',(0.,0.));
#10440 = DIRECTION('',(1.,0.));
#10441 = ( GEOMETRIC_REPRESENTATION_CONTEXT(2) 
PARAMETRIC_REPRESENTATION_CONTEXT() REPRESENTATION_CONTEXT('2D SPACE',''
  ) );
#10442 = ORIENTED_EDGE('',*,*,#10393,.T.);
#10443 = ADVANCED_FACE('',(#10444,#10447),#10381,.T.);
#10444 = FACE_BOUND('',#10445,.T.);
#10445 = EDGE_LOOP('',(#10446));
#10446 = ORIENTED_EDGE('',*,*,#10359,.T.);
#10447 = FACE_BOUND('',#10448,.T.);
#10448 = EDGE_LOOP('',(#10449));
#10449 = ORIENTED_EDGE('',*,*,#10450,.F.);
#10450 = EDGE_CURVE('',#10451,#10451,#10453,.T.);
#10451 = VERTEX_POINT('',#10452);
#10452 = CARTESIAN_POINT('',(19.8,-42.5,33.5));
#10453 = SURFACE_CURVE('',#10454,(#10459,#10466),.PCURVE_S1.);
#10454 = CIRCLE('',#10455,9.8);
#10455 = AXIS2_PLACEMENT_3D('',#10456,#10457,#10458);
#10456 = CARTESIAN_POINT('',(10.,-42.5,33.5));
#10457 = DIRECTION('',(0.,-1.,2.22044604925E-16));
#10458 = DIRECTION('',(1.,0.,0.));
#10459 = PCURVE('',#10381,#10460);
#10460 = DEFINITIONAL_REPRESENTATION('',(#10461),#10465);
#10461 = CIRCLE('',#10462,9.8);
#10462 = AXIS2_PLACEMENT_2D('',#10463,#10464);
#10463 = CARTESIAN_POINT('',(0.,0.));
#10464 = DIRECTION('',(1.,0.));
#10465 = ( GEOMETRIC_REPRESENTATION_CONTEXT(2) 
PARAMETRIC_REPRESENTATION_CONTEXT() REPRESENTATION_CONTEXT('2D SPACE',''
  ) );
#10466 = PCURVE('',#10467,#10472);
#10467 = CYLINDRICAL_SURFACE('',#10468,9.8);
#10468 = AXIS2_PLACEMENT_3D('',#10469,#10470,#10471);
#10469 = CARTESIAN_POINT('',(10.,-42.5,33.5));
#10470 = DIRECTION('',(0.,-1.,2.22044604925E-16));
#10471 = DIRECTION('',(1.,0.,0.));
#10472 = DEFINITIONAL_REPRESENTATION('',(#10473),#10477);
#10473 = LINE('',#10474,#10475);
#10474 = CARTESIAN_POINT('',(0.,0.));
#10475 = VECTOR('',#10476,1.);
#10476 = DIRECTION('',(1.,0.));
#10477 = ( GEOMETRIC_REPRESENTATION_CONTEXT(2) 
PARAMETRIC_REPRESENTATION_CONTEXT() REPRESENTATION_CONTEXT('2D SPACE',''
  ) );
#10478 = ADVANCED_FACE('',(#10479,#10482),#10431,.F.);
#10479 = FACE_BOUND('',#10480,.F.);
#10480 = EDGE_LOOP('',(#10481));
#10481 = ORIENTED_EDGE('',*,*,#10416,.T.);
#10482 = FACE_BOUND('',#10483,.F.);
#10483 = EDGE_LOOP('',(#10484));
#10484 = ORIENTED_EDGE('',*,*,#10485,.F.);
#10485 = EDGE_CURVE('',#10486,#10486,#10488,.T.);
#10486 = VERTEX_POINT('',#10487);
#10487 = CARTESIAN_POINT('',(19.5,-38.5,33.5));
#10488 = SURFACE_CURVE('',#10489,(#10494,#10501),.PCURVE_S1.);
#10489 = CIRCLE('',#10490,9.5);
#10490 = AXIS2_PLACEMENT_3D('',#10491,#10492,#10493);
#10491 = CARTESIAN_POINT('',(10.,-38.5,33.5));
#10492 = DIRECTION('',(0.,-1.,2.22044604925E-16));
#10493 = DIRECTION('',(1.,0.,0.));
#10494 = PCURVE('',#10431,#10495);
#10495 = DEFINITIONAL_REPRESENTATION('',(#10496),#10500);
#10496 = CIRCLE('',#10497,9.5);
#10497 = AXIS2_PLACEMENT_2D('',#10498,#10499);
#10498 = CARTESIAN_POINT('',(0.,0.));
#10499 = DIRECTION('',(1.,0.));
#10500 = ( GEOMETRIC_REPRESENTATION_CONTEXT(2) 
PARAMETRIC_REPRESENTATION_CONTEXT() REPRESENTATION_CONTEXT('2D SPACE',''
  ) );
#10501 = PCURVE('',#10502,#10507);
#10502 = CYLINDRICAL_SURFACE('',#10503,9.5);
#10503 = AXIS2_PLACEMENT_3D('',#10504,#10505,#10506);
#10504 = CARTESIAN_POINT('',(10.,-28.5,33.5));
#10505 = DIRECTION('',(0.,-1.,2.22044604925E-16));
#10506 = DIRECTION('',(1.,0.,0.));
#10507 = DEFINITIONAL_REPRESENTATION('',(#10508),#10512);
#10508 = LINE('',#10509,#10510);
#10509 = CARTESIAN_POINT('',(0.,10.));
#10510 = VECTOR('',#10511,1.);
#10511 = DIRECTION('',(1.,0.));
#10512 = ( GEOMETRIC_REPRESENTATION_CONTEXT(2) 
PARAMETRIC_REPRESENTATION_CONTEXT() REPRESENTATION_CONTEXT('2D SPACE',''
  ) );
#10513 = ADVANCED_FACE('',(#10514),#10467,.T.);
#10514 = FACE_BOUND('',#10515,.T.);
#10515 = EDGE_LOOP('',(#10516,#10545,#10566,#10567));
#10516 = ORIENTED_EDGE('',*,*,#10517,.F.);
#10517 = EDGE_CURVE('',#10518,#10518,#10520,.T.);
#10518 = VERTEX_POINT('',#10519);
#10519 = CARTESIAN_POINT('',(19.8,-45.,33.5));
#10520 = SURFACE_CURVE('',#10521,(#10526,#10533),.PCURVE_S1.);
#10521 = CIRCLE('',#10522,9.8);
#10522 = AXIS2_PLACEMENT_3D('',#10523,#10524,#10525);
#10523 = CARTESIAN_POINT('',(10.,-45.,33.5));
#10524 = DIRECTION('',(0.,-1.,2.22044604925E-16));
#10525 = DIRECTION('',(1.,0.,0.));
#10526 = PCURVE('',#10467,#10527);
#10527 = DEFINITIONAL_REPRESENTATION('',(#10528),#10532);
#10528 = LINE('',#10529,#10530);
#10529 = CARTESIAN_POINT('',(0.,2.5));
#10530 = VECTOR('',#10531,1.);
#10531 = DIRECTION('',(1.,0.));
#10532 = ( GEOMETRIC_REPRESENTATION_CONTEXT(2) 
PARAMETRIC_REPRESENTATION_CONTEXT() REPRESENTATION_CONTEXT('2D SPACE',''
  ) );
#10533 = PCURVE('',#10534,#10539);
#10534 = PLANE('',#10535);
#10535 = AXIS2_PLACEMENT_3D('',#10536,#10537,#10538);
#10536 = CARTESIAN_POINT('',(10.,-45.,33.5));
#10537 = DIRECTION('',(0.,-1.,2.22044604925E-16));
#10538 = DIRECTION('',(1.,0.,0.));
#10539 = DEFINITIONAL_REPRESENTATION('',(#10540),#10544);
#10540 = CIRCLE('',#10541,9.8);
#10541 = AXIS2_PLACEMENT_2D('',#10542,#10543);
#10542 = CARTESIAN_POINT('',(0.,0.));
#10543 = DIRECTION('',(1.,0.));
#10544 = ( GEOMETRIC_REPRESENTATION_CONTEXT(2) 
PARAMETRIC_REPRESENTATION_CONTEXT() REPRESENTATION_CONTEXT('2D SPACE',''
  ) );
#10545 = ORIENTED_EDGE('',*,*,#10546,.F.);
#10546 = EDGE_CURVE('',#10451,#10518,#10547,.T.);
#10547 = SEAM_CURVE('',#10548,(#10552,#10559),.PCURVE_S1.);
#10548 = LINE('',#10549,#10550);
#10549 = CARTESIAN_POINT('',(19.8,-42.5,33.5));
#10550 = VECTOR('',#10551,1.);
#10551 = DIRECTION('',(0.,-1.,2.22044604925E-16));
#10552 = PCURVE('',#10467,#10553);
#10553 = DEFINITIONAL_REPRESENTATION('',(#10554),#10558);
#10554 = LINE('',#10555,#10556);
#10555 = CARTESIAN_POINT('',(6.28318530718,-0.));
#10556 = VECTOR('',#10557,1.);
#10557 = DIRECTION('',(0.,1.));
#10558 = ( GEOMETRIC_REPRESENTATION_CONTEXT(2) 
PARAMETRIC_REPRESENTATION_CONTEXT() REPRESENTATION_CONTEXT('2D SPACE',''
  ) );
#10559 = PCURVE('',#10467,#10560);
#10560 = DEFINITIONAL_REPRESENTATION('',(#10561),#10565);
#10561 = LINE('',#10562,#10563);
#10562 = CARTESIAN_POINT('',(0.,-0.));
#10563 = VECTOR('',#10564,1.);
#10564 = DIRECTION('',(0.,1.));
#10565 = ( GEOMETRIC_REPRESENTATION_CONTEXT(2) 
PARAMETRIC_REPRESENTATION_CONTEXT() REPRESENTATION_CONTEXT('2D SPACE',''
  ) );
#10566 = ORIENTED_EDGE('',*,*,#10450,.T.);
#10567 = ORIENTED_EDGE('',*,*,#10546,.T.);
#10568 = ADVANCED_FACE('',(#10569),#10502,.T.);
#10569 = FACE_BOUND('',#10570,.T.);
#10570 = EDGE_LOOP('',(#10571,#10572,#10595,#10622));
#10571 = ORIENTED_EDGE('',*,*,#10485,.F.);
#10572 = ORIENTED_EDGE('',*,*,#10573,.F.);
#10573 = EDGE_CURVE('',#10574,#10486,#10576,.T.);
#10574 = VERTEX_POINT('',#10575);
#10575 = CARTESIAN_POINT('',(19.5,-28.5,33.5));
#10576 = SEAM_CURVE('',#10577,(#10581,#10588),.PCURVE_S1.);
#10577 = LINE('',#10578,#10579);
#10578 = CARTESIAN_POINT('',(19.5,-28.5,33.5));
#10579 = VECTOR('',#10580,1.);
#10580 = DIRECTION('',(0.,-1.,2.22044604925E-16));
#10581 = PCURVE('',#10502,#10582);
#10582 = DEFINITIONAL_REPRESENTATION('',(#10583),#10587);
#10583 = LINE('',#10584,#10585);
#10584 = CARTESIAN_POINT('',(6.28318530718,-0.));
#10585 = VECTOR('',#10586,1.);
#10586 = DIRECTION('',(0.,1.));
#10587 = ( GEOMETRIC_REPRESENTATION_CONTEXT(2) 
PARAMETRIC_REPRESENTATION_CONTEXT() REPRESENTATION_CONTEXT('2D SPACE',''
  ) );
#10588 = PCURVE('',#10502,#10589);
#10589 = DEFINITIONAL_REPRESENTATION('',(#10590),#10594);
#10590 = LINE('',#10591,#10592);
#10591 = CARTESIAN_POINT('',(0.,-0.));
#10592 = VECTOR('',#10593,1.);
#10593 = DIRECTION('',(0.,1.));
#10594 = ( GEOMETRIC_REPRESENTATION_CONTEXT(2) 
PARAMETRIC_REPRESENTATION_CONTEXT() REPRESENTATION_CONTEXT('2D SPACE',''
  ) );
#10595 = ORIENTED_EDGE('',*,*,#10596,.T.);
#10596 = EDGE_CURVE('',#10574,#10574,#10597,.T.);
#10597 = SURFACE_CURVE('',#10598,(#10603,#10610),.PCURVE_S1.);
#10598 = CIRCLE('',#10599,9.5);
#10599 = AXIS2_PLACEMENT_3D('',#10600,#10601,#10602);
#10600 = CARTESIAN_POINT('',(10.,-28.5,33.5));
#10601 = DIRECTION('',(0.,-1.,2.22044604925E-16));
#10602 = DIRECTION('',(1.,0.,0.));
#10603 = PCURVE('',#10502,#10604);
#10604 = DEFINITIONAL_REPRESENTATION('',(#10605),#10609);
#10605 = LINE('',#10606,#10607);
#10606 = CARTESIAN_POINT('',(0.,0.));
#10607 = VECTOR('',#10608,1.);
#10608 = DIRECTION('',(1.,0.));
#10609 = ( GEOMETRIC_REPRESENTATION_CONTEXT(2) 
PARAMETRIC_REPRESENTATION_CONTEXT() REPRESENTATION_CONTEXT('2D SPACE',''
  ) );
#10610 = PCURVE('',#10611,#10616);
#10611 = PLANE('',#10612);
#10612 = AXIS2_PLACEMENT_3D('',#10613,#10614,#10615);
#10613 = CARTESIAN_POINT('',(10.,-28.5,33.5));
#10614 = DIRECTION('',(0.,-1.,2.22044604925E-16));
#10615 = DIRECTION('',(1.,0.,0.));
#10616 = DEFINITIONAL_REPRESENTATION('',(#10617),#10621);
#10617 = CIRCLE('',#10618,9.5);
#10618 = AXIS2_PLACEMENT_2D('',#10619,#10620);
#10619 = CARTESIAN_POINT('',(0.,0.));
#10620 = DIRECTION('',(1.,0.));
#10621 = ( GEOMETRIC_REPRESENTATION_CONTEXT(2) 
PARAMETRIC_REPRESENTATION_CONTEXT() REPRESENTATION_CONTEXT('2D SPACE',''
  ) );
#10622 = ORIENTED_EDGE('',*,*,#10573,.T.);
#10623 = ADVANCED_FACE('',(#10624,#10655),#10534,.F.);
#10624 = FACE_BOUND('',#10625,.F.);
#10625 = EDGE_LOOP('',(#10626));
#10626 = ORIENTED_EDGE('',*,*,#10627,.T.);
#10627 = EDGE_CURVE('',#10628,#10628,#10630,.T.);
#10628 = VERTEX_POINT('',#10629);
#10629 = CARTESIAN_POINT('',(24.,-45.,33.5));
#10630 = SURFACE_CURVE('',#10631,(#10636,#10643),.PCURVE_S1.);
#10631 = CIRCLE('',#10632,14.);
#10632 = AXIS2_PLACEMENT_3D('',#10633,#10634,#10635);
#10633 = CARTESIAN_POINT('',(10.,-45.,33.5));
#10634 = DIRECTION('',(0.,-1.,2.22044604925E-16));
#10635 = DIRECTION('',(1.,0.,0.));
#10636 = PCURVE('',#10534,#10637);
#10637 = DEFINITIONAL_REPRESENTATION('',(#10638),#10642);
#10638 = CIRCLE('',#10639,14.);
#10639 = AXIS2_PLACEMENT_2D('',#10640,#10641);
#10640 = CARTESIAN_POINT('',(0.,0.));
#10641 = DIRECTION('',(1.,0.));
#10642 = ( GEOMETRIC_REPRESENTATION_CONTEXT(2) 
PARAMETRIC_REPRESENTATION_CONTEXT() REPRESENTATION_CONTEXT('2D SPACE',''
  ) );
#10643 = PCURVE('',#10644,#10649);
#10644 = CYLINDRICAL_SURFACE('',#10645,14.);
#10645 = AXIS2_PLACEMENT_3D('',#10646,#10647,#10648);
#10646 = CARTESIAN_POINT('',(10.,-45.,33.5));
#10647 = DIRECTION('',(0.,-1.,2.22044604925E-16));
#10648 = DIRECTION('',(1.,0.,0.));
#10649 = DEFINITIONAL_REPRESENTATION('',(#10650),#10654);
#10650 = LINE('',#10651,#10652);
#10651 = CARTESIAN_POINT('',(0.,0.));
#10652 = VECTOR('',#10653,1.);
#10653 = DIRECTION('',(1.,0.));
#10654 = ( GEOMETRIC_REPRESENTATION_CONTEXT(2) 
PARAMETRIC_REPRESENTATION_CONTEXT() REPRESENTATION_CONTEXT('2D SPACE',''
  ) );
#10655 = FACE_BOUND('',#10656,.F.);
#10656 = EDGE_LOOP('',(#10657));
#10657 = ORIENTED_EDGE('',*,*,#10517,.F.);
#10658 = ADVANCED_FACE('',(#10659),#10611,.F.);
#10659 = FACE_BOUND('',#10660,.T.);
#10660 = EDGE_LOOP('',(#10661));
#10661 = ORIENTED_EDGE('',*,*,#10596,.F.);
#10662 = ADVANCED_FACE('',(#10663),#10644,.T.);
#10663 = FACE_BOUND('',#10664,.T.);
#10664 = EDGE_LOOP('',(#10665,#10694,#10715,#10716));
#10665 = ORIENTED_EDGE('',*,*,#10666,.F.);
#10666 = EDGE_CURVE('',#10667,#10667,#10669,.T.);
#10667 = VERTEX_POINT('',#10668);
#10668 = CARTESIAN_POINT('',(24.,-48.,33.5));
#10669 = SURFACE_CURVE('',#10670,(#10675,#10682),.PCURVE_S1.);
#10670 = CIRCLE('',#10671,14.);
#10671 = AXIS2_PLACEMENT_3D('',#10672,#10673,#10674);
#10672 = CARTESIAN_POINT('',(10.,-48.,33.5));
#10673 = DIRECTION('',(0.,-1.,2.22044604925E-16));
#10674 = DIRECTION('',(1.,0.,0.));
#10675 = PCURVE('',#10644,#10676);
#10676 = DEFINITIONAL_REPRESENTATION('',(#10677),#10681);
#10677 = LINE('',#10678,#10679);
#10678 = CARTESIAN_POINT('',(0.,3.));
#10679 = VECTOR('',#10680,1.);
#10680 = DIRECTION('',(1.,0.));
#10681 = ( GEOMETRIC_REPRESENTATION_CONTEXT(2) 
PARAMETRIC_REPRESENTATION_CONTEXT() REPRESENTATION_CONTEXT('2D SPACE',''
  ) );
#10682 = PCURVE('',#10683,#10688);
#10683 = PLANE('',#10684);
#10684 = AXIS2_PLACEMENT_3D('',#10685,#10686,#10687);
#10685 = CARTESIAN_POINT('',(10.,-48.,33.5));
#10686 = DIRECTION('',(0.,-1.,2.22044604925E-16));
#10687 = DIRECTION('',(1.,0.,0.));
#10688 = DEFINITIONAL_REPRESENTATION('',(#10689),#10693);
#10689 = CIRCLE('',#10690,14.);
#10690 = AXIS2_PLACEMENT_2D('',#10691,#10692);
#10691 = CARTESIAN_POINT('',(0.,0.));
#10692 = DIRECTION('',(1.,0.));
#10693 = ( GEOMETRIC_REPRESENTATION_CONTEXT(2) 
PARAMETRIC_REPRESENTATION_CONTEXT() REPRESENTATION_CONTEXT('2D SPACE',''
  ) );
#10694 = ORIENTED_EDGE('',*,*,#10695,.F.);
#10695 = EDGE_CURVE('',#10628,#10667,#10696,.T.);
#10696 = SEAM_CURVE('',#10697,(#10701,#10708),.PCURVE_S1.);
#10697 = LINE('',#10698,#10699);
#10698 = CARTESIAN_POINT('',(24.,-45.,33.5));
#10699 = VECTOR('',#10700,1.);
#10700 = DIRECTION('',(0.,-1.,2.22044604925E-16));
#10701 = PCURVE('',#10644,#10702);
#10702 = DEFINITIONAL_REPRESENTATION('',(#10703),#10707);
#10703 = LINE('',#10704,#10705);
#10704 = CARTESIAN_POINT('',(6.28318530718,-0.));
#10705 = VECTOR('',#10706,1.);
#10706 = DIRECTION('',(0.,1.));
#10707 = ( GEOMETRIC_REPRESENTATION_CONTEXT(2) 
PARAMETRIC_REPRESENTATION_CONTEXT() REPRESENTATION_CONTEXT('2D SPACE',''
  ) );
#10708 = PCURVE('',#10644,#10709);
#10709 = DEFINITIONAL_REPRESENTATION('',(#10710),#10714);
#10710 = LINE('',#10711,#10712);
#10711 = CARTESIAN_POINT('',(0.,-0.));
#10712 = VECTOR('',#10713,1.);
#10713 = DIRECTION('',(0.,1.));
#10714 = ( GEOMETRIC_REPRESENTATION_CONTEXT(2) 
PARAMETRIC_REPRESENTATION_CONTEXT() REPRESENTATION_CONTEXT('2D SPACE',''
  ) );
#10715 = ORIENTED_EDGE('',*,*,#10627,.T.);
#10716 = ORIENTED_EDGE('',*,*,#10695,.T.);
#10717 = ADVANCED_FACE('',(#10718),#10683,.T.);
#10718 = FACE_BOUND('',#10719,.T.);
#10719 = EDGE_LOOP('',(#10720));
#10720 = ORIENTED_EDGE('',*,*,#10666,.T.);
#10721 = MANIFOLD_SOLID_BREP('',#10722);
#10722 = CLOSED_SHELL('',(#10723,#10811,#10846,#10850,#10905,#10940,
    #10995,#11030,#11085));
#10723 = ADVANCED_FACE('',(#10724),#10737,.T.);
#10724 = FACE_BOUND('',#10725,.T.);
#10725 = EDGE_LOOP('',(#10726,#10760,#10783,#10810));
#10726 = ORIENTED_EDGE('',*,*,#10727,.F.);
#10727 = EDGE_CURVE('',#10728,#10728,#10730,.T.);
#10728 = VERTEX_POINT('',#10729);
#10729 = CARTESIAN_POINT('',(-12.,-42.5,33.5));
#10730 = SURFACE_CURVE('',#10731,(#10736,#10748),.PCURVE_S1.);
#10731 = CIRCLE('',#10732,8.);
#10732 = AXIS2_PLACEMENT_3D('',#10733,#10734,#10735);
#10733 = CARTESIAN_POINT('',(-20.,-42.5,33.5));
#10734 = DIRECTION('',(0.,-1.,2.22044604925E-16));
#10735 = DIRECTION('',(1.,0.,0.));
#10736 = PCURVE('',#10737,#10742);
#10737 = CYLINDRICAL_SURFACE('',#10738,8.);
#10738 = AXIS2_PLACEMENT_3D('',#10739,#10740,#10741);
#10739 = CARTESIAN_POINT('',(-20.,-38.5,33.5));
#10740 = DIRECTION('',(0.,-1.,2.22044604925E-16));
#10741 = DIRECTION('',(1.,0.,0.));
#10742 = DEFINITIONAL_REPRESENTATION('',(#10743),#10747);
#10743 = LINE('',#10744,#10745);
#10744 = CARTESIAN_POINT('',(0.,4.));
#10745 = VECTOR('',#10746,1.);
#10746 = DIRECTION('',(1.,0.));
#10747 = ( GEOMETRIC_REPRESENTATION_CONTEXT(2) 
PARAMETRIC_REPRESENTATION_CONTEXT() REPRESENTATION_CONTEXT('2D SPACE',''
  ) );
#10748 = PCURVE('',#10749,#10754);
#10749 = PLANE('',#10750);
#10750 = AXIS2_PLACEMENT_3D('',#10751,#10752,#10753);
#10751 = CARTESIAN_POINT('',(-20.,-42.5,33.5));
#10752 = DIRECTION('',(0.,-1.,2.22044604925E-16));
#10753 = DIRECTION('',(1.,0.,0.));
#10754 = DEFINITIONAL_REPRESENTATION('',(#10755),#10759);
#10755 = CIRCLE('',#10756,8.);
#10756 = AXIS2_PLACEMENT_2D('',#10757,#10758);
#10757 = CARTESIAN_POINT('',(0.,0.));
#10758 = DIRECTION('',(1.,0.));
#10759 = ( GEOMETRIC_REPRESENTATION_CONTEXT(2) 
PARAMETRIC_REPRESENTATION_CONTEXT() REPRESENTATION_CONTEXT('2D SPACE',''
  ) );
#10760 = ORIENTED_EDGE('',*,*,#10761,.F.);
#10761 = EDGE_CURVE('',#10762,#10728,#10764,.T.);
#10762 = VERTEX_POINT('',#10763);
#10763 = CARTESIAN_POINT('',(-12.,-38.5,33.5));
#10764 = SEAM_CURVE('',#10765,(#10769,#10776),.PCURVE_S1.);
#10765 = LINE('',#10766,#10767);
#10766 = CARTESIAN_POINT('',(-12.,-38.5,33.5));
#10767 = VECTOR('',#10768,1.);
#10768 = DIRECTION('',(0.,-1.,2.22044604925E-16));
#10769 = PCURVE('',#10737,#10770);
#10770 = DEFINITIONAL_REPRESENTATION('',(#10771),#10775);
#10771 = LINE('',#10772,#10773);
#10772 = CARTESIAN_POINT('',(6.28318530718,-0.));
#10773 = VECTOR('',#10774,1.);
#10774 = DIRECTION('',(0.,1.));
#10775 = ( GEOMETRIC_REPRESENTATION_CONTEXT(2) 
PARAMETRIC_REPRESENTATION_CONTEXT() REPRESENTATION_CONTEXT('2D SPACE',''
  ) );
#10776 = PCURVE('',#10737,#10777);
#10777 = DEFINITIONAL_REPRESENTATION('',(#10778),#10782);
#10778 = LINE('',#10779,#10780);
#10779 = CARTESIAN_POINT('',(0.,-0.));
#10780 = VECTOR('',#10781,1.);
#10781 = DIRECTION('',(0.,1.));
#10782 = ( GEOMETRIC_REPRESENTATION_CONTEXT(2) 
PARAMETRIC_REPRESENTATION_CONTEXT() REPRESENTATION_CONTEXT('2D SPACE',''
  ) );
#10783 = ORIENTED_EDGE('',*,*,#10784,.T.);
#10784 = EDGE_CURVE('',#10762,#10762,#10785,.T.);
#10785 = SURFACE_CURVE('',#10786,(#10791,#10798),.PCURVE_S1.);
#10786 = CIRCLE('',#10787,8.);
#10787 = AXIS2_PLACEMENT_3D('',#10788,#10789,#10790);
#10788 = CARTESIAN_POINT('',(-20.,-38.5,33.5));
#10789 = DIRECTION('',(0.,-1.,2.22044604925E-16));
#10790 = DIRECTION('',(1.,0.,0.));
#10791 = PCURVE('',#10737,#10792);
#10792 = DEFINITIONAL_REPRESENTATION('',(#10793),#10797);
#10793 = LINE('',#10794,#10795);
#10794 = CARTESIAN_POINT('',(0.,0.));
#10795 = VECTOR('',#10796,1.);
#10796 = DIRECTION('',(1.,0.));
#10797 = ( GEOMETRIC_REPRESENTATION_CONTEXT(2) 
PARAMETRIC_REPRESENTATION_CONTEXT() REPRESENTATION_CONTEXT('2D SPACE',''
  ) );
#10798 = PCURVE('',#10799,#10804);
#10799 = PLANE('',#10800);
#10800 = AXIS2_PLACEMENT_3D('',#10801,#10802,#10803);
#10801 = CARTESIAN_POINT('',(-20.,-38.5,33.5));
#10802 = DIRECTION('',(0.,-1.,2.22044604925E-16));
#10803 = DIRECTION('',(1.,0.,0.));
#10804 = DEFINITIONAL_REPRESENTATION('',(#10805),#10809);
#10805 = CIRCLE('',#10806,8.);
#10806 = AXIS2_PLACEMENT_2D('',#10807,#10808);
#10807 = CARTESIAN_POINT('',(0.,0.));
#10808 = DIRECTION('',(1.,0.));
#10809 = ( GEOMETRIC_REPRESENTATION_CONTEXT(2) 
PARAMETRIC_REPRESENTATION_CONTEXT() REPRESENTATION_CONTEXT('2D SPACE',''
  ) );
#10810 = ORIENTED_EDGE('',*,*,#10761,.T.);
#10811 = ADVANCED_FACE('',(#10812,#10815),#10749,.T.);
#10812 = FACE_BOUND('',#10813,.T.);
#10813 = EDGE_LOOP('',(#10814));
#10814 = ORIENTED_EDGE('',*,*,#10727,.T.);
#10815 = FACE_BOUND('',#10816,.T.);
#10816 = EDGE_LOOP('',(#10817));
#10817 = ORIENTED_EDGE('',*,*,#10818,.F.);
#10818 = EDGE_CURVE('',#10819,#10819,#10821,.T.);
#10819 = VERTEX_POINT('',#10820);
#10820 = CARTESIAN_POINT('',(-14.1,-42.5,33.5));
#10821 = SURFACE_CURVE('',#10822,(#10827,#10834),.PCURVE_S1.);
#10822 = CIRCLE('',#10823,5.9);
#10823 = AXIS2_PLACEMENT_3D('',#10824,#10825,#10826);
#10824 = CARTESIAN_POINT('',(-20.,-42.5,33.5));
#10825 = DIRECTION('',(0.,-1.,2.22044604925E-16));
#10826 = DIRECTION('',(1.,0.,0.));
#10827 = PCURVE('',#10749,#10828);
#10828 = DEFINITIONAL_REPRESENTATION('',(#10829),#10833);
#10829 = CIRCLE('',#10830,5.9);
#10830 = AXIS2_PLACEMENT_2D('',#10831,#10832);
#10831 = CARTESIAN_POINT('',(0.,0.));
#10832 = DIRECTION('',(1.,0.));
#10833 = ( GEOMETRIC_REPRESENTATION_CONTEXT(2) 
PARAMETRIC_REPRESENTATION_CONTEXT() REPRESENTATION_CONTEXT('2D SPACE',''
  ) );
#10834 = PCURVE('',#10835,#10840);
#10835 = CYLINDRICAL_SURFACE('',#10836,5.9);
#10836 = AXIS2_PLACEMENT_3D('',#10837,#10838,#10839);
#10837 = CARTESIAN_POINT('',(-20.,-42.5,33.5));
#10838 = DIRECTION('',(0.,-1.,2.22044604925E-16));
#10839 = DIRECTION('',(1.,0.,0.));
#10840 = DEFINITIONAL_REPRESENTATION('',(#10841),#10845);
#10841 = LINE('',#10842,#10843);
#10842 = CARTESIAN_POINT('',(0.,0.));
#10843 = VECTOR('',#10844,1.);
#10844 = DIRECTION('',(1.,0.));
#10845 = ( GEOMETRIC_REPRESENTATION_CONTEXT(2) 
PARAMETRIC_REPRESENTATION_CONTEXT() REPRESENTATION_CONTEXT('2D SPACE',''
  ) );
#10846 = ADVANCED_FACE('',(#10847),#10799,.F.);
#10847 = FACE_BOUND('',#10848,.T.);
#10848 = EDGE_LOOP('',(#10849));
#10849 = ORIENTED_EDGE('',*,*,#10784,.F.);
#10850 = ADVANCED_FACE('',(#10851),#10835,.T.);
#10851 = FACE_BOUND('',#10852,.T.);
#10852 = EDGE_LOOP('',(#10853,#10882,#10903,#10904));
#10853 = ORIENTED_EDGE('',*,*,#10854,.F.);
#10854 = EDGE_CURVE('',#10855,#10855,#10857,.T.);
#10855 = VERTEX_POINT('',#10856);
#10856 = CARTESIAN_POINT('',(-14.1,-45.,33.5));
#10857 = SURFACE_CURVE('',#10858,(#10863,#10870),.PCURVE_S1.);
#10858 = CIRCLE('',#10859,5.9);
#10859 = AXIS2_PLACEMENT_3D('',#10860,#10861,#10862);
#10860 = CARTESIAN_POINT('',(-20.,-45.,33.5));
#10861 = DIRECTION('',(0.,-1.,2.22044604925E-16));
#10862 = DIRECTION('',(1.,0.,0.));
#10863 = PCURVE('',#10835,#10864);
#10864 = DEFINITIONAL_REPRESENTATION('',(#10865),#10869);
#10865 = LINE('',#10866,#10867);
#10866 = CARTESIAN_POINT('',(0.,2.5));
#10867 = VECTOR('',#10868,1.);
#10868 = DIRECTION('',(1.,0.));
#10869 = ( GEOMETRIC_REPRESENTATION_CONTEXT(2) 
PARAMETRIC_REPRESENTATION_CONTEXT() REPRESENTATION_CONTEXT('2D SPACE',''
  ) );
#10870 = PCURVE('',#10871,#10876);
#10871 = PLANE('',#10872);
#10872 = AXIS2_PLACEMENT_3D('',#10873,#10874,#10875);
#10873 = CARTESIAN_POINT('',(-20.,-45.,33.5));
#10874 = DIRECTION('',(0.,-1.,2.22044604925E-16));
#10875 = DIRECTION('',(1.,0.,0.));
#10876 = DEFINITIONAL_REPRESENTATION('',(#10877),#10881);
#10877 = CIRCLE('',#10878,5.9);
#10878 = AXIS2_PLACEMENT_2D('',#10879,#10880);
#10879 = CARTESIAN_POINT('',(0.,0.));
#10880 = DIRECTION('',(1.,0.));
#10881 = ( GEOMETRIC_REPRESENTATION_CONTEXT(2) 
PARAMETRIC_REPRESENTATION_CONTEXT() REPRESENTATION_CONTEXT('2D SPACE',''
  ) );
#10882 = ORIENTED_EDGE('',*,*,#10883,.F.);
#10883 = EDGE_CURVE('',#10819,#10855,#10884,.T.);
#10884 = SEAM_CURVE('',#10885,(#10889,#10896),.PCURVE_S1.);
#10885 = LINE('',#10886,#10887);
#10886 = CARTESIAN_POINT('',(-14.1,-42.5,33.5));
#10887 = VECTOR('',#10888,1.);
#10888 = DIRECTION('',(0.,-1.,2.22044604925E-16));
#10889 = PCURVE('',#10835,#10890);
#10890 = DEFINITIONAL_REPRESENTATION('',(#10891),#10895);
#10891 = LINE('',#10892,#10893);
#10892 = CARTESIAN_POINT('',(6.28318530718,-0.));
#10893 = VECTOR('',#10894,1.);
#10894 = DIRECTION('',(0.,1.));
#10895 = ( GEOMETRIC_REPRESENTATION_CONTEXT(2) 
PARAMETRIC_REPRESENTATION_CONTEXT() REPRESENTATION_CONTEXT('2D SPACE',''
  ) );
#10896 = PCURVE('',#10835,#10897);
#10897 = DEFINITIONAL_REPRESENTATION('',(#10898),#10902);
#10898 = LINE('',#10899,#10900);
#10899 = CARTESIAN_POINT('',(0.,-0.));
#10900 = VECTOR('',#10901,1.);
#10901 = DIRECTION('',(0.,1.));
#10902 = ( GEOMETRIC_REPRESENTATION_CONTEXT(2) 
PARAMETRIC_REPRESENTATION_CONTEXT() REPRESENTATION_CONTEXT('2D SPACE',''
  ) );
#10903 = ORIENTED_EDGE('',*,*,#10818,.T.);
#10904 = ORIENTED_EDGE('',*,*,#10883,.T.);
#10905 = ADVANCED_FACE('',(#10906,#10937),#10871,.F.);
#10906 = FACE_BOUND('',#10907,.F.);
#10907 = EDGE_LOOP('',(#10908));
#10908 = ORIENTED_EDGE('',*,*,#10909,.T.);
#10909 = EDGE_CURVE('',#10910,#10910,#10912,.T.);
#10910 = VERTEX_POINT('',#10911);
#10911 = CARTESIAN_POINT('',(-12.5,-45.,33.5));
#10912 = SURFACE_CURVE('',#10913,(#10918,#10925),.PCURVE_S1.);
#10913 = CIRCLE('',#10914,7.5);
#10914 = AXIS2_PLACEMENT_3D('',#10915,#10916,#10917);
#10915 = CARTESIAN_POINT('',(-20.,-45.,33.5));
#10916 = DIRECTION('',(0.,-1.,2.22044604925E-16));
#10917 = DIRECTION('',(1.,0.,0.));
#10918 = PCURVE('',#10871,#10919);
#10919 = DEFINITIONAL_REPRESENTATION('',(#10920),#10924);
#10920 = CIRCLE('',#10921,7.5);
#10921 = AXIS2_PLACEMENT_2D('',#10922,#10923);
#10922 = CARTESIAN_POINT('',(0.,0.));
#10923 = DIRECTION('',(1.,0.));
#10924 = ( GEOMETRIC_REPRESENTATION_CONTEXT(2) 
PARAMETRIC_REPRESENTATION_CONTEXT() REPRESENTATION_CONTEXT('2D SPACE',''
  ) );
#10925 = PCURVE('',#10926,#10931);
#10926 = CYLINDRICAL_SURFACE('',#10927,7.5);
#10927 = AXIS2_PLACEMENT_3D('',#10928,#10929,#10930);
#10928 = CARTESIAN_POINT('',(-20.,-45.,33.5));
#10929 = DIRECTION('',(0.,-1.,2.22044604925E-16));
#10930 = DIRECTION('',(1.,0.,0.));
#10931 = DEFINITIONAL_REPRESENTATION('',(#10932),#10936);
#10932 = LINE('',#10933,#10934);
#10933 = CARTESIAN_POINT('',(0.,0.));
#10934 = VECTOR('',#10935,1.);
#10935 = DIRECTION('',(1.,0.));
#10936 = ( GEOMETRIC_REPRESENTATION_CONTEXT(2) 
PARAMETRIC_REPRESENTATION_CONTEXT() REPRESENTATION_CONTEXT('2D SPACE',''
  ) );
#10937 = FACE_BOUND('',#10938,.F.);
#10938 = EDGE_LOOP('',(#10939));
#10939 = ORIENTED_EDGE('',*,*,#10854,.F.);
#10940 = ADVANCED_FACE('',(#10941),#10926,.T.);
#10941 = FACE_BOUND('',#10942,.T.);
#10942 = EDGE_LOOP('',(#10943,#10972,#10993,#10994));
#10943 = ORIENTED_EDGE('',*,*,#10944,.F.);
#10944 = EDGE_CURVE('',#10945,#10945,#10947,.T.);
#10945 = VERTEX_POINT('',#10946);
#10946 = CARTESIAN_POINT('',(-12.5,-49.,33.5));
#10947 = SURFACE_CURVE('',#10948,(#10953,#10960),.PCURVE_S1.);
#10948 = CIRCLE('',#10949,7.5);
#10949 = AXIS2_PLACEMENT_3D('',#10950,#10951,#10952);
#10950 = CARTESIAN_POINT('',(-20.,-49.,33.5));
#10951 = DIRECTION('',(0.,-1.,2.22044604925E-16));
#10952 = DIRECTION('',(1.,0.,0.));
#10953 = PCURVE('',#10926,#10954);
#10954 = DEFINITIONAL_REPRESENTATION('',(#10955),#10959);
#10955 = LINE('',#10956,#10957);
#10956 = CARTESIAN_POINT('',(0.,4.));
#10957 = VECTOR('',#10958,1.);
#10958 = DIRECTION('',(1.,0.));
#10959 = ( GEOMETRIC_REPRESENTATION_CONTEXT(2) 
PARAMETRIC_REPRESENTATION_CONTEXT() REPRESENTATION_CONTEXT('2D SPACE',''
  ) );
#10960 = PCURVE('',#10961,#10966);
#10961 = PLANE('',#10962);
#10962 = AXIS2_PLACEMENT_3D('',#10963,#10964,#10965);
#10963 = CARTESIAN_POINT('',(-20.,-49.,33.5));
#10964 = DIRECTION('',(0.,-1.,2.22044604925E-16));
#10965 = DIRECTION('',(1.,0.,0.));
#10966 = DEFINITIONAL_REPRESENTATION('',(#10967),#10971);
#10967 = CIRCLE('',#10968,7.5);
#10968 = AXIS2_PLACEMENT_2D('',#10969,#10970);
#10969 = CARTESIAN_POINT('',(0.,0.));
#10970 = DIRECTION('',(1.,0.));
#10971 = ( GEOMETRIC_REPRESENTATION_CONTEXT(2) 
PARAMETRIC_REPRESENTATION_CONTEXT() REPRESENTATION_CONTEXT('2D SPACE',''
  ) );
#10972 = ORIENTED_EDGE('',*,*,#10973,.F.);
#10973 = EDGE_CURVE('',#10910,#10945,#10974,.T.);
#10974 = SEAM_CURVE('',#10975,(#10979,#10986),.PCURVE_S1.);
#10975 = LINE('',#10976,#10977);
#10976 = CARTESIAN_POINT('',(-12.5,-45.,33.5));
#10977 = VECTOR('',#10978,1.);
#10978 = DIRECTION('',(0.,-1.,2.22044604925E-16));
#10979 = PCURVE('',#10926,#10980);
#10980 = DEFINITIONAL_REPRESENTATION('',(#10981),#10985);
#10981 = LINE('',#10982,#10983);
#10982 = CARTESIAN_POINT('',(6.28318530718,-0.));
#10983 = VECTOR('',#10984,1.);
#10984 = DIRECTION('',(0.,1.));
#10985 = ( GEOMETRIC_REPRESENTATION_CONTEXT(2) 
PARAMETRIC_REPRESENTATION_CONTEXT() REPRESENTATION_CONTEXT('2D SPACE',''
  ) );
#10986 = PCURVE('',#10926,#10987);
#10987 = DEFINITIONAL_REPRESENTATION('',(#10988),#10992);
#10988 = LINE('',#10989,#10990);
#10989 = CARTESIAN_POINT('',(0.,-0.));
#10990 = VECTOR('',#10991,1.);
#10991 = DIRECTION('',(0.,1.));
#10992 = ( GEOMETRIC_REPRESENTATION_CONTEXT(2) 
PARAMETRIC_REPRESENTATION_CONTEXT() REPRESENTATION_CONTEXT('2D SPACE',''
  ) );
#10993 = ORIENTED_EDGE('',*,*,#10909,.T.);
#10994 = ORIENTED_EDGE('',*,*,#10973,.T.);
#10995 = ADVANCED_FACE('',(#10996,#10999),#10961,.T.);
#10996 = FACE_BOUND('',#10997,.T.);
#10997 = EDGE_LOOP('',(#10998));
#10998 = ORIENTED_EDGE('',*,*,#10944,.T.);
#10999 = FACE_BOUND('',#11000,.T.);
#11000 = EDGE_LOOP('',(#11001));
#11001 = ORIENTED_EDGE('',*,*,#11002,.F.);
#11002 = EDGE_CURVE('',#11003,#11003,#11005,.T.);
#11003 = VERTEX_POINT('',#11004);
#11004 = CARTESIAN_POINT('',(-14.5,-49.,33.5));
#11005 = SURFACE_CURVE('',#11006,(#11011,#11018),.PCURVE_S1.);
#11006 = CIRCLE('',#11007,5.5);
#11007 = AXIS2_PLACEMENT_3D('',#11008,#11009,#11010);
#11008 = CARTESIAN_POINT('',(-20.,-49.,33.5));
#11009 = DIRECTION('',(0.,-1.,2.22044604925E-16));
#11010 = DIRECTION('',(1.,0.,0.));
#11011 = PCURVE('',#10961,#11012);
#11012 = DEFINITIONAL_REPRESENTATION('',(#11013),#11017);
#11013 = CIRCLE('',#11014,5.5);
#11014 = AXIS2_PLACEMENT_2D('',#11015,#11016);
#11015 = CARTESIAN_POINT('',(0.,-7.105427357601E-15));
#11016 = DIRECTION('',(1.,0.));
#11017 = ( GEOMETRIC_REPRESENTATION_CONTEXT(2) 
PARAMETRIC_REPRESENTATION_CONTEXT() REPRESENTATION_CONTEXT('2D SPACE',''
  ) );
#11018 = PCURVE('',#11019,#11024);
#11019 = CYLINDRICAL_SURFACE('',#11020,5.5);
#11020 = AXIS2_PLACEMENT_3D('',#11021,#11022,#11023);
#11021 = CARTESIAN_POINT('',(-20.,-49.,33.5));
#11022 = DIRECTION('',(0.,-1.,2.22044604925E-16));
#11023 = DIRECTION('',(1.,0.,0.));
#11024 = DEFINITIONAL_REPRESENTATION('',(#11025),#11029);
#11025 = LINE('',#11026,#11027);
#11026 = CARTESIAN_POINT('',(0.,0.));
#11027 = VECTOR('',#11028,1.);
#11028 = DIRECTION('',(1.,0.));
#11029 = ( GEOMETRIC_REPRESENTATION_CONTEXT(2) 
PARAMETRIC_REPRESENTATION_CONTEXT() REPRESENTATION_CONTEXT('2D SPACE',''
  ) );
#11030 = ADVANCED_FACE('',(#11031),#11019,.T.);
#11031 = FACE_BOUND('',#11032,.T.);
#11032 = EDGE_LOOP('',(#11033,#11062,#11083,#11084));
#11033 = ORIENTED_EDGE('',*,*,#11034,.F.);
#11034 = EDGE_CURVE('',#11035,#11035,#11037,.T.);
#11035 = VERTEX_POINT('',#11036);
#11036 = CARTESIAN_POINT('',(-14.5,-59.,33.5));
#11037 = SURFACE_CURVE('',#11038,(#11043,#11050),.PCURVE_S1.);
#11038 = CIRCLE('',#11039,5.5);
#11039 = AXIS2_PLACEMENT_3D('',#11040,#11041,#11042);
#11040 = CARTESIAN_POINT('',(-20.,-59.,33.5));
#11041 = DIRECTION('',(0.,-1.,2.22044604925E-16));
#11042 = DIRECTION('',(1.,0.,0.));
#11043 = PCURVE('',#11019,#11044);
#11044 = DEFINITIONAL_REPRESENTATION('',(#11045),#11049);
#11045 = LINE('',#11046,#11047);
#11046 = CARTESIAN_POINT('',(0.,10.));
#11047 = VECTOR('',#11048,1.);
#11048 = DIRECTION('',(1.,0.));
#11049 = ( GEOMETRIC_REPRESENTATION_CONTEXT(2) 
PARAMETRIC_REPRESENTATION_CONTEXT() REPRESENTATION_CONTEXT('2D SPACE',''
  ) );
#11050 = PCURVE('',#11051,#11056);
#11051 = PLANE('',#11052);
#11052 = AXIS2_PLACEMENT_3D('',#11053,#11054,#11055);
#11053 = CARTESIAN_POINT('',(-20.,-59.,33.5));
#11054 = DIRECTION('',(0.,-1.,2.22044604925E-16));
#11055 = DIRECTION('',(1.,0.,0.));
#11056 = DEFINITIONAL_REPRESENTATION('',(#11057),#11061);
#11057 = CIRCLE('',#11058,5.5);
#11058 = AXIS2_PLACEMENT_2D('',#11059,#11060);
#11059 = CARTESIAN_POINT('',(0.,0.));
#11060 = DIRECTION('',(1.,0.));
#11061 = ( GEOMETRIC_REPRESENTATION_CONTEXT(2) 
PARAMETRIC_REPRESENTATION_CONTEXT() REPRESENTATION_CONTEXT('2D SPACE',''
  ) );
#11062 = ORIENTED_EDGE('',*,*,#11063,.F.);
#11063 = EDGE_CURVE('',#11003,#11035,#11064,.T.);
#11064 = SEAM_CURVE('',#11065,(#11069,#11076),.PCURVE_S1.);
#11065 = LINE('',#11066,#11067);
#11066 = CARTESIAN_POINT('',(-14.5,-49.,33.5));
#11067 = VECTOR('',#11068,1.);
#11068 = DIRECTION('',(0.,-1.,2.22044604925E-16));
#11069 = PCURVE('',#11019,#11070);
#11070 = DEFINITIONAL_REPRESENTATION('',(#11071),#11075);
#11071 = LINE('',#11072,#11073);
#11072 = CARTESIAN_POINT('',(6.28318530718,-0.));
#11073 = VECTOR('',#11074,1.);
#11074 = DIRECTION('',(0.,1.));
#11075 = ( GEOMETRIC_REPRESENTATION_CONTEXT(2) 
PARAMETRIC_REPRESENTATION_CONTEXT() REPRESENTATION_CONTEXT('2D SPACE',''
  ) );
#11076 = PCURVE('',#11019,#11077);
#11077 = DEFINITIONAL_REPRESENTATION('',(#11078),#11082);
#11078 = LINE('',#11079,#11080);
#11079 = CARTESIAN_POINT('',(0.,-0.));
#11080 = VECTOR('',#11081,1.);
#11081 = DIRECTION('',(0.,1.));
#11082 = ( GEOMETRIC_REPRESENTATION_CONTEXT(2) 
PARAMETRIC_REPRESENTATION_CONTEXT() REPRESENTATION_CONTEXT('2D SPACE',''
  ) );
#11083 = ORIENTED_EDGE('',*,*,#11002,.T.);
#11084 = ORIENTED_EDGE('',*,*,#11063,.T.);
#11085 = ADVANCED_FACE('',(#11086),#11051,.T.);
#11086 = FACE_BOUND('',#11087,.T.);
#11087 = EDGE_LOOP('',(#11088));
#11088 = ORIENTED_EDGE('',*,*,#11034,.T.);
#11089 = ( GEOMETRIC_REPRESENTATION_CONTEXT(3) 
GLOBAL_UNCERTAINTY_ASSIGNED_CONTEXT((#11093)) 
GLOBAL_UNIT_ASSIGNED_CONTEXT((#11090,#11091,#11092)) 
REPRESENTATION_CONTEXT('Context #1',
  '3D Context with UNIT and UNCERTAINTY') );
#11090 = ( LENGTH_UNIT() NAMED_UNIT(*) SI_UNIT(.MILLI.,.METRE.) );
#11091 = ( NAMED_UNIT(*) PLANE_ANGLE_UNIT() SI_UNIT($,.RADIAN.) );
#11092 = ( NAMED_UNIT(*) SI_UNIT($,.STERADIAN.) SOLID_ANGLE_UNIT() );
#11093 = UNCERTAINTY_MEASURE_WITH_UNIT(LENGTH_MEASURE(1.E-07),#11090,
  'distance_accuracy_value','confusion accuracy');
#11094 = CONTEXT_DEPENDENT_SHAPE_REPRESENTATION(#11095,#11097);
#11095 = ( REPRESENTATION_RELATIONSHIP('','',#10352,#10) 
REPRESENTATION_RELATIONSHIP_WITH_TRANSFORMATION(#11096) 
SHAPE_REPRESENTATION_RELATIONSHIP() );
#11096 = ITEM_DEFINED_TRANSFORMATION('','',#11,#47);
#11097 = PRODUCT_DEFINITION_SHAPE('Placement','Placement of an item',
  #11098);
#11098 = NEXT_ASSEMBLY_USAGE_OCCURRENCE('31','=>[0:1:1:10]','',#5,#10347
  ,$);
#11099 = PRODUCT_RELATED_PRODUCT_CATEGORY('part',$,(#10349));
ENDSEC;
END-ISO-10303-21;
